loss,r2,loss_test,r2_test
160580192.0,0.9424058101666557,1146853.625,0.9278564262558578
82646280.0,0.9662258633070813,602673.875,0.9620884070102448
56452844.0,0.9742602989736463,445334.96875,0.971985911330386
56328532.0,0.9766800922598253,460971.71875,0.971002271335312
