loss,r2,loss_test,r2_test
42522196.0,0.9725112534678233,829591.75,0.9478139802368145
