loss,r2,loss_test,r2_test
85828080.0,0.9284708189309813,1348875.5,0.9151481076207675
83169328.0,0.9291722490333034,1292993.0,0.9186634261167304
54711084.0,0.923726367309776,900086.8125,0.9433794510493089
31751714.0,0.9430920608233102,662154.5,0.9583467404598006
