loss,r2,loss_test,r2_test
77626008.0,0.932019774787881,1252211.75,0.9212287961513055
58651068.0,0.9494655904512864,1145590.0,0.927935916784527
52014792.0,0.9475269776416193,1079109.625,0.9321179065634287
35066796.0,0.981354804371325,723585.25,0.9544823963817529
26343922.0,0.9907611264584947,589214.125,0.9629350962461886
