loss,r2,loss_test,r2_test
72558272.0,0.9188364457706482,1444110.75,0.9091572704447266
61231268.0,0.9437876364813292,1232517.375,0.9224676837546404
50443032.0,0.9521211704722341,1046644.0,0.934160169809415
46063536.0,0.9664082371843623,947568.75,0.9403925667901436
