loss,r2,loss_test,r2_test
39473740.0,0.962731537676077,678087.125,0.9573444870394645
40104560.0,0.9852987130420073,680831.0,0.9571718827688811
