loss,r2,loss_test,r2_test
65729592.0,0.9064375947564028,1178487.375,0.9258664823630745
32175644.0,0.9582787502531159,626443.1875,0.9605931831245559
