loss,r2,loss_test,r2_test
156964352.0,0.9389786352768843,1343733.0,0.9154716010118583
157697392.0,0.9443250344873614,1352482.0,0.91492123341366
