loss,r2,loss_test,r2_test
5135271.0,0.9576456765739667,1268626.875,0.9201961921117316
4862264.5,0.9639373798319729,1183958.875,0.9255222915625263
4669799.0,0.9648029988340937,1145835.375,0.9279204773208448
4323788.0,0.9696900478837789,1068441.75,0.9327889699659616
3813687.5,0.9747077926624469,939959.6875,0.9408712247943964
1984264.25,0.9873455695847493,692239.0,0.9564542493768485
1132615.375,0.986628692533289,635768.9375,0.9600065391022246
789147.5625,0.9890508704899166,630165.875,0.9603590007406586
645811.375,0.9908970450201972,553263.375,0.9651966075257958
