loss,r2,loss_test,r2_test
19119150.0,0.8431983764216249,1370740.625,0.9137726663876994
20483706.0,0.7251471070238116,1502396.375,0.9054907659026097
17756396.0,0.8329267629235244,1270432.875,0.9200825877520302
17417258.0,0.8392630444193152,1248897.125,0.9214373131071119
