loss,r2,loss_test,r2_test
147911904.0,0.1540518974697963,12600615.0,0.2073500304574153
15005087.0,0.9037325979478265,1353368.625,0.9148654626380347
14263782.0,0.9151599412126306,1340138.5,0.9156977065070266
13683978.0,0.9175788922462605,1304618.0,0.9179321566017984
