loss,r2,loss_test,r2_test
145974032.0,0.2703925458791643,12203808.0,0.23231146071753572
52012592.0,0.8857393532525532,3290858.75,0.7929863630243192
47122140.0,0.9128247014327875,2335549.25,0.853080746909683
45989300.0,0.9252959419804346,2144536.75,0.8650965175677731
45705208.0,0.9265905103106338,2134369.0,0.8657361172352709
