loss,r2,loss_test,r2_test
27405778.0,0.8498290130918209,2326511.0,0.8536493143225482
17241726.0,0.9370273863346653,1432019.25,0.909917894717246
16686587.0,0.9559214283628265,1382734.875,0.9130181544674967
14812156.0,0.9637166572077382,1224668.25,0.9229614357749432
