loss,r2,loss_test,r2_test
16149909.0,0.8988841967242139,1533942.25,0.9035063615521378
14043581.0,0.9447527250257229,1265724.5,0.9203787758667745
13803544.0,0.9370217782938713,1278093.0,0.9196007174956901
14498653.0,0.9158629025425721,1389454.875,0.9125954244251141
