loss,r2,loss_test,r2_test
160254400.0,0.1194959683916319,12907703.0,0.18803249394432675
28016420.0,0.8277326408381502,2175735.5,0.8631339257255236
16551438.0,0.9001290443384997,1290369.375,0.918828476123863
16009802.0,0.907719536139463,1251612.25,0.9212665167308155
