loss,r2,loss_test,r2_test
162218096.0,0.10895627950006959,13353045.0,0.1600179351360449
28938902.0,0.8702645032152717,2309179.5,0.8547395350509578
17853026.0,0.9258736015190107,1392068.25,0.9124310394983768
15756401.0,0.9423044358450167,1241922.625,0.921876041754596
15784223.0,0.9407971597532678,1242045.5,0.9218683107885328
15800952.0,0.9473569155379472,1269232.875,0.9201580819424076
