loss,r2,loss_test,r2_test
146434160.0,0.22928452662136867,12603149.0,0.20719061210900624
15873954.0,0.9726170267981062,1325784.375,0.9166006718486654
15192389.0,0.9758166375781392,1262450.0,0.9205847519310275
15291613.0,0.9732668310062281,1268101.875,0.9202292166807213
14756910.0,0.9770250964723499,1222395.125,0.9231044373164962
