loss,r2,loss_test,r2_test
76891552.0,0.8955015346174338,1251032.375,0.9213029908480427
31416030.0,0.9689199309178029,679820.75,0.95723542803907
27829066.0,0.9737466761553161,631587.1875,0.9602695933011182
26561996.0,0.9707631446505758,571631.375,0.9640411516686758
