loss,r2,loss_test,r2_test
23007758.0,0.9755644577473682,504432.5625,0.968268341955977
21621242.0,0.9710600394156471,508752.40625,0.9679965963987471
19265062.0,0.9759255742269737,476187.625,0.9700451089800275
