loss,r2,loss_test,r2_test
53929972.0,0.9431702164872778,1282216.25,0.9193413496754448
42076688.0,0.9792456664299299,956277.3125,0.9398447465374921
19720688.0,0.9814770414567661,508801.75,0.967993493551675
