loss,r2,loss_test,r2_test
23672306.0,0.9778852199370256,626001.4375,0.9606209669953135
21680268.0,0.9802223925728001,592140.75,0.9627510024236888
