loss,r2,loss_test,r2_test
36077900.0,0.9728024739331965,727001.9375,0.954267465330447
28067902.0,0.9644668958532869,688957.8125,0.9566606579641972
28278448.0,0.9718415725426027,709820.875,0.9553482533547593
