loss,r2,loss_test,r2_test
77233328.0,0.955527638460608,1351270.625,0.9149974398665307
26140182.0,0.9761295446265836,653543.4375,0.9588884252992758
20362492.0,0.98110380973827,576222.875,0.963752323689824
