loss,r2,loss_test,r2_test
57462724.0,0.969724510250978,1302637.875,0.9180567102123991
47470724.0,0.9599057113664772,1130208.375,0.9289035039616338
26543306.0,0.9850215159467902,662512.6875,0.9583242043637702
22979568.0,0.9737532270460969,566843.8125,0.9643423193280383
