loss,r2,loss_test,r2_test
36816744.0,0.9343583046433391,1351060.875,0.9150106254962791
34695244.0,0.9289422505443399,1292319.0,0.9187058240804556
32468906.0,0.9293120298052989,1262786.5,0.9205635887965773
32822714.0,0.9354628766269177,1267272.25,0.9202814135682577
30613274.0,0.9309885754668314,1195584.5,0.9247909686917842
28183716.0,0.9398991949756761,1142500.125,0.9281302761563627
27043724.0,0.9337134115289308,1137593.25,0.9284389586839643
25433496.0,0.9336125292471403,1116976.5,0.9297358608632597
24144340.0,0.9329151420677169,1115200.875,0.9298475602254517
