loss,r2,loss_test,r2_test
33343422.0,0.9402144743928226,1330784.25,0.9162861421819428
32344460.0,0.9433799974685164,1257363.0,0.9209047591846385
31608930.0,0.9445021005402546,1220103.75,0.9232485776891265
31006424.0,0.947193125198665,1201321.0,0.9244301134095224
30133464.0,0.9483000356499052,1183963.875,0.925521975982471
30788854.0,0.9511351575065827,1170808.875,0.9263494943285611
29207890.0,0.9514759326259156,1121363.125,0.9294599183263194
29444290.0,0.9479896386774467,1188063.0,0.9252641270477431
29263324.0,0.9533909581230242,1113265.0,0.929969331643102
