loss,r2,loss_test,r2_test
24152640.0,0.01595429738887222,16063229.0,-0.010467909115279506
837946.5,0.9906864529361575,1445681.375,0.9090584692580632
792527.625,0.9862126376405307,1253746.125,0.9211322863335256
686645.8125,0.9915319035911445,1248310.75,0.9214741995296588
823346.8125,0.9855777286476148,1345988.0,0.9153297424730819
679527.625,0.9914384304800682,1288686.75,0.9189343172341908
751993.0,0.986479615657103,1191716.125,0.9250343174172295
661852.625,0.990814526884983,1177200.625,0.9259474224874589
724552.5625,0.9860782005512401,1228361.125,0.9227291401648801
