loss,r2,loss_test,r2_test
44954004.0,0.887178867616023,1525547.25,0.9040344590643228
41819324.0,0.9008173060985566,1391630.75,0.9124585546860627
36568528.0,0.9332151346733997,1270839.5,0.9200570148087153
35616332.0,0.9399187836271339,1250041.75,0.9213653089021749
38137152.0,0.9301976407847149,1446715.25,0.9089934304549594
33529702.0,0.9469964593321957,1221789.625,0.9231425284413873
32083014.0,0.9429769398082712,1126667.0,0.9291262679501944
31181586.0,0.9438324091722419,1115990.625,0.9297978780345779
28850324.0,0.953692388057121,1084326.375,0.931789735809276
