loss,r2,loss_test,r2_test
24211992.0,-0.01409402705868179,15581322.0,0.019846742679450302
2146617.5,0.8987997242039311,1422213.5,0.9105347349091762
1987045.25,0.9080757198087425,1285887.125,0.9191104370459761
1794804.75,0.9236091277183615,1217674.375,0.923401393558857
1661223.5,0.9294890314489151,1170655.5,0.9263591472705481
1746528.375,0.9172191220281315,1178632.0,0.9258573866942826
1726570.125,0.9163667815390658,1168151.875,0.9265166430245289
1734666.5,0.9152274044763394,1180875.375,0.925716266404334
2034587.75,0.8987987819119019,1361524.75,0.9143523867659706
