loss,r2,loss_test,r2_test
32648292.0,0.007115910824863514,15412639.0,0.03045781779533996
2702093.25,0.9072740564417638,1552725.625,0.902324780251295
2388665.0,0.9174726372285582,1331637.625,0.9162324508654
2656807.0,0.9128210447601373,1628766.75,0.8975413641342644
2405002.0,0.915746999619619,1356476.375,0.9146699559823439
2531245.75,0.9120080559184032,1440677.375,0.909373246882011
2318998.75,0.9167926254056569,1228960.0,0.9226914682885577
2232290.0,0.9213732928919117,1175791.0,0.9260360957343083
2423437.5,0.9122433213089574,1143942.0,0.9280395819328342
