loss,r2,loss_test,r2_test
30649226.0,-0.018445974390064457,15344992.0,0.03471319129105965
16616812.0,0.7432504462815395,4707593.0,0.7038657812477915
14775690.0,0.7016029930927778,5385551.5,0.6612183618400254
23773824.0,0.7179159499776895,5170169.0,0.6747671193996746
22427396.0,0.7314848991952883,5228835.0,0.6710767258533542
19635528.0,0.7359790091573175,4797684.5,0.6981984884274847
14540260.0,0.70929580067403,5265531.0,0.6687683470879471
11669236.0,0.7548325770716802,4604560.0,0.7103471398112313
10429813.0,0.8068556028909895,3794846.5,0.761282710996249
