loss,r2,loss_test,r2_test
23694766.0,0.8922003368845186,1385715.125,0.9128306882574714
21404370.0,0.9051003337478528,1246742.25,0.9215728596795709
