loss,r2,loss_test,r2_test
72091800.0,-0.6331037068390089,30496420.0,-0.9183973325211101
14172342.0,0.6508898660315673,5439452.0,0.6578277011900937
4412647.0,0.937722882517566,1738091.0,0.8906642579532998
3105269.0,0.9633648496852465,1329446.625,0.9163702853841335
3262417.0,0.9560273083387919,1459466.5,0.9081913185148944
2704987.25,0.9735950228760945,1272313.625,0.9199642794993024
2715918.75,0.9697261752012862,1258290.0,0.9208464449551925
2789809.5,0.9606173657368845,1258001.625,0.9208645799508095
2273562.75,0.9744114660479647,1218304.25,0.9233617748829545
