loss,r2,loss_test,r2_test
230681744.0,0.8353746027214539,4597546.5,0.7107883287072707
81290368.0,0.912524422054544,1582616.0,0.9004445006782733
73479208.0,0.9524167117078505,1452646.75,0.9086203087126264
61181064.0,0.9445236529020122,1223784.75,0.9230170245541904
59102096.0,0.9470562700951712,1190896.0,0.9250859051086313
59140932.0,0.9390208715025232,1192146.375,0.9250072546796004
57393872.0,0.9523377215175927,1162745.125,0.9268567596875831
