loss,r2,loss_test,r2_test
769313088.0,0.029297747213929415,14867109.0,0.06477488025822098
84957936.0,0.9204065598873333,1493598.125,0.9060442371645896
68658984.0,0.9450495043306328,1193200.875,0.9249409203591515
68416512.0,0.9388392269682728,1195753.75,0.9247803290477654
85259016.0,0.9192817762346274,1503324.125,0.9054324097729165
