loss,r2,loss_test,r2_test
316494496.0,0.605545803049762,6032945.0,0.6204936570069208
69986976.0,0.8613307790574911,1274647.375,0.9198174724378687
62993072.0,0.8877333649615039,1183048.375,0.9255795678621177
63532804.0,0.8842764223273554,1186539.625,0.9253599506749625
