loss,r2,loss_test,r2_test
80255184.0,0.7857200463964812,3299576.25,0.7924379866090068
27417136.0,0.9312960085401782,1224361.5,0.9229807321606454
