loss,r2,loss_test,r2_test
37434816.0,0.921863928478341,1416929.25,0.9108671368359958
