loss,r2,loss_test,r2_test
49895216.0,0.9228802556506215,1930625.125,0.8785527628084381
31974904.0,0.9530689297892426,1323401.125,0.9167505818285858
30240134.0,0.9559973965099529,1240053.25,0.9219936361055227
35066628.0,0.9474535445720949,1391305.25,0.9124790271106273
