loss,r2,loss_test,r2_test
45247936.0,0.9291516300862501,1338426.875,0.9158053904494075
55728148.0,0.9044065331002386,1538225.25,0.903236929909583
44246500.0,0.9260929706656946,1300638.125,0.9181825071202292
