loss,r2,loss_test,r2_test
312969696.0,0.19602980383761837,12094615.0,0.23918034363932672
39917468.0,0.8633182516522303,1339508.125,0.9157373561390397
36368780.0,0.8574541294346113,1216707.5,0.9234622214725856
