loss,r2,loss_test,r2_test
719600768.0,0.9746368692326719,1351871.875,0.9149596187010722
648470144.0,0.9782927106597405,1202395.875,0.9243624947929044
701425408.0,0.9583294382390036,1324110.375,0.9167059718745392
627339648.0,0.9611181280571781,1181139.875,0.9256996242323409
550357760.0,0.9794859512311256,1034646.0625,0.9349149115510902
