loss,r2,loss_test,r2_test
701419520.0,0.9091411960998451,1270892.875,0.9200536523461185
954649664.0,0.7627001625665186,1782370.875,0.8878787879051792
746488704.0,0.8648296911347162,1384008.0,0.9129380617532058
666663552.0,0.924011200623586,1231988.125,0.9225009778575126
569526336.0,0.9316474229785057,1059566.625,0.9333472614823761
