loss,r2,loss_test,r2_test
11721024.0,0.9289923969452255,1241866.625,0.9218795648111124
11560550.0,0.9393191390176946,1249820.625,0.9213792201812729
11305938.0,0.9485531342501782,1240283.125,0.9219791719500456
10400485.0,0.9380138248834355,1089541.875,0.9314616535403435
