loss,r2,loss_test,r2_test
14471376.0,0.9263327506233504,1290740.375,0.9188051349759578
13129118.0,0.9435242651946626,1180488.75,0.9257405778280243
13344024.0,0.9484110392877731,1202805.375,0.9243367398480464
11412462.0,0.9505227541687333,1063713.75,0.9330863900269972
10913821.0,0.9533806293962405,1030254.875,0.9351911417362293
