loss,r2,loss_test,r2_test
26041618.0,0.9379686383362076,1482029.25,0.9067719766829555
21933414.0,0.9365518479914543,1371016.875,0.913755276788259
17473072.0,0.9279870810477795,1222317.875,0.923109292160419
17735374.0,0.9188188455820544,1238798.25,0.9220725810070873
14795786.0,0.9355529402294289,1160702.125,0.9269852733087666
