loss,r2,loss_test,r2_test
15211896.0,0.943092078741205,1228360.5,0.922729185413977
14898467.0,0.9460070775789745,1223117.125,0.9230590241724216
13898826.0,0.9541485946604792,1164173.125,0.9267669233705361
13681992.0,0.9553914128599531,1145169.75,0.9279623440251838
