loss,r2,loss_test,r2_test
15132566.0,0.9654872925573662,1380891.0,0.9131341402698332
12975712.0,0.9647642029162571,1189033.25,0.9252030849493034
12114141.0,0.9520493041743001,1106753.75,0.9303789243663716
11526359.0,0.962090703753096,1056960.875,0.9335111869810474
