loss,r2,loss_test,r2_test
191630336.0,0.8682261216062644,1636349.0,0.8970643999515306
