loss,r2,loss_test,r2_test
107037096.0,0.19062259696842998,13556130.0,0.14724280259764144
2069446.0,0.9665533001961054,777942.5,0.9510630169681834
2195731.0,0.9567014915811255,970283.375,0.9389636863575601
794908.625,0.9771166878373251,747831.125,0.9529571965951541
