loss,r2,loss_test,r2_test
93269576.0,0.9230427095451244,593576.75,0.9626606661161732
58623636.0,0.943465635090835,415599.4375,0.9738564426979046
71341248.0,0.9072311916698046,508294.375,0.9680254118244505
51941040.0,0.9639133359811929,381395.875,0.9760080420630991
53579352.0,0.9684251128401242,418510.875,0.9736732972158322
