loss,r2,loss_test,r2_test
1808813.125,0.987714496464218,696059.9375,0.9562138923432177
875996.1875,0.9955928973637598,533085.5625,0.9664659030339103
839865.6875,0.9964847764601921,528650.3125,0.9667449086760248
