loss,r2,loss_test,r2_test
243858064.0,0.9266672023093401,498170.90625,0.9686622335783737
191947664.0,0.9327813629474763,402090.5625,0.9747062304925179
163226288.0,0.953588822820844,344258.65625,0.9783441844865897
156224272.0,0.9486855552357432,336959.21875,0.9788033590946481
165389728.0,0.967185589084406,354428.125,0.9777044670143191
