loss,r2,loss_test,r2_test
19843168.0,0.7335910473901996,1262184.625,0.920601447405855
