loss,r2,loss_test,r2_test
30398754.0,0.7832076423511052,1769628.0,0.8886803736430847
