loss,r2,loss_test,r2_test
154816320.0,0.16488901908301545,12746612.0,0.19816607986067403
