loss,r2,loss_test,r2_test
14594485.0,0.9176723068895835,1402758.25,0.91175857863556
13906658.0,0.938683473092052,1272470.5,0.9199544087768842
