loss,r2,loss_test,r2_test
13206422.0,0.9207901995359369,1258693.875,0.9208210471194747
