loss,r2,loss_test,r2_test
142243936.0,0.19951562571541148,13063064.0,0.17825939334272123
13732559.0,0.9094786459437966,1355491.75,0.9147319052422783
