loss,r2,loss_test,r2_test
41943728.0,0.0026749825900695967,14828641.0,0.06719465265364744
