loss,r2,loss_test,r2_test
25835752.0,0.39581809043070226,11217718.0,0.29434208839891784
