loss,r2,loss_test,r2_test
23906134.0,0.8930571877517688,1559107.625,0.9019233112648609
24317904.0,0.8741513658872125,1604072.875,0.8990947485080836
21851594.0,0.890735403514481,1362579.375,0.9142860511284854
20146854.0,0.9072754736115106,1216444.375,0.9234787744254543
20785280.0,0.9179359445113426,1208691.375,0.9239664755774265
21042732.0,0.8989375345612841,1345325.375,0.9153714274205146
19453798.0,0.9128400826738712,1176847.25,0.9259696531517251
19721388.0,0.9240737259504914,1149475.625,0.9276914882126588
