loss,r2,loss_test,r2_test
153502016.0,0.2274450112964328,11776024.0,0.25922155394560464
34455392.0,0.85901825723226,2593208.5,0.8368725130778629
20162342.0,0.951913578560862,1298906.75,0.918291417988756
20139596.0,0.9504324483023342,1248616.375,0.9214549652066838
22091042.0,0.9401856795494403,1330673.375,0.9162931218255235
20485232.0,0.9599171771658188,1345786.625,0.915342417168592
19577262.0,0.9555311715863469,1220981.625,0.9231933586062768
19772742.0,0.958134930351473,1257536.125,0.9208938703877197
20779346.0,0.9596875958730126,1387647.0,0.9127091581353408
