loss,r2,loss_test,r2_test
28954436.0,0.8074098290716731,2446363.75,0.8461098864386827
14838903.0,0.92708540218196,1325164.0,0.9166396905747994
18457606.0,0.8814991290476888,1591412.625,0.8998911435656121
13935551.0,0.9369142778365622,1245691.125,0.9216389886757175
14266662.0,0.9469535072203041,1280845.125,0.9194276066342822
13429537.0,0.9386421860054228,1194992.875,0.9248281926274416
13546702.0,0.9488105763904069,1208953.5,0.9239499902895622
13354617.0,0.9508435223890852,1198045.125,0.9246361869475292
13274970.0,0.9353442012985376,1174833.5,0.9260963275896735
