loss,r2,loss_test,r2_test
160580192.0,0.9424058101666557,1146853.625,0.9278564262558578
82646280.0,0.9662258633070813,602673.875,0.9620884070102448
56452844.0,0.9742602989736463,445334.96875,0.971985911330386
52477748.0,0.9789362402296141,421642.21875,0.9734763206664676
41124812.0,0.9800081200344185,360556.59375,0.9773189503732068
38193200.0,0.9807644165891285,345267.3125,0.9782807358162542
37232456.0,0.9738570326933583,341488.53125,0.9785184417945637
35579228.0,0.9834967585769319,348684.09375,0.978065799272956
