loss,r2,loss_test,r2_test
96259136.0,0.8305915132120053,1282092.25,0.9193491475219707
100389896.0,0.8084062675322095,1358349.5,0.9145521360251115
