loss,r2,loss_test,r2_test
88197328.0,0.9197608396542256,1265459.5,0.920395436929566
