loss,r2,loss_test,r2_test
681967552.0,-0.0034457562845446876,14931820.0,0.060704071144455196
67779848.0,0.8304479094533966,1442917.375,0.9092323339078722
68967144.0,0.873424639451525,1483109.625,0.9067040123477267
