loss,r2,loss_test,r2_test
45503432.0,0.9212943246486097,1262881.625,0.9205576085024368
43483964.0,0.9107128611693454,1259420.875,0.9207753056164262
41593380.0,0.9342563802127418,1196987.125,0.9247027355209785
