loss,r2,loss_test,r2_test
145550800.0,0.756093368674932,3537328.5,0.7774820383733747
42870572.0,0.9277331280621424,1222973.75,0.9230680378049236
42880140.0,0.9251552449182324,1217942.625,0.9233845192853578
41700984.0,0.9273621495521787,1184344.5,0.925498032352467
44575956.0,0.9557275313615436,1311325.5,0.917510216407536
