loss,r2,loss_test,r2_test
57754256.0,0.9550971600068894,1234716.625,0.9223293408279924
