loss,r2,loss_test,r2_test
125648528.0,0.93706218552832,2979940.0,0.8125449122414
78705024.0,0.9412295776765349,1696319.25,0.8932919220189178
59972196.0,0.9732242936452156,1285857.0,0.9191123191726854
71810952.0,0.9672196606461846,1578591.125,0.9006976909756398
65057564.0,0.9710577071082214,1425000.0,0.9103594372514754
53086448.0,0.9757737022123925,1167785.75,0.9265396711929078
