loss,r2,loss_test,r2_test
131424296.0,0.8232389615468907,3082682.25,0.8060818607448796
76652360.0,0.9063147074132852,1721067.75,0.8917351013520727
55204212.0,0.9474489686205577,1229554.5,0.9226540706531108
53906096.0,0.950850687274207,1222278.0,0.9231118020787509
54607256.0,0.9480355172824908,1234920.875,0.9223165001009976
