loss,r2,loss_test,r2_test
17444332.0,0.9420125016450037,1283729.75,0.9192461435003924
15446128.0,0.944314593329508,1127752.375,0.9290579923672978
12198190.0,0.9592040192054047,916584.4375,0.9423416582725215
11627043.0,0.9653039690069813,917792.625,0.9422656541158986
7839538.5,0.9796203087614166,616939.0625,0.9611910449538545
