loss,r2,loss_test,r2_test
13752314.0,0.944593270652629,1100486.25,0.9307731961940947
10974598.0,0.9606567962292061,946018.9375,0.9404900672100643
9592424.0,0.9645269104897307,852516.8125,0.946371866933715
4486712.0,0.9840344483264949,483052.34375,0.9696132791185975
