loss,r2,loss_test,r2_test
7819590.0,0.9268478700067685,582357.875,0.9633663988075208
