loss,r2,loss_test,r2_test
16413659.0,0.9422649887480947,1233678.0,0.9223946750667649
15806657.0,0.9436374950278826,1182628.5,0.9256059805418682
15679240.0,0.9360996549710585,1186441.5,0.9253661174782138
15511253.0,0.9494861415917303,1159031.75,0.9270903440403961
13436363.0,0.949492564721784,1043098.8125,0.934383182883771
11037126.0,0.9579163878569754,894718.1875,0.9437171659558196
5567216.0,0.9852371463165357,527539.1875,0.9668148040777795
