loss,r2,loss_test,r2_test
13554168.0,0.9363967249096661,1207143.5,0.9240638412621014
9284929.0,0.9603934480879279,848750.6875,0.9466087774854238
6761292.5,0.9693344365762858,665488.875,0.958136990059703
