loss,r2,loss_test,r2_test
5204075.0,0.9658157214539633,1224346.375,0.9229816899973745
1040678.75,0.9931950324016223,550487.5,0.9653712262898789
952101.75,0.9954611401670569,553208.8125,0.9652000330430867
497916.28125,0.998025741328437,464201.65625,0.9707990889102082
666956.5625,0.9959216938331314,481350.53125,0.9697203302241668
