loss,r2,loss_test,r2_test
36668136.0,0.975642031008793,443824.5,0.9720809309760585
34828900.0,0.9689469924400125,449504.0,0.9717236544591734
26367074.0,0.9760786033914226,393629.75,0.9752384601676266
24274220.0,0.9753154252367136,369414.5625,0.9767617361717764
24145782.0,0.9885109595795393,406436.5,0.974432845614735
