loss,r2,loss_test,r2_test
36804000.0,0.9784624125935738,456713.96875,0.9712701078281649
31716508.0,0.9752393202178173,403897.53125,0.9745925623281185
40517624.0,0.9304324841914141,492527.34375,0.9690172458503173
47018140.0,0.970598763715959,556712.9375,0.9649796067669285
