loss,r2,loss_test,r2_test
29828562.0,0.9940268271947068,373201.5625,0.9765235123949414
27399006.0,0.9885700907809611,390807.71875,0.9754159838822665
