loss,r2,loss_test,r2_test
131134600.0,0.910978654302326,1230834.75,0.9225735312990638
51816080.0,0.9835650371506434,489848.3125,0.9691857730077945
51440176.0,0.9818692502956224,541262.375,0.9659515303740656
31422100.0,0.9875074372906089,396387.53125,0.9750649848675355
33293548.0,0.982296227966979,439080.0,0.9723793864903689
