loss,r2,loss_test,r2_test
117744544.0,0.3731325490322347,1097054.25,0.9309890821749455
48579444.0,0.9317171713789889,544972.625,0.9657181366606961
40206224.0,0.9640305505156558,496177.0625,0.968787656903166
35562028.0,0.966956447105387,442674.125,0.9721532942460137
40236564.0,0.955769701485226,495172.34375,0.9688508578951956
33548632.0,0.9760631006645805,433035.90625,0.9727595911274365
23621348.0,0.9761798821027114,378046.0,0.9762187706865476
