loss,r2,loss_test,r2_test
130833704.0,0.966082380511547,508935.59375,0.9679850764808439
116681312.0,0.9657728971892079,457221.5,0.9712381822620448
