loss,r2,loss_test,r2_test
73124328.0,0.29330778958929726,1249929.25,0.9213723766451125
65590404.0,0.3436315767775704,1125135.625,0.9292226131506589
63080828.0,0.37174415250188597,1071858.75,0.9325740203293075
46887312.0,0.6125043350764353,817866.9375,0.9485515448068114
18965310.0,0.9730436576573229,447337.65625,0.971859932977745
