loss,r2,loss_test,r2_test
1670989.25,0.9643280076727567,841723.625,0.9470508259818332
578680.75,0.9900370022893894,531049.625,0.9665939757036083
