loss,r2,loss_test,r2_test
3642299.75,0.9255510618077083,1219942.5,0.9232587101998792
2923790.0,0.9413737530687128,1073445.25,0.9324742193550541
1221085.0,0.9834942667546849,657518.1875,0.9586383882958357
913307.25,0.9883782369754927,567238.1875,0.964317511186704
505530.5625,0.9943010200283181,495746.21875,0.9688147571527851
