loss,r2,loss_test,r2_test
69266976.0,0.8721845294338528,1290424.75,0.9188249908949432
59090940.0,0.9018996253326077,1154343.25,0.9273852882224856
52131828.0,0.9156255160183592,1037824.6875,0.9347149587799877
21022148.0,0.9703681187276969,477275.5,0.969976671973812
23226864.0,0.9609031730317898,505455.90625,0.9682039674642194
