loss,r2,loss_test,r2_test
58855620.0,0.9004691377087372,951969.375,0.940115746684326
23353348.0,0.9767563011365835,460040.53125,0.9710608465260218
21890118.0,0.9915947215434189,461634.53125,0.9709605759495443
20872750.0,0.9790922079118936,442203.0625,0.9721829276262934
18296662.0,0.9870177704889764,424611.40625,0.9732895417191177
