loss,r2,loss_test,r2_test
21634454.0,0.9888757431365828,557150.0,0.9649521170158016
