loss,r2,loss_test,r2_test
67931024.0,0.9057327085384081,1225676.625,0.9228980070536734
19563980.0,0.9676249149371533,531993.9375,0.9665345760210319
24451186.0,0.9721636651690273,643751.5,0.9595043898926948
17329954.0,0.9737414329900905,503224.90625,0.9683443098296011
