loss,r2,loss_test,r2_test
25920760.0,0.9555646792863065,606880.625,0.9618237768754327
16817782.0,0.9744963754475982,509312.53125,0.9679613633786781
