loss,r2,loss_test,r2_test
51302416.0,0.9368623947510201,1205298.875,0.9241798802654467
29586152.0,0.961031423482045,758169.0,0.9523068819770487
52427312.0,0.9311916141265724,1197476.25,0.9246719737686359
25873300.0,0.9667461546234816,643615.0625,0.9595129748175083
