loss,r2,loss_test,r2_test
42579128.0,0.9761785014118666,930930.875,0.9414391897362354
29203416.0,0.9753958576472033,660779.3125,0.9584332479580033
19719834.0,0.9832100396771901,488416.40625,0.9692758485847974
16396912.0,0.9847152738479729,452721.375,0.9715212644509289
