loss,r2,loss_test,r2_test
21322026.0,0.9735110191449788,542617.8125,0.9658662686687988
19033298.0,0.9825836759588322,505324.875,0.9682122081810713
16722665.0,0.9795220228818703,456632.15625,0.971275256007852
