loss,r2,loss_test,r2_test
54038788.0,0.9769318996552232,996664.9375,0.9373041396359827
17465350.0,0.988437243689993,513694.9375,0.9676856861886219
