loss,r2,loss_test,r2_test
57593160.0,0.23233126852333374,11971301.0,0.24693743748267027
5359463.0,0.9387176527700873,1601473.0,0.8992582956181271
1802955.5,0.9898631394101053,1273035.75,0.9199188563931996
