loss,r2,loss_test,r2_test
58704912.0,0.0204154133359562,14713218.0,0.07445541835160951
3866897.0,0.9538441146214977,1288846.75,0.9189242516551718
2577229.5,0.9775772744706477,1037241.5,0.9347516470385031
