loss,r2,loss_test,r2_test
64362164.0,0.06483281170761213,14726078.0,0.07364638013122882
49483060.0,0.26545151963030644,11344078.0,0.2863934010162228
3581067.25,0.9622265027641208,1394265.0,0.912292850672383
2441774.0,0.9659598726217251,1067544.75,0.932845396702259
