loss,r2,loss_test,r2_test
55541564.0,0.1367449832748261,11077204.0,0.3031812288212754
6427087.0,0.9457720043108502,1242177.25,0.9218600214802823
4901173.5,0.9645250848082753,965687.6875,0.939252777072134
