loss,r2,loss_test,r2_test
4026493.0,0.9092957848817558,1277235.875,0.9196546417630589
1692752.0,0.9622177639103616,998547.25,0.9371857358675167
