loss,r2,loss_test,r2_test
57756676.0,0.3440441016875859,9316394.0,0.41394620481343924
6802410.5,0.9327731936984748,1607943.5,0.8988512611708654
