loss,r2,loss_test,r2_test
4942001.0,0.907984483277308,1283481.625,0.9192617487757012
4060010.5,0.9280150149627077,1116420.125,0.9297708627051124
