loss,r2,loss_test,r2_test
55596740.0,0.900698586420296,765319.5625,0.95185707680046
