loss,r2,loss_test,r2_test
109812000.0,0.9788580538136464,402967.5,0.9746510659436907
105237736.0,0.9701094508553058,407953.125,0.9743374429777993
106256352.0,0.9733041236397096,417576.90625,0.973732050670211
