loss,r2,loss_test,r2_test
536105568.0,0.9883902489334391,1008758.5625,0.9365433816177997
276000000.0,0.9904392356868635,539812.375,0.9660427527421122
192340864.0,0.9929812365237976,394016.78125,0.9752141144322444
186770336.0,0.9903684867733699,375909.0,0.9763531994902576
169059296.0,0.9952774434619325,354917.9375,0.9776736543504065
