loss,r2,loss_test,r2_test
189657024.0,0.8667562093550889,2063642.625,0.8701852145339846
130120144.0,0.9636617703183777,1291141.375,0.9187799127500279
233709136.0,0.8966074683148811,2718852.0,0.8289688364952096
123085736.0,0.9726700739080013,1225265.875,0.9229238528052434
145759024.0,0.95637270801274,1596027.625,0.8996008429852909
