loss,r2,loss_test,r2_test
63463140.0,0.15231795841899465,13216301.0,0.1686199245629484
5335864.0,0.9759611456427281,1393105.75,0.9123657715342217
5022884.0,0.9777710992218006,1336896.875,0.9159016255780301
5140076.5,0.9680996472437527,1239744.375,0.9220130719055499
4809059.0,0.983754012414954,1406595.0,0.9115172190984533
4723852.0,0.9676213656649552,1245295.875,0.9216638433613168
5092639.5,0.9619560686885456,1221758.375,0.9231444802952329
