loss,r2,loss_test,r2_test
8732616.0,0.788074578040659,1862499.75,0.8828382399275123
6258209.0,0.8981171817237064,1306232.125,0.9178306111120851
6434868.0,0.8979371309046431,1221146.625,0.9231829685973575
