loss,r2,loss_test,r2_test
66641532.0,0.928524382685081,1342333.375,0.9155596427236777
75860040.0,0.9295968132903031,1640135.5,0.8968262086534504
63766260.0,0.9401489128927413,1272679.75,0.9199412414628778
69745632.0,0.9251028181013271,1270460.875,0.9200808212616959
