loss,r2,loss_test,r2_test
65741336.0,0.8340287533992501,1364032.875,0.9141946144553192
60211440.0,0.8601212485348162,1270467.75,0.920080390451359
62486180.0,0.84780098627788,1281684.625,0.9193747936040403
59224580.0,0.8610140867970376,1221332.875,0.9231712576440053
