loss,r2,loss_test,r2_test
59635676.0,0.9431722302432396,1330652.0,0.9162944626630829
59912820.0,0.9404043021610368,1333531.875,0.9161132938124193
55870628.0,0.9478077275498803,1263894.625,0.9204938848628028
58710736.0,0.9389721866698837,1352080.375,0.9149465041379247
