loss,r2,loss_test,r2_test
85397208.0,0.9237673856775619,1407555.5,0.9114567969553984
84887952.0,0.9180236236061063,1386486.75,0.9127821380460902
85480096.0,0.9186233535274243,1381437.5,0.9130997671924629
86591448.0,0.9142051531576506,1455957.5,0.9084120354721614
