loss,r2,loss_test,r2_test
50341728.0,0.9118333172242786,1306516.75,0.9178127128713464
56531756.0,0.9126816810253687,1461756.25,0.9080472631056191
50441888.0,0.9152909052423019,1322616.875,0.91679991870227
44122660.0,0.9236809019906774,1195823.375,0.9247759495586259
