loss,r2,loss_test,r2_test
63048104.0,0.7431652530443342,1304841.5,0.9179180926981663
60425644.0,0.7336056011354877,1239508.875,0.922027881594803
68689032.0,0.7022463334932473,1413071.25,0.9111098323582681
62484964.0,0.7223894239163736,1271205.0,0.9200340206898361
