loss,r2,loss_test,r2_test
65308928.0,0.9377382278015933,1325255.0,0.9166339615283858
63880852.0,0.9402107469295268,1275156.375,0.9197854536371219
