loss,r2,loss_test,r2_test
156921280.0,0.9212000633688162,2148190.0,0.8648667123365652
