loss,r2,loss_test,r2_test
2289419.75,0.9372055910016965,1389325.125,0.9126035936895279
2135109.25,0.9251486187714588,1306706.625,0.9178007640106894
2013177.0,0.9338676352300541,1252575.5,0.9212059145120057
1941008.75,0.9384059037968966,1214218.125,0.9236188121958465
