loss,r2,loss_test,r2_test
80766296.0,0.8725887411457566,1520472.125,0.9043537040284731
66521008.0,0.9301698144872692,1225049.375,0.922937468509955
65648068.0,0.925480286825254,1212564.0,0.9237228654220224
64413160.0,0.9340860828364066,1171451.125,0.9263091027264999
