loss,r2,loss_test,r2_test
3129455.75,0.9080938030996923,1387974.875,0.9126885405273147
2759599.5,0.9305864871430983,1319689.375,0.9169840694275286
2621072.25,0.9364698359554039,1255784.125,0.9210040797385123
2603960.0,0.9398221689032213,1284992.375,0.9191667020400157
