loss,r2,loss_test,r2_test
87486240.0,0.8685723864667103,1421838.625,0.9105583116446881
80791616.0,0.8539012251214575,1288089.75,0.9189718679095491
77647776.0,0.8787205881570246,1298591.5,0.9183112502864412
68061304.0,0.8840872038506733,1172132.125,0.9262662536746437
