loss,r2,loss_test,r2_test
19270728.0,0.9389590781743473,1512302.0,0.9048676507998464
