loss,r2,loss_test,r2_test
18292048.0,0.9721958175253372,1237676.375,0.9221431588592697
17856964.0,0.9750717856214867,1229538.125,0.9226550979054774
17761406.0,0.9738305007236028,1214212.5,0.9236191615622585
