loss,r2,loss_test,r2_test
59159640.0,0.977922912152529,1057494.75,0.9334775960281433
21119160.0,0.9797013150792626,446034.78125,0.9719418917401974
16627627.0,0.9862946718433095,394220.5,0.9752013002839435
