loss,r2,loss_test,r2_test
237480.96875,0.9969617338655761,417975.375,0.9737069867171508
222068.8125,0.9979958931306271,414559.71875,0.9739218483149178
