loss,r2,loss_test,r2_test
48969912.0,0.924767649519789,892540.8125,0.9438541322144376
12818160.0,0.9786797306139376,383656.3125,0.9758658490535423
