loss,r2,loss_test,r2_test
59242388.0,0.9632243314965828,1110244.75,0.9301593288199408
23090028.0,0.9841246869211845,520542.96875,0.9672549037337813
17639556.0,0.9894078500763448,408282.09375,0.9743167489287639
19028562.0,0.9735448609029415,428939.53125,0.973017277695479
15514581.0,0.9856730468649274,411898.4375,0.974089257800033
14688124.0,0.993126249400033,418776.125,0.973656613019793
12487081.0,0.9839130342047938,376831.96875,0.9762951381851552
16404057.0,0.9844886862503199,370756.25,0.9766773337532386
