loss,r2,loss_test,r2_test
124089616.0,0.9538368516883833,1256947.5,0.9209308982696847
118663016.0,0.9549903008871291,1211672.125,0.9237789731217424
111639768.0,0.9550143236095662,1155452.0,0.9273155277274479
