loss,r2,loss_test,r2_test
150569584.0,0.29676817322201743,1391779.5,0.9124492080751985
137133280.0,0.27187550811426386,1279672.75,0.9195013562058036
193062384.0,0.2835910721772785,1753279.125,0.8897088162443489
138402064.0,0.320235220298699,1253401.375,0.9211539683584938
152277200.0,0.3368904352152976,1370406.25,0.9137936977732819
137442208.0,0.3222543702930162,1282260.75,0.9193385393045317
