loss,r2,loss_test,r2_test
4594117.5,0.9788077587970506,1291090.375,0.9187831145507706
4298332.5,0.9644189665259966,1223543.125,0.9230322170221803
4046619.5,0.9719846084459883,1220978.25,0.9231935613809241
3954411.75,0.9750106463152758,1159659.875,0.927050833822103
