loss,r2,loss_test,r2_test
49488880.0,0.5815994770263138,8614574.0,0.4580946162776669
10710426.0,0.936370952912785,1230334.875,0.9226049693398948
10621711.0,0.9419486387861971,1216397.625,0.9234817131441406
10751893.0,0.9356461400048224,1185003.25,0.9254566010040035
