loss,r2,loss_test,r2_test
182516000.0,0.8661593822848344,1384923.25,0.9128805036982096
148335728.0,0.8821803722817125,1188470.625,0.9252384788428744
