loss,r2,loss_test,r2_test
139707056.0,0.9310150485449101,1353755.5,0.9148411188311628
122775912.0,0.940270616877168,1186711.75,0.9253491156838181
