loss,r2,loss_test,r2_test
28166684.0,0.9217313781753,1263340.125,0.9205287652361666
32399876.0,0.9244288772904118,1525515.5,0.90403645373833
26621914.0,0.9349986410572226,1250874.5,0.9213129296713607
