loss,r2,loss_test,r2_test
38682204.0,0.7250766619439165,1496840.375,0.9058402827332811
33627864.0,0.8555008561219469,1245999.125,0.921619606688833
32413628.0,0.8492014915299018,1206426.375,0.9241089612223704
31564192.0,0.8326505856773148,1180429.25,0.92574432606037
30927132.0,0.8660586298485132,1098249.875,0.930913867304267
