loss,r2,loss_test,r2_test
34868920.0,0.7188191992761357,1295407.5,0.9185115419126569
38499508.0,0.7008465757989777,1432019.375,0.9099178809824586
31685104.0,0.7345271808950449,1174725.625,0.9261031151903759
30238528.0,0.7285757862130406,1118842.375,0.9296184917019997
29553020.0,0.7473407224423886,1107170.25,0.9303527370818763
