loss,r2,loss_test,r2_test
27574286.0,0.9634437949663054,1304648.375,0.9179302377040931
23667218.0,0.9610027876271661,1145005.0,0.9279727064836275
29901396.0,0.9009835943742397,1434396.75,0.9097683209263163
21309270.0,0.9636148086433914,1049338.625,0.9339906689276803
