loss,r2,loss_test,r2_test
24935860.0,0.9186314141705539,1269818.75,0.92012122091066
23260166.0,0.9225052935223603,1209771.0,0.9238985645756878
26806436.0,0.9162767791088694,1383700.0,0.912957444476872
24360550.0,0.9204951886466368,1285464.125,0.9191370285280701
21274404.0,0.9225657920805661,1144983.375,0.9279740692534985
21136908.0,0.9255814392669582,1140967.5,0.928226690603306
19866818.0,0.9245093051830898,1072899.875,0.9325085313869873
