loss,r2,loss_test,r2_test
39278292.0,0.9494399026507618,1291455.25,0.9187601608748092
42388852.0,0.9366812814951242,1347545.25,0.9152317801203543
37764604.0,0.9579183206019,1242299.75,0.9218523193698712
36420660.0,0.9524629093053465,1133646.25,0.9286872425929453
