loss,r2,loss_test,r2_test
32690808.0,0.9355685414954943,1265963.375,0.9203637440266874
31474166.0,0.9432684284626583,1207987.375,0.924010764773419
35190632.0,0.945482099112108,1523645.25,0.904154093169761
28223674.0,0.9570708075774337,1063095.5,0.9331252805928016
