loss,r2,loss_test,r2_test
209076016.0,0.9570639498792847,1180919.5,0.9257134884757302
126774536.0,0.9807755424555833,771375.625,0.9514761071131986
