loss,r2,loss_test,r2_test
6494371.0,0.17882249834838626,1258856.0,0.9208108474611418
5726704.0,0.3138508519360258,1246492.875,0.9215885510173754
