loss,r2,loss_test,r2_test
243568144.0,0.9734178164996489,1423315.875,0.9104653900092892
212410896.0,0.9802309713796747,1261116.75,0.9206686253844292
127612088.0,0.9900059503635057,776145.3125,0.9511760692273008
98467128.0,0.9904453099958591,637124.75,0.9599212559057463
