loss,r2,loss_test,r2_test
126301432.0,0.9653144749911922,752451.375,0.9526665494811704
