loss,r2,loss_test,r2_test
32955164.0,0.9112516037705596,1547774.375,0.9026362364881818
