loss,r2,loss_test,r2_test
31625080.0,0.9199892976388883,1468607.875,0.9076162590701358
