loss,r2,loss_test,r2_test
26954056.0,0.9302595730706993,1313729.125,0.9173590064164237
26757626.0,0.9274905162183728,1314134.25,0.9173335219036122
