loss,r2,loss_test,r2_test
104873000.0,0.9305770896854837,1124620.375,0.9292550167407849
