loss,r2,loss_test,r2_test
113748408.0,0.9271734105676857,1334308.0,0.9160644827309552
51138292.0,0.9736403989086156,637296.6875,0.959910432450411
39980028.0,0.987278229585405,536710.125,0.9662378995752496
