loss,r2,loss_test,r2_test
121398896.0,0.9664555790259015,1201220.125,0.9244364632098169
