loss,r2,loss_test,r2_test
113363144.0,0.9339595803790519,1321376.25,0.9168779588200515
42701372.0,0.9869566060108264,553665.25,0.9651713254634083
