loss,r2,loss_test,r2_test
258671184.0,0.9672681631489876,467848.03125,0.970569712406081
199354128.0,0.9895188631024364,393509.25,0.9752460426081965
200133776.0,0.9961137611005962,400598.71875,0.9748000763392604
164375456.0,0.9886913234278443,350441.96875,0.9779552172892686
165766112.0,0.990999455347787,350814.59375,0.9779317788531895
