loss,r2,loss_test,r2_test
39097024.0,0.9193713749726694,1260697.5,0.9206949945404221
17800840.0,0.966610326985399,696006.25,0.9562172730453278
12784910.0,0.9711492556818674,499368.875,0.9685868717908911
11154310.0,0.9727224225848009,442148.5,0.9721863584353936
11610005.0,0.9759631616513076,488370.53125,0.9692787287251322
15029010.0,0.9734640685009792,608008.5625,0.9617528196655214
9893179.0,0.9772732216792352,420639.40625,0.9735394026302416
8976818.0,0.9797370517208082,403103.84375,0.9746424859365541
