loss,r2,loss_test,r2_test
3616479.0,0.8664341782903503,1192250.125,0.9250007363740065
2964164.75,0.8943649512854133,1200035.125,0.9245109995635243
2433205.75,0.9188511811767962,1144608.125,0.9279976785987694
1625035.875,0.9469268173111539,933776.6875,0.941260171037921
608645.0,0.9847382574454016,659299.5625,0.9585263289860505
399082.9375,0.9903352850533905,514075.75,0.9676617290118745
381018.0,0.9906926416468471,494625.9375,0.9688852325120128
390874.0625,0.9902902742888325,472481.03125,0.9702782717012365
