loss,r2,loss_test,r2_test
30041612.0,0.8955113539607974,1137158.125,0.9284663252166544
12444701.0,0.9592126504493277,513173.78125,0.9677184677349743
10338281.0,0.9646319449993966,453146.6875,0.9714945130061412
10106381.0,0.9642272578305645,440935.375,0.9722626733221591
9150571.0,0.9682631880755422,419348.40625,0.9736206142439001
10550030.0,0.9639220382952851,467334.375,0.9706020253025324
8198103.0,0.9703674133984574,379549.1875,0.9761242098158094
