loss,r2,loss_test,r2_test
2020038.75,0.9533288667054717,1336091.125,0.9159523031307348
1835901.375,0.9601269005034834,1244733.375,0.9216992366821499
1490246.0,0.9700250999694295,1166448.125,0.926623821239993
790067.75,0.9868896772876029,924180.0,0.9418638474601709
463538.5625,0.9893814208980631,699894.25,0.9559726992391135
368531.65625,0.9914016986921794,625632.1875,0.9606441937463706
343335.9375,0.9913763268532992,609651.5625,0.9616494678949636
216041.578125,0.9947165905736377,573420.375,0.9639286181931981
205042.65625,0.9947554514208117,528889.375,0.9667298664065879
