loss,r2,loss_test,r2_test
101507928.0,0.8712439012795505,1317174.75,0.9171422635138998
84282664.0,0.8474719458628484,1127002.5,0.9291051731586194
26729376.0,0.9760670421068729,391317.6875,0.9753839058598273
24112210.0,0.980897365187609,373841.25,0.9764832718331689
24351876.0,0.9747816759516442,393405.25,0.975252585681854
