loss,r2,loss_test,r2_test
119743776.0,0.9265342830449135,1539999.0,0.903125353865458
