loss,r2,loss_test,r2_test
3046944.0,0.9643748941692659,1358806.25,0.9145234090824093
