loss,r2,loss_test,r2_test
5378106.5,0.9462654402010482,1439719.5,0.9094335000395796
