loss,r2,loss_test,r2_test
77153136.0,0.9356783194982458,1095686.375,0.93107512875823
53655208.0,0.893218897806876,889189.875,0.9440649350630276
45572140.0,0.9345878993813908,852051.125,0.946401166182866
30573360.0,0.9112689574033074,592028.6875,0.9627580451552937
32229810.0,0.9435895770299609,621980.6875,0.9608738946184218
25826752.0,0.9288800340825766,536598.5625,0.9662449164061829
22107988.0,0.9729500792193299,513299.3125,0.9677105706420178
