loss,r2,loss_test,r2_test
19246380.0,0.9846722406540818,528112.5,0.9667787370382736
