loss,r2,loss_test,r2_test
26305416.0,0.9743605512668274,654029.5,0.9588578471911677
