loss,r2,loss_test,r2_test
84836496.0,0.9276156638513927,1308842.0,0.9176664324684398
41055728.0,0.9584557812886476,797093.9375,0.949858284248484
27711550.0,0.9657326126179456,665538.3125,0.9581338778799497
15361892.0,0.9869623837019108,488622.46875,0.969262884701455
14885409.0,0.9812842895366292,495042.125,0.9688590468291491
