loss,r2,loss_test,r2_test
16100304.0,0.9892912493995751,456061.375,0.971311159167557
