loss,r2,loss_test,r2_test
68378456.0,0.9730319200457085,1215975.125,0.9235082824891597
51724532.0,0.9704511493231462,947281.625,0.9404106308256289
41636232.0,0.9763350176834371,755279.25,0.9524886636320011
35842444.0,0.9711830685849063,632130.0,0.9602354490243296
38648436.0,0.9890655499281824,743052.1875,0.9532578128944079
27413306.0,0.9829635980773054,499437.40625,0.9685825624961804
24936712.0,0.980029316963355,535779.625,0.9662964339064714
