loss,r2,loss_test,r2_test
53370300.0,0.9226846325473947,1196305.5,0.924745625920719
20239782.0,0.9524371903719825,555431.3125,0.9650602299477176
19653654.0,0.958342323548446,502397.53125,0.9683963520008652
15598569.0,0.9868371803011678,424904.84375,0.9732710850518417
12728266.0,0.9759136126417611,400472.90625,0.9748079897260647
