loss,r2,loss_test,r2_test
269645248.0,0.8883081784257643,1143698.0,0.9280549326161723
292465280.0,0.9447207475595255,1243477.5,0.9217782357694964
156145872.0,0.9421609869225799,775989.0625,0.9511858982758119
151040032.0,0.9563302939584919,779530.5625,0.9509631200041505
115557832.0,0.9752427787335982,585538.5625,0.9631663148990566
135204032.0,0.9618073602582063,680263.5,0.9572075795861079
90054368.0,0.9913885084103103,480998.8125,0.9697424559020247
118396136.0,0.9736884248290093,598176.75,0.9623712988521236
123098112.0,0.9538429546659402,624297.5,0.9607281583957479
