loss,r2,loss_test,r2_test
268857440.0,0.9212301103712885,1249858.5,0.9213768335125143
168207488.0,0.9297932375172153,863383.125,0.9456883193162744
152406352.0,0.9569835961764693,799151.625,0.9497288462448418
136431472.0,0.9626080656568593,702461.6875,0.9558111890682406
104692400.0,0.9661655528126911,554952.375,0.965090357263627
101850992.0,0.9800616796311642,532847.4375,0.9664808862384582
92358832.0,0.9731118360620269,485064.65625,0.9694866898824783
119706520.0,0.9578481864954789,626013.4375,0.9606202157243326
93995728.0,0.9406348187334057,506562.0625,0.9681343825459855
