loss,r2,loss_test,r2_test
19578360.0,0.9396200946542764,1241671.25,0.9218918602179254
18099150.0,0.929099487893214,1202164.0,0.9243770867350342
17260760.0,0.9022062507817392,1250598.125,0.9213303068115207
10184901.0,0.9787603514014234,847786.6875,0.9466694281086458
5630195.0,0.969412052009531,699334.0,0.9560079373838641
3305558.5,0.9861977282967621,588371.3125,0.9629881130801263
4115248.5,0.9838205254842868,644345.0,0.959467058942676
2857822.5,0.9846868334374981,543226.0,0.9658280110496609
2735868.0,0.9866697994124964,535681.5,0.966302604110321
