loss,r2,loss_test,r2_test
9871148.0,0.9831676294074585,1271897.0,0.9199904793846986
9131278.0,0.984094192747243,1219713.625,0.9232731148744816
8189179.0,0.9838617831227133,1110308.625,0.9301553091539858
5712832.0,0.9873169755282222,798218.4375,0.949787546405107
5516900.0,0.984716862205405,824078.5,0.9481608052058066
4628821.0,0.9820639535638286,740596.4375,0.9534122967998108
3316398.5,0.9856481972585628,584362.1875,0.963240313800561
3112624.5,0.9871200970139671,540386.5625,0.9660066301816604
3153778.5,0.9873673407855807,535251.5625,0.9663296493596598
