loss,r2,loss_test,r2_test
7709360.0,0.9729774780473673,1231582.125,0.9225265259938036
6926561.5,0.9802976620531216,1177992.25,0.9258976354965912
4968518.0,0.9778645988418487,982037.9375,0.9382242602050902
2904335.25,0.9768496771270527,761305.8125,0.9521095582986919
3391724.25,0.9626678568103034,978903.6875,0.9384214249522403
2202778.0,0.9759158921642412,618093.9375,0.9611183928785578
1949359.5,0.9908613868646741,722038.8125,0.9545796725138943
2670123.75,0.9801480078846436,943708.1875,0.9406354269311477
1516836.0,0.9839973817113963,576384.6875,0.9637421431249781
