loss,r2,loss_test,r2_test
2588106.25,0.9375828807208519,1249477.0,0.9214008203130112
2370584.5,0.942688618198301,1227868.5,0.9227601312113521
1117932.0,0.9836998648469236,797681.375,0.9498213325923296
846868.25,0.9875623043897062,606262.0625,0.9618626901301329
