loss,r2,loss_test,r2_test
2779433.75,0.945405510997026,1256618.125,0.9209516240935689
2641500.0,0.9488882476659057,1226455.125,0.9228490283776118
2593697.0,0.9472959535827272,1183127.375,0.9255745973323132
1964448.5,0.959701847294337,1055458.125,0.9336057176418515
1566274.375,0.965048304719843,945111.25,0.9405471573482765
1274230.125,0.9726261015358615,736928.9375,0.9536430027454182
