loss,r2,loss_test,r2_test
505030.375,0.9747533093220819,651423.4375,0.9590217831642307
487349.40625,0.9772254763818284,595265.8125,0.9625544109692172
