loss,r2,loss_test,r2_test
55571148.0,0.9667995977579802,1080415.625,0.9320357467558295
48379408.0,0.9610674497130366,957862.5625,0.9397450263294057
25747394.0,0.9667482752046489,524594.6875,0.9670000275431904
25315268.0,0.9667355571516882,524035.59375,0.9670351956567274
