loss,r2,loss_test,r2_test
47608744.0,0.9724401178808106,1119595.75,0.9295710920607696
22871010.0,0.9970435494961878,551494.875,0.9653078482678203
