loss,r2,loss_test,r2_test
70345120.0,0.3337073449795931,1210630.375,0.9238444987910179
78723312.0,0.31866573539296283,1401913.0,0.9118117399933174
64821856.0,0.3831158581777845,1115286.125,0.9298421938748362
62754808.0,0.4621295860695941,1070778.125,0.932641998513589
59807008.0,0.5412996884960783,1035746.1875,0.9348457046344508
30847460.0,0.8956092630631121,631730.125,0.9602606030425127
