loss,r2,loss_test,r2_test
44033172.0,0.979500488324181,954495.5,0.939956834055225
23619234.0,0.9821610846060815,525356.5,0.9669521041944444
20953534.0,0.9897984134824278,479388.75,0.9698437361266452
