loss,r2,loss_test,r2_test
4828763.5,0.9514964453040404,1420629.0,0.910634413883164
2309318.5,0.9650623672345275,1013282.4375,0.9362588014018602
588738.5,0.9909994907413505,550592.75,0.9653646016787112
