loss,r2,loss_test,r2_test
17727360.0,0.8558612552683935,1265232.125,0.920409741829636
