loss,r2,loss_test,r2_test
15567677.0,0.9730191320531345,1299781.375,0.9182364004771768
15966926.0,0.9711436708206936,1324126.625,0.9167049484235256
