loss,r2,loss_test,r2_test
14609387.0,0.9766685002245709,1250710.375,0.9213232540808659
14219751.0,0.9710220320581541,1215530.0,0.9235362915533395
