loss,r2,loss_test,r2_test
18430474.0,0.9053886526536936,1437577.125,0.9095682655471663
