loss,r2,loss_test,r2_test
16513998.0,0.9325677652222976,1404859.0,0.9116264213890459
15681432.0,0.9450772706088402,1320603.375,0.9169265775801317
15802486.0,0.9455799187375272,1337714.5,0.9158501966978851
