loss,r2,loss_test,r2_test
17520288.0,0.9501969191717802,1442801.25,0.9092396514461404
16532352.0,0.9419934545591419,1347560.25,0.915230839134201
15181263.0,0.9556608324150622,1244748.5,0.9216982795103
14836542.0,0.9604741250405019,1221709.375,0.9231475787367518
