loss,r2,loss_test,r2_test
195941824.0,0.976759372773769,1385427.625,0.9128487641589202
199805536.0,0.9838859838346211,1420260.5,0.9106575778592
87803784.0,0.9808673153057323,642726.9375,0.9595688409080345
68295824.0,0.9780306639781251,525825.9375,0.9669225750081356
