loss,r2,loss_test,r2_test
95178168.0,0.9557119154974155,550688.8125,0.9653585650135306
