loss,r2,loss_test,r2_test
115068640.0,0.019826592525146847,15003953.0,0.05616652141870904
5414524.0,0.932411641530858,1102197.375,0.9306655487402281
