loss,r2,loss_test,r2_test
259125200.0,0.9240332393398981,1317735.5,0.9171069823218354
181786912.0,0.9752915776715483,1001740.8125,0.936984842457973
169147872.0,0.9567285862936835,892074.3125,0.9438834778335283
104146968.0,0.9894596360062454,596994.375,0.9624456802370991
