loss,r2,loss_test,r2_test
92064728.0,0.8100111980975006,583596.9375,0.9632884538190932
104121144.0,0.7257075581229407,652833.625,0.958933077157428
81754384.0,0.8391202297859107,520263.75,0.9672724670651316
