loss,r2,loss_test,r2_test
85704824.0,0.9348485505916376,1238623.25,0.9220835977112094
80887784.0,0.9332704257879487,1202446.0,0.9243593502890178
73514848.0,0.9414292475365541,1082407.625,0.931910435216702
70571504.0,0.942704038513718,1028000.5,0.9353329528584364
69754000.0,0.9432906286235584,1023014.625,0.93564659097393
70332928.0,0.9385042196601162,1038943.5625,0.9346445737306506
65856408.0,0.9461068806543943,960443.75,0.9395826620060678
63290860.0,0.9450828950956397,922946.8125,0.9419414240958127
54266692.0,0.9522506491164326,812337.0625,0.9488994076512888
