loss,r2,loss_test,r2_test
476721408.0,0.9852483841658435,888660.1875,0.9440982518654227
259266944.0,0.9821679224542578,491175.5,0.9691022872544425
150628096.0,0.9931704708454229,331938.46875,0.9791191930174474
141999904.0,0.997587522019687,331514.8125,0.9791458436771401
169336768.0,0.9964251257098438,373343.59375,0.9765145783097398
