loss,r2,loss_test,r2_test
212270896.0,0.9841558706985307,406269.15625,0.9744433726839592
232691216.0,0.9947546318625713,486933.78125,0.9693691117076608
181081968.0,0.9884621342339899,377882.1875,0.9762290741485248
