loss,r2,loss_test,r2_test
2171945.5,0.9824325920128734,1471020.25,0.9074645086950397
2055584.5,0.9750620351131647,1412890.25,0.9111212110773659
2095097.5,0.9564852191932188,1196954.125,0.9247048223959417
1971857.25,0.9797007472141046,1324631.75,0.9166731809750308
