loss,r2,loss_test,r2_test
52042456.0,0.936522032426581,1188962.25,0.9252075506865244
48981716.0,0.942177042268542,1126027.875,0.9291664761720764
42826412.0,0.9426846322586887,999031.4375,0.9371552771836865
34936452.0,0.9468173346699718,855128.25,0.9462075982039707
