loss,r2,loss_test,r2_test
44944340.0,0.964398789563458,1266681.25,0.9203185828317881
49411940.0,0.9636195677299324,1397151.5,0.9121112685683778
39195180.0,0.9726942283610718,1128832.625,0.9289900423508763
35966116.0,0.9753799102643368,1030123.125,0.9351994320555139
32279524.0,0.9816551106621818,929837.6875,0.9415079538006825
