loss,r2,loss_test,r2_test
5107943.0,0.9205021635765872,1273631.75,0.919881367638069
4547014.0,0.9290564299706292,1329245.625,0.9163829346447148
4233001.5,0.931621776911796,1247131.625,0.9215483733984866
3619006.0,0.9366339667992412,1293228.625,0.9186486016107193
