loss,r2,loss_test,r2_test
3011728.25,0.9259622219960502,1225145.0,0.9229314535372009
3155387.0,0.9208783031389085,1484097.75,0.9066418534239565
2803833.5,0.9228796619745244,1185095.25,0.9254508123451128
2513809.25,0.9286709702804092,1072631.75,0.932525398523821
