loss,r2,loss_test,r2_test
4644016.5,0.9395955293625978,1801319.25,0.8866868197508206
4623936.0,0.9101954049113916,1413370.75,0.9110909942426118
4122893.0,0.9365213237022106,1545794.5,0.9027607833785481
5482440.0,0.8802968302720009,1200575.0,0.9244770472507554
