loss,r2,loss_test,r2_test
2419826.5,0.38511961690761043,1285718.25,0.9191210610353107
2422880.0,0.2897815995812496,1280927.75,0.9194223981230928
2494794.0,0.21356186524042342,1300597.0,0.918185103449216
2024366.5,0.38093892508322724,1167180.25,0.9265777596885874
