loss,r2,loss_test,r2_test
3824620.0,0.9154520653089975,1398733.875,0.9120117272003093
3403071.25,0.952838890685499,1197710.875,0.9246572267819944
3298099.75,0.9513452960454277,1136154.625,0.9285294606838322
3051522.0,0.9508287850687245,1090776.375,0.9313839992650199
