loss,r2,loss_test,r2_test
47258948.0,0.87816837751922,1188173.75,0.9252571606814529
43807584.0,0.8959248948729933,1111973.125,0.9300506112092755
39789292.0,0.9104469986365455,1019276.5625,0.9358817346478252
31453288.0,0.9360763801984721,858165.75,0.9460165248440302
