loss,r2,loss_test,r2_test
19349440.0,0.8206751650052522,3034300.0,0.8091253785839132
7221625.0,0.9305511142607769,1262468.0,0.9205836316750688
7296615.0,0.9349393988939616,1316772.625,0.9171675587675565
6268494.0,0.9404426847882662,1182799.0,0.9255952518709368
6198382.0,0.9384774767983308,1161617.0,0.9269277178906781
5790510.5,0.9461094875273593,1135030.625,0.9286001537650127
5347058.0,0.9480014749114029,1066990.875,0.9328802463800948
5111277.5,0.9494506067324936,1034364.0625,0.9349326531556034
4885598.0,0.9519939053619312,995238.0,0.9373939014803275
