loss,r2,loss_test,r2_test
321392224.0,0.010397762889768458,14889359.0,0.06337503795848765
74816184.0,0.6647086432561421,2962344.75,0.8136517522922833
37618128.0,0.7542950229029093,1412752.375,0.9111298817725135
