loss,r2,loss_test,r2_test
319617056.0,0.004830755554797839,15365262.0,0.03343813265507123
310080512.0,0.014062711600097533,14985792.0,0.05730887408962604
237518032.0,0.3208549948078755,11396803.0,0.283076626688734
64033792.0,0.893719505048161,3223189.0,0.7972431649325986
37521140.0,0.9192756769485148,1968441.25,0.8761739081466011
30288090.0,0.9133129076696531,1529963.625,0.9037566400567894
24758864.0,0.9235015197641198,1284765.25,0.9191809973222239
