loss,r2,loss_test,r2_test
337307200.0,0.033762244010745346,14884445.0,0.06368427910128849
315900192.0,0.09978266373642253,13901891.0,0.12549249342741775
44719696.0,0.8530138650331761,1961135.375,0.8766335039438157
35384224.0,0.9203853814365178,1573063.0,0.9010454457714526
30994400.0,0.9397528641774995,1395098.875,0.9122403930829702
