loss,r2,loss_test,r2_test
39754776.0,0.8995847504781896,1873913.375,0.8821202423341084
43327220.0,0.8910140586609444,1943828.375,0.8777221968278897
28927826.0,0.9069714599073228,1345767.0,0.9153436387892271
27414524.0,0.9181113489866835,1277068.125,0.919665194914091
