loss,r2,loss_test,r2_test
309425344.0,-0.31519023285922243,14806676.0,0.06857633676764219
302078752.0,-0.5863368663651205,14287475.0,0.10123705471752487
243162624.0,0.14504882218155846,11646244.0,0.2673854116361303
41759292.0,0.7660348758459276,1948408.5,0.8774340976259448
28315816.0,0.8249131114752906,1582821.375,0.9004315896675372
23478342.0,0.8770198347754873,1339366.125,0.9157462948994068
