loss,r2,loss_test,r2_test
8078495.0,0.9745935755695775,732990.375,0.9538907590575815
5294896.0,0.9849095785944413,550481.0625,0.9653716303768164
3547770.5,0.9871231740372528,392346.71875,0.9753191731298608
3595347.0,0.9871300353531465,380576.875,0.9760595613094584
3216913.25,0.9880284718761341,389241.0625,0.9755145374770655
