loss,r2,loss_test,r2_test
1340685184.0,0.8120548255108607,4494416.5,0.7172757776718683
371402496.0,0.8802964073632007,1257493.0,0.9208965896580177
148812992.0,0.9622635207778799,545098.5,0.9657102219444481
127070272.0,0.974352092822529,476020.21875,0.9700556355512308
155185120.0,0.9539769831255825,606266.375,0.9618624146810293
