loss,r2,loss_test,r2_test
219115280.0,0.06326136393794768,14731066.0,0.0733326264281462
19193652.0,0.9523536981234219,1351036.0,0.915012191302793
17570688.0,0.9524638412557056,1282492.25,0.9193239850707736
17905748.0,0.9586503712295783,1266430.875,0.9203343417806397
15976776.0,0.9614152430175036,1165897.125,0.9266584724373494
