loss,r2,loss_test,r2_test
18862316.0,0.9491094786484916,1460440.75,0.9081300161307435
19995014.0,0.9400463510248029,1519268.0,0.9044294464303059
14424751.0,0.9605638628820288,1163215.625,0.9268271583855795
