loss,r2,loss_test,r2_test
51796556.0,0.7891706402036417,3961270.5,0.7508136791130836
14343999.0,0.9204643736790677,1261827.75,0.9206238974443985
13622046.0,0.9257028683206938,1202629.375,0.9243478137255006
15050123.0,0.9274060232843053,1308326.875,0.9176988431373865
12952536.0,0.9362597861964126,1162044.625,0.9269008249920174
