loss,r2,loss_test,r2_test
15331775.0,0.9302228965391073,1283969.125,0.9192310789254612
16511040.0,0.9293459434892647,1423308.5,0.9104658498272693
14046054.0,0.938080975682522,1239423.25,0.9220332712189354
