loss,r2,loss_test,r2_test
2504899.25,0.9899945938899494,837312.875,0.9473282810018663
2379023.5,0.989086452956,576884.75,0.9637106887135981
1847760.75,0.9937096146521951,520085.21875,0.9672836993285727
1316268.875,0.9938868706095542,554952.875,0.9650903268556927
1558185.625,0.9920230038912574,525452.625,0.9669460597272485
