loss,r2,loss_test,r2_test
9564042.0,0.8973487737736437,1253636.375,0.9211391779758064
6258019.0,0.9380678667854477,1150704.125,0.9276142051193446
4134182.75,0.9340924471749801,1224865.5,0.9229490384181689
4117662.0,0.9491263195205484,757463.375,0.9523512705001405
1733140.0,0.9582969024244292,1054965.875,0.9336366848296977
1407232.25,0.9735939531859381,1023699.75,0.9356034954838268
733552.0,0.9798024504280112,729030.9375,0.9541398311182507
