loss,r2,loss_test,r2_test
193116736.0,0.8949966997543406,972828.125,0.9388036132510538
81115416.0,0.9311619999427592,545608.6875,0.965678124104492
68137848.0,0.9805739887709917,468003.5,0.9705599323665811
67089144.0,0.9642811467172802,519301.6875,0.9673329866281454
56892244.0,0.9609388857472374,466893.5625,0.9706297574948358
