loss,r2,loss_test,r2_test
1180412.625,0.9895784556252603,618527.9375,0.9610910953982067
643323.125,0.994491560558338,535782.3125,0.9662962628528118
