loss,r2,loss_test,r2_test
106427400.0,0.9701102819120718,704498.25,0.9556830811116905
95466864.0,0.9776932403871228,667487.8125,0.9580112431336958
71310760.0,0.9824484145054887,517099.4375,0.967471518226783
