loss,r2,loss_test,r2_test
7986294.5,0.9057985808172068,1207007.375,0.92407241248672
6054604.5,0.9342607238863556,973884.75,0.9387371449260198
4481390.0,0.9371389509915649,683293.625,0.9570169676846166
3503764.25,0.975746328878353,584015.9375,0.9632620950879797
1873541.375,0.9771773597704951,579240.375,0.9635625068079017
1675855.625,0.9865924378234255,585090.8125,0.9631944791059659
