loss,r2,loss_test,r2_test
108720264.0,0.8181020199741031,3526863.75,0.7781403248997543
158131056.0,0.8027743771612823,4104454.25,0.7418066319757544
168760688.0,0.7089662575589678,5516812.5,0.6529613231198507
167671840.0,0.6349475701026689,6394374.5,0.5977576887260224
131546960.0,0.776095742999899,4529813.5,0.7150491393681191
124237072.0,0.7389195992296189,5057115.5,0.6818788304347554
113453136.0,0.6557709917736407,6077070.5,0.6177178891685109
