loss,r2,loss_test,r2_test
290631584.0,0.9704923559391565,528846.3125,0.966732574302006
182880976.0,0.9920797497976145,389830.625,0.9754774476720658
185421776.0,0.9817210621394927,372182.46875,0.9765876183907429
157226704.0,0.99309848864907,339641.8125,0.9786346110622599
183879776.0,0.9935789141639456,431690.28125,0.9728442399876653
155283376.0,0.998510526267368,363631.4375,0.977125524710014
144461152.0,0.9966087715409717,354987.625,0.9776692718036123
153925392.0,0.9612594088498816,375370.59375,0.9763870682064447
129752696.0,0.9865368802395703,343570.90625,0.9783874468755968
