loss,r2,loss_test,r2_test
395429184.0,0.9954186905108875,388150.25,0.9755831556350562
489626752.0,0.9770743460097997,511073.375,0.9678505969646855
345917504.0,0.9936155088902636,361960.71875,0.9772306243240149
304533312.0,0.9887709110296533,338254.46875,0.9787218796555561
326756224.0,0.9926727721234515,357258.25,0.9775264356473369
309898176.0,0.9912863894422056,350500.78125,0.9779515190483065
299211200.0,0.9921244405775329,343956.96875,0.978363160315206
274683488.0,0.9904631943225448,322778.71875,0.9796953932133524
289408096.0,0.9918821003173713,349822.46875,0.9779941896989295
