loss,r2,loss_test,r2_test
27044534.0,0.9356791319723327,1207796.0,0.9240228067013314
26543664.0,0.9351130863800178,1181418.375,0.925682101598955
25710718.0,0.9328449963329315,1127235.75,0.9290904956811455
21420044.0,0.9446212402021346,981968.75,0.9382286187789399
