loss,r2,loss_test,r2_test
33641052.0,0.9328844739996116,1210544.875,0.923849882054653
33232722.0,0.9244396736449733,1231410.25,0.9225373284981543
29743278.0,0.9338556814124829,1133452.125,0.9286994581102977
27473570.0,0.9385200199419558,1099110.0,0.9308597650787965
23534464.0,0.9434994176168484,1011641.9375,0.9363620014315652
21768276.0,0.944958455686167,982421.375,0.9382001407038432
