loss,r2,loss_test,r2_test
25569354.0,-0.09668178417743145,15564791.0,0.020886619053961275
1502605.5,0.9620811295116681,1408216.875,0.9114151927797954
1379969.0,0.9572002418730793,1255639.5,0.921013179969563
1209480.75,0.9659842910164557,1219725.25,0.9232723854119441
1241436.0,0.9634580907235075,1187889.5,0.9252750240422803
1105861.25,0.9850231634784014,1300259.25,0.9182063302362617
1975971.75,0.9194860422334837,1216586.25,0.9234698468429355
1259272.875,0.9646814439540357,1078448.375,0.9321595036953433
1347624.75,0.972893417024392,1440678.25,0.9093731976302929
