loss,r2,loss_test,r2_test
2373078.0,0.8921688371713036,1308657.0,0.9176780736154337
2058309.5,0.9006136194908863,1219436.25,0.9232905673004367
1968162.875,0.9112999806911244,1179119.625,0.9258267004015295
1864830.0,0.9091198457068144,1158492.25,0.9271242917646371
1704054.5,0.9256799537839755,1113898.875,0.9299294643085859
1761930.5,0.9134681412917475,1245900.125,0.9216258425334463
