loss,r2,loss_test,r2_test
16481854.0,0.6615747459533798,5886257.5,0.629721100997962
19122494.0,0.5630083230619928,7111107.0,0.552671193389871
20264276.0,0.5779881215433706,6901804.0,0.5658375237474014
18064564.0,0.6935359603120129,5466516.5,0.6561252113982587
