loss,r2,loss_test,r2_test
77260696.0,0.6632834320384708,5224583.5,0.6713441583122937
29056086.0,0.9303420261401837,1372142.25,0.9136844963647398
27461680.0,0.9410973440554202,1350385.0,0.9150531483066662
26119990.0,0.9287397312555872,1297946.25,0.918351849670496
