loss,r2,loss_test,r2_test
81817640.0,0.4957193989326618,5292809.0,0.6670524011645094
22445900.0,0.9317239584000305,1261915.75,0.9206183626317519
22244110.0,0.9364752686732991,1227889.125,0.9227588256027998
25938456.0,0.881478527951066,1636033.875,0.8970842224850889
21158366.0,0.9370634403703627,1179739.125,0.9257877334266561
