loss,r2,loss_test,r2_test
27758536.0,0.9031928926703208,1752326.125,0.889768771551347
21639782.0,0.95452068189822,1309610.75,0.9176180862933886
23015794.0,0.9467728885770578,1410856.125,0.9112491681192707
20595074.0,0.9613556682955997,1240693.125,0.9219533799578546
19962642.0,0.9614810721770964,1189135.5,0.9251966581249004
