loss,r2,loss_test,r2_test
26154866.0,0.9170980714984194,1729741.375,0.8911894860357092
22474142.0,0.9287882734864543,1349312.0,0.9151206480420542
21924172.0,0.9342811512178392,1309583.375,0.9176198063490094
22357658.0,0.934062831792702,1348869.75,0.915148471746823
21993608.0,0.9354682770748455,1313389.75,0.917380357071224
26175238.0,0.9073699305843772,1473863.125,0.9072856774260921
