loss,r2,loss_test,r2_test
16097134.0,0.9024747995856927,1403748.5,0.9116962862016049
14116317.0,0.9203549900593108,1245501.25,0.9216509318023268
14327285.0,0.9189107575273651,1264820.25,0.9204356465501217
