loss,r2,loss_test,r2_test
17195246.0,0.9369708756043247,1271715.375,0.9200019105494546
16468418.0,0.939476188607665,1234987.625,0.9223122916229038
15736909.0,0.9429765896638587,1201064.875,0.9244462237565658
15827718.0,0.9412227154102073,1212393.125,0.9237336242521269
