loss,r2,loss_test,r2_test
72901016.0,0.9499183928873002,1268483.0,0.9202052540236317
31769564.0,0.9674032206337713,627269.375,0.9605412071735119
