loss,r2,loss_test,r2_test
140608960.0,0.8724424493412926,1391500.125,0.9124667799188623
94621208.0,0.9412342332427837,954118.25,0.9399805659374199
50514296.0,0.967902847398593,527767.5,0.9668004418321406
