loss,r2,loss_test,r2_test
139129408.0,0.840101353453231,1181977.75,0.9256469174401482
112409056.0,0.8929366594204843,956820.8125,0.93981055914882
90941968.0,0.9484744955660697,865231.875,0.945572022912691
74842480.0,0.8000407536101024,715359.9375,0.9549998156174321
