loss,r2,loss_test,r2_test
103501280.0,0.9418380947937546,1083445.5,0.9318451552236039
63514940.0,0.9617717086058324,701541.75,0.9558690599259936
64430124.0,0.9480198339332173,688606.125,0.9566827834157268
