loss,r2,loss_test,r2_test
25046274.0,0.9470250255117175,2162899.75,0.8639413954530663
15299865.0,0.9709531513003975,1260476.0,0.9207089248306045
14404257.0,0.9765827601686327,1194836.375,0.9248380301804029
15818612.0,0.9680746134513482,1292730.75,0.9186799246166617
