loss,r2,loss_test,r2_test
136028272.0,-0.07210214329624098,12758818.0,0.19739816576876712
20492908.0,0.7440169642283834,1889067.75,0.8811669642703012
11382625.0,0.9092671241607129,1263403.375,0.9205247782686217
11918512.0,0.8926361989485134,1349119.75,0.9151327375703481
10681098.0,0.924119112188082,1226969.75,0.9228166615396695
