loss,r2,loss_test,r2_test
150537104.0,0.1678267379659576,12851536.0,0.1915657549589741
16229530.0,0.9390295161700788,1437890.125,0.9095485846359008
13261190.0,0.9361755703093653,1198047.125,0.9246360648671772
