loss,r2,loss_test,r2_test
13959956.0,0.9605871471180225,1239192.375,0.9220477934016637
14366462.0,0.9692718957789673,1285693.75,0.9191225932380289
14385964.0,0.968959613654185,1290807.5,0.9188009072455094
13179469.0,0.9566742056290429,1178702.375,0.925852956986974
18114128.0,0.8837065646314746,1586853.5,0.9001779331449336
