loss,r2,loss_test,r2_test
17543482.0,0.8956690175320322,1305878.125,0.9178528864264259
17278826.0,0.8828184759449045,1282979.875,0.9192933061622695
16183914.0,0.904327796682726,1237937.0,0.9221267606424597
15306164.0,0.9033374188211405,1184740.75,0.9254731130023803
15489583.0,0.896988795826359,1188988.75,0.9252058831493095
15004806.0,0.9074457340731527,1168702.5,0.9264820033968966
