loss,r2,loss_test,r2_test
15383603.0,0.9457278752058491,1419583.875,0.9107001467129336
13178946.0,0.9618872921567116,1190506.75,0.9251103997135326
13602001.0,0.9431418967102453,1259878.875,0.9207464935597879
