loss,r2,loss_test,r2_test
26154532.0,0.8578579093226879,2214253.0,0.8607109720417678
15858697.0,0.9549287361515122,1306038.25,0.9178428094741786
15310909.0,0.9573677661007152,1251716.75,0.9212599354424581
14695694.0,0.9644037228541101,1209206.0,0.9239341052791215
14970458.0,0.9642565425927407,1227219.25,0.9228009744466101
15950413.0,0.9598928275620268,1310416.0,0.9175674293686628
