loss,r2,loss_test,r2_test
161738224.0,0.11487689493692599,13039696.0,0.1797293244528404
18705030.0,0.8806956285663978,1461375.25,0.9080712388724921
16427009.0,0.9099728562935653,1367093.125,0.9140021129438047
16174096.0,0.9147618636481195,1338414.625,0.9158061555357814
16217121.0,0.9044949883323127,1253084.0,0.9211739250291215
14597507.0,0.9208335786334896,1176847.375,0.9259696451711469
