loss,r2,loss_test,r2_test
181343872.0,0.03336717172782644,15014997.0,0.05547174146733436
15139333.0,0.9442895556853907,1286544.125,0.9190691000833129
17160094.0,0.9404780617758264,1424360.375,0.9103996797607105
15143713.0,0.9481677209754432,1279597.375,0.9195060932424037
