loss,r2,loss_test,r2_test
17779898.0,0.9642492236351788,1406917.375,0.9114969417777317
17183684.0,0.9648953463009432,1264231.375,0.9204727019726767
16973040.0,0.9672928105454309,1317761.875,0.9171053300340579
15724635.0,0.9673924794711684,1182572.0,0.9256095297386483
