loss,r2,loss_test,r2_test
21370690.0,0.9382243376711853,1238770.75,0.9220743190331808
17650282.0,0.9471691143223985,1058663.125,0.9334041082743108
