loss,r2,loss_test,r2_test
17742796.0,0.9347720718513649,1315314.75,0.9172592668257651
19091174.0,0.9259567198561088,1422599.375,0.9105104562327149
15972184.0,0.9403847256984906,1216539.125,0.9234728113819488
18245564.0,0.9248923360347047,1387328.75,0.912729181597639
15821700.0,0.9416995872807937,1216087.875,0.9235012000395224
16393823.0,0.9436724432680561,1262953.625,0.9205530744679893
12479643.0,0.9558437005125985,975068.1875,0.9386626903723564
