loss,r2,loss_test,r2_test
199182736.0,0.053789676691810784,15115883.0,0.04912554588557061
193643648.0,0.08258421932416671,14660044.0,0.07780031470627025
