loss,r2,loss_test,r2_test
188808224.0,-0.012986894324825693,15311908.0,0.0367944436933626
185764816.0,-0.015301937367100393,15072508.0,0.05185395216259314
