loss,r2,loss_test,r2_test
181052560.0,0.025403252017082045,15301169.0,0.037470028669197686
172706592.0,0.06651456653821619,14587771.0,0.08234671325157583
162634784.0,0.15349445024099673,13762815.0,0.13424109380181848
