loss,r2,loss_test,r2_test
178090688.0,0.019343026647977934,15734173.0,0.01023153294571999
