loss,r2,loss_test,r2_test
188332128.0,0.05656397742085939,14613924.0,0.08070150427519518
