loss,r2,loss_test,r2_test
79213904.0,0.9417548616140757,1351343.625,0.9149928560987637
