loss,r2,loss_test,r2_test
47453164.0,0.9125976727862819,1308143.25,0.9177103946924607
