loss,r2,loss_test,r2_test
604303680.0,0.20485973424799309,12929567.0,0.18665714526803157
77209280.0,0.9273969321109098,1565313.625,0.9015329207898672
74061688.0,0.8980324517248702,1468112.5,0.9076474250579164
62867400.0,0.9052081798913375,1258406.25,0.9208391301922394
