loss,r2,loss_test,r2_test
61724212.0,0.9465335308886675,1374009.0,0.9135670593611458
