loss,r2,loss_test,r2_test
537354048.0,-0.19812982479169539,12936056.0,0.1862487960801702
56247004.0,0.9032098792454095,1472781.125,0.9073537407259797
