loss,r2,loss_test,r2_test
629181952.0,0.12891648684059442,13007745.0,0.181739270180594
64989876.0,0.9365528073949633,1304950.875,0.9179112178035621
