loss,r2,loss_test,r2_test
366025728.0,0.9028706541594238,724633.8125,0.9544164371472447
226277088.0,0.9314452202941678,449226.375,0.9717411215747759
203934144.0,0.9400458087903121,419065.59375,0.9736384048602187
