loss,r2,loss_test,r2_test
442496928.0,0.9876799551229757,813001.5,0.9488576015485828
286893696.0,0.9931366275868398,529883.5625,0.9666673311491228
198740768.0,0.9926841783326886,391410.625,0.9753780588996506
205930640.0,0.9928262755450384,405961.84375,0.9744627048173297
186221328.0,0.9915370432256109,375734.96875,0.9763641452697885
