loss,r2,loss_test,r2_test
14672786.0,0.9678499190098322,579492.375,0.9635466526155297
9549612.0,0.9802828017055669,407957.59375,0.9743371589766961
