loss,r2,loss_test,r2_test
274711008.0,0.9476648814904195,558090.3125,0.9648929620182118
186818848.0,0.9619659312104204,383514.125,0.9758747933241441
187405920.0,0.9274178268693675,409889.5,0.9742156291682957
149955408.0,0.9507373957951837,324422.9375,0.9795919598232598
161416400.0,0.9466953116259311,367508.40625,0.9768816445352464
