loss,r2,loss_test,r2_test
1340685184.0,0.8120548255108607,4494416.5,0.7172757776718683
371402496.0,0.8802964073632007,1257493.0,0.9208965896580177
277907264.0,0.9043901719704089,963214.75,0.9394083385794629
171417216.0,0.9359399386536921,651343.375,0.9590268169871682
125531240.0,0.9575435677518498,470120.125,0.9704267850726398
105882960.0,0.9799062107024916,412657.84375,0.9740414895197003
132431624.0,0.9840022443359964,511295.96875,0.9678365902281056
97473184.0,0.9782698980419021,387543.625,0.975621315062967
