loss,r2,loss_test,r2_test
17363328.0,-1.3912261801298977,12851632.0,0.19155961062559024
2625132.0,0.2605692531751628,1578062.25,0.9007309593978113
2196312.5,0.3782952300562903,1482475.375,0.9067439169307197
2518925.0,0.015497179034416497,1275677.625,0.9197526616472019
1972100.5,0.3465853498256871,1313137.5,0.9173962255582823
1888499.25,0.41901181245304886,1316769.25,0.917167766641345
1900086.25,0.3506616652343171,1247311.875,0.9215370206317754
2548404.5,-0.03398445365666136,1289184.25,0.9189030127858406
2047411.25,0.2058311929869393,1242387.25,0.9218468248116978
