loss,r2,loss_test,r2_test
42734984.0,0.9272734378491452,1508720.875,0.9050929269236266
42130116.0,0.9076695768922771,1472395.5,0.9073779991898108
39319076.0,0.9192405607023473,1364829.625,0.9141445045650005
38220328.0,0.931686917424723,1296552.25,0.9184395314091559
40996356.0,0.9270004893522813,1442780.875,0.9092409247633211
37222924.0,0.9266823294905793,1297936.375,0.9183524681066774
36856476.0,0.9328148835949279,1278618.375,0.9195676791543287
35717928.0,0.9301192711300758,1249765.5,0.9213826836786626
36438788.0,0.9312394014133253,1328510.75,0.9164291693238351
