loss,r2,loss_test,r2_test
38417432.0,0.10197988488011323,12830736.0,0.1928741470783607
5370644.0,0.862486810019859,1511452.125,0.9049211170527311
5321146.0,0.8552029467420064,1322784.875,0.9167893531641667
4565099.0,0.8793593538071532,1259603.5,0.9207638171125926
5521493.0,0.8460599902960535,1346441.0,0.9153012562061762
3935808.5,0.9026891656472066,1274364.625,0.9198352627826059
4393568.0,0.8828295424984605,1237500.625,0.922154216721645
6041378.5,0.8302062740689331,1380945.25,0.9131307277084091
5514123.0,0.8460085951508005,1263342.5,0.9205286231210269
