loss,r2,loss_test,r2_test
32950630.0,0.9254472836413322,1493813.375,0.9060306951770114
30122966.0,0.9220083270636966,1344783.25,0.9154055297832675
31162170.0,0.8986591599681916,1411472.125,0.9112104186344105
27310728.0,0.9182033660712634,1238557.875,0.9220876985142148
29410552.0,0.9108318419502125,1336434.0,0.9159307353531776
27530014.0,0.9164868232160995,1252016.25,0.9212411016517799
26560482.0,0.9236283001439325,1210121.0,0.9238765458927303
25662798.0,0.9283088354776285,1170617.125,0.9263615693081454
26029554.0,0.9338924609985413,1186975.625,0.9253325265893004
