loss,r2,loss_test,r2_test
29355696.0,0.9255205647200512,1420014.0,0.9106730879768397
26117442.0,0.9393405414888593,1306898.875,0.9177886708687955
25320922.0,0.9417136713983592,1252877.125,0.9211869427145007
25841596.0,0.9410795502573142,1260059.875,0.9207351063002599
27139104.0,0.9365851772924053,1363686.125,0.9142164439700262
24922962.0,0.9444372693887503,1220596.375,0.9232175930000972
24431864.0,0.947267252670033,1206296.0,0.9241171623479603
25267906.0,0.9428816193783156,1267666.875,0.9202565862490301
23524368.0,0.9495708318913226,1170597.375,0.9263628115230895
