loss,r2,loss_test,r2_test
31584412.0,0.18317086798407245,12373428.0,0.22164145383610112
4413184.0,0.8935081774562877,2020377.5,0.8729068388241347
2580394.5,0.9520408809630769,1282768.0,0.919306637953527
2670214.5,0.9550378610433007,1351292.25,0.9149960802518909
2289200.75,0.9600866975064873,1230017.5,0.9226249408531767
2201530.25,0.9643284063549287,1221805.75,0.9231415127274578
2534141.0,0.9585888139675866,1320370.0,0.9169412634964651
2135574.0,0.9645049508657193,1229593.125,0.9226516410756206
2377901.5,0.9598487919081384,1262454.5,0.9205844714933289
