loss,r2,loss_test,r2_test
21723372.0,0.16121329944262675,12901167.0,0.18844371980847596
3708492.0,0.8329979540573538,1904078.875,0.8802226701263923
1833534.0,0.9364078273530684,1295428.125,0.9185102444547799
1837042.75,0.9340864884173662,1306700.625,0.9178011360035342
1701253.25,0.9497598731508843,1351924.375,0.9149563136780734
1740266.875,0.9468014798900801,1422535.125,0.9105144912560459
1688121.75,0.9502913378033686,1304746.25,0.9179240753398259
1655283.125,0.9500893503545486,1220130.5,0.9232469002465388
2076986.0,0.9207854933085693,1262494.75,0.9205819401894855
