loss,r2,loss_test,r2_test
20486546.0,0.13793548223735008,12868950.0,0.19047022774268163
2534754.25,0.9643038672652322,1596801.125,0.8995521683879644
1936375.75,0.9472575402925603,1297676.25,0.9183688274657532
2043282.75,0.9314470402686179,1351977.625,0.9149529547496708
1989215.75,0.9560964201041507,1268138.75,0.9202268978170804
1870686.5,0.9566608474392566,1226479.125,0.9228475241360514
2054566.5,0.9552065722106027,1289245.25,0.9188991890869057
1830277.625,0.9568610907204087,1193811.625,0.9249025037253908
1920491.25,0.9381884894868419,1241490.5,0.921903225454285
