loss,r2,loss_test,r2_test
25633324.0,0.170059120957878,12774751.0,0.19639587675910553
3132367.5,0.9352323329550687,1839543.625,0.8842822966447011
1702138.0,0.9767821523702822,1503397.125,0.9054278108976573
2022586.25,0.9558271982652953,1290964.375,0.9187910341853269
1514164.0,0.9771563916977638,1324465.5,0.9166836277881645
1604462.0,0.9779874252814313,1379548.0,0.9132186312829909
1820032.0,0.9606033106089462,1279430.125,0.9195166168524584
1949410.0,0.9539446546432422,1279952.5,0.9194837512971468
1390708.125,0.9768151928962708,1238634.5,0.9220828885242978
