loss,r2,loss_test,r2_test
128158408.0,0.9712011388813659,1213718.375,0.9236502468666068
125688280.0,0.9756073896714685,1189624.5,0.9251658933838346
130546816.0,0.9440576964848709,1300065.875,0.9182185046062277
89552920.0,0.9883666175956424,887743.25,0.9441559279274346
