loss,r2,loss_test,r2_test
129200248.0,0.9772357224116478,1318704.75,0.9170460120283916
118132392.0,0.9755416139784963,1226862.375,0.922823420641955
116051264.0,0.9755020712356629,1216954.125,0.9234467108028723
99643424.0,0.9802593920427923,1075902.125,0.9323196715102575
82225384.0,0.9881444125319422,918093.625,0.9422467138551959
