loss,r2,loss_test,r2_test
4921092.5,0.9862359331557761,1917497.5,0.8793785547169973
3170977.25,0.9833633350276779,1322673.25,0.916796370138095
2186935.25,0.9885458614092235,1217726.625,0.923398111864954
1050726.75,0.9922287589580164,778416.75,0.9510331831718313
781313.9375,0.9969869193493947,652038.5625,0.9589830893931598
728160.5625,0.9980528474887633,575945.5,0.9637697748075496
432748.90625,0.9977727122946121,581536.3125,0.9634180772998859
389138.03125,0.9965123402113504,600039.0625,0.9622541518466372
311752.40625,0.9985066684965023,507605.09375,0.9680687686020594
