loss,r2,loss_test,r2_test
113721024.0,0.8937712686402427,1186244.25,0.9253785361980833
93508904.0,0.9083561993399321,1091712.625,0.9313251016526474
53224792.0,0.935183828314796,654971.875,0.958798564623671
38800756.0,0.9166320384157076,491281.59375,0.9690956087980271
40487168.0,0.9073755950638723,529692.6875,0.9666793408569432
37834596.0,0.9283130519405747,497666.0,0.9686939931057928
38167896.0,0.9231700919738204,511277.5,0.9678377559703955
43798596.0,0.9291693419540052,572673.625,0.963975589386473
31987918.0,0.9080075483855226,445700.5625,0.9719629151525633
