loss,r2,loss_test,r2_test
6828887.0,0.9554910993005379,1200744.75,0.9244663750229232
5948042.5,0.9458303862923901,1112745.75,0.9300020056916536
3538356.5,0.9559808319616656,677279.9375,0.9573952593670323
2377259.75,0.9832211070462122,615097.0,0.9613069237681318
2133921.5,0.9772817038567998,584651.625,0.9632221105748006
1937825.375,0.97442843334828,558378.9375,0.964874804099075
1424330.75,0.9805237118873084,519437.65625,0.9673244367987642
1339965.625,0.9841251867625777,496650.71875,0.968757862683659
1421590.5,0.9847217981823381,458968.5625,0.9711282825387677
