loss,r2,loss_test,r2_test
39738800.0,0.8948917677247584,999481.125,0.9371269826156434
32182912.0,0.9430151960176416,878450.5625,0.9447404925592446
23084682.0,0.9499962775127028,634955.625,0.960057701641184
22790328.0,0.9583658900861493,588216.875,0.9629978294840872
15580398.0,0.971935065676385,447334.84375,0.9718601095484012
14751393.0,0.9758645232197275,437312.34375,0.9724905807708127
