loss,r2,loss_test,r2_test
3438800.0,0.8842092747393142,1291205.875,0.9187758523583276
3965039.5,0.8306288474504073,1541167.625,0.9030518420759276
3003243.5,0.8847090326022502,1286416.375,0.9190771382138403
1707805.25,0.9129398241715265,1553618.375,0.9022686234822646
1011501.625,0.9554087068723638,1071960.75,0.9325676077011675
792370.6875,0.9691186455346821,982910.0625,0.9381694014104587
637544.875,0.9681865123889355,912365.375,0.9426070509640531
465880.71875,0.974398330358519,984185.875,0.938089149413061
361929.125,0.9800727866318384,851014.25,0.9464663952198561
