loss,r2,loss_test,r2_test
51097732.0,0.945282955613527,1118394.25,0.9296466812879791
46992592.0,0.9447936095276511,1037089.25,0.9347612298654949
36770160.0,0.9633468491471133,821209.4375,0.9483412813347343
20861460.0,0.9803891761507458,546479.8125,0.965623335011024
