loss,r2,loss_test,r2_test
1528449.625,0.9858625670294082,1410426.75,0.9112761855410256
667749.875,0.9923631308327453,846420.3125,0.9467553803644855
396767.375,0.9931155891520049,705744.75,0.9556046644908054
353670.6875,0.9955702636735478,685392.6875,0.9568849260524993
308309.3125,0.9975595023778926,600947.0625,0.9621970317914005
262412.90625,0.9964948571887409,643242.4375,0.9595364145941239
228730.90625,0.9986722490340046,472999.625,0.9702456507370919
