loss,r2,loss_test,r2_test
1488723.0,0.9870010883154746,1490389.25,0.9062460864235896
539267.1875,0.9868454420587985,551952.5,0.9652790657540014
510733.8125,0.9868765693442988,578320.125,0.9636203957890664
