loss,r2,loss_test,r2_test
71780240.0,0.9022349215937882,1376427.5,0.9134149270888996
17328592.0,0.9716868781686732,504454.65625,0.9682669530953352
16953360.0,0.9759734747011991,483002.53125,0.9696164103854827
