loss,r2,loss_test,r2_test
51104020.0,0.9438204741236436,1117482.625,0.9297040255135287
48671576.0,0.9454874294292579,1084487.25,0.9317796232161035
34035724.0,0.9663771953137791,745983.3125,0.9530734308203936
34201336.0,0.9575041171060956,842908.875,0.946976265625095
22864446.0,0.9721979570540652,598124.0,0.9623746216605368
