loss,r2,loss_test,r2_test
33771544.0,0.9645131739038997,763392.125,0.9519783217869617
16008818.0,0.979288133704437,445066.0,0.9720028312447123
