loss,r2,loss_test,r2_test
3807162.0,0.9198035253455622,1411188.5,0.9112282643334616
3420424.5,0.9479880204106853,1217357.375,0.9234213415887906
2851546.5,0.9576985101293037,1026386.875,0.9354344675310943
1200744.25,0.9733866988726718,632760.5,0.9601957854109355
