loss,r2,loss_test,r2_test
4558267.5,0.9346755943714735,1306225.625,0.9178310229849911
4862869.0,0.9206482367783841,1234468.875,0.9223449331240784
760681.875,0.9919213630749841,674759.8125,0.9575537948175739
594142.25,0.992363145757424,521644.53125,0.9671856107125354
