loss,r2,loss_test,r2_test
47122620.0,0.9251556266324096,1065481.0,0.9329752214923068
18136864.0,0.9468496580237382,484530.9375,0.9695202671173059
