loss,r2,loss_test,r2_test
1221238.375,0.9832834381184717,1340085.125,0.9157010709901787
782694.5,0.9900033463776615,1009591.0,0.9364910177210859
297349.5625,0.9974256658488737,588988.5625,0.9629492878653437
