loss,r2,loss_test,r2_test
50853384.0,0.9331570936185418,1248102.0,0.9214873345379145
48523992.0,0.9368851346850355,1211567.25,0.9237855678196636
26530568.0,0.947363763375801,734297.125,0.9538085561116423
29022882.0,0.9459960698375494,730201.3125,0.9540662089680543
18819880.0,0.9524735015729365,538337.75,0.9661355141075023
13989325.0,0.943526872816586,457841.5625,0.9711991768104089
15264781.0,0.9441401110255017,487094.71875,0.96935898507728
14094261.0,0.9501003435601091,481821.09375,0.9696907269580982
15587552.0,0.9514612458509563,554096.3125,0.9651442084190922
