loss,r2,loss_test,r2_test
55412752.0,0.9391444279144224,1259342.125,0.9207802524369747
32819136.0,0.9592147534332662,869979.8125,0.9452733529164544
20690610.0,0.969652755649384,566650.9375,0.9643544566739013
18675842.0,0.980841458847882,521757.09375,0.9671785286758582
26705488.0,0.9669224146004175,671007.75,0.9577898223260178
14124470.0,0.9782866621207947,458886.21875,0.971133464926445
13244452.0,0.9810261520043154,443901.53125,0.9720760817468952
