loss,r2,loss_test,r2_test
56029480.0,0.9691758811726086,1225149.5,0.9229311739182138
45591572.0,0.9569412989644431,1013229.3125,0.9362621436416053
16816698.0,0.980944008678476,507825.46875,0.968054909175832
21274478.0,0.965966931313736,594825.75,0.9625820946941137
16818564.0,0.9734660381654097,505766.96875,0.9681844018019563
16273478.0,0.9727614986609769,506206.53125,0.9681567491348444
15099436.0,0.9771646031414575,532725.4375,0.9664885547924468
12963839.0,0.9780471406734381,468584.65625,0.970523375806026
