loss,r2,loss_test,r2_test
35693588.0,0.9484084242980604,1043218.6875,0.9343756450982587
20990398.0,0.964780022741895,625394.75,0.9606591340415842
25193046.0,0.9472918823916603,668667.9375,0.9579370066349036
16893096.0,0.9610782854434681,538471.8125,0.9661270771954442
15352912.0,0.9712626101800391,496878.875,0.9687435086591366
12248900.0,0.9732267788996752,482903.40625,0.9696226436223286
