loss,r2,loss_test,r2_test
43056004.0,0.9208999972606579,1194321.0,0.9248704592436177
30737174.0,0.9405965219715586,899261.25,0.9434313779622565
23442578.0,0.9643798589927207,741366.8125,0.9533638340508857
19507182.0,0.9668358070138467,635751.8125,0.9600076146872083
18880028.0,0.9686982867775885,598288.6875,0.9623642562731545
16193823.0,0.974160352970011,537178.5,0.9662084317121383
13010935.0,0.9695680727148824,492438.0625,0.9690228599923897
11019644.0,0.987006464553273,468308.0,0.9705407773423759
13952281.0,0.9766160765855806,548100.625,0.9655213723830998
