loss,r2,loss_test,r2_test
44287216.0,0.9813985162240265,999179.5,0.9371459567040663
18956406.0,0.9841918379290585,579175.4375,0.9635665921709271
16315668.0,0.9937208572151521,522513.40625,0.967130951186071
15270475.0,0.9943166005721761,482776.9375,0.9696305997756041
16626779.0,0.9936696830223469,520102.0,0.9672826424873862
10973584.0,0.9953271290244807,463795.875,0.9708246170415769
11032769.0,0.9949356872372407,439860.15625,0.9723303078177146
