loss,r2,loss_test,r2_test
183310512.0,0.9707083414777035,1295166.75,0.9185266908462615
171400288.0,0.9666725071000504,1212441.0,0.923730593830437
96715568.0,0.9795942107729011,731290.3125,0.9539977017244977
92013888.0,0.9845405517880433,678558.375,0.9573148426093275
66280180.0,0.977796190101695,514188.875,0.9676546108344982
