loss,r2,loss_test,r2_test
586896256.0,0.18840179237672794,11708799.0,0.2634503356130865
95404072.0,0.8743519770865906,1986094.5,0.8750634374223705
64732408.0,0.922580695858896,1386788.625,0.9127631554228822
70897848.0,0.9108744595684044,1534165.875,0.9034922924441158
