loss,r2,loss_test,r2_test
657339456.0,0.31207798835806655,11177413.0,0.29687750299325333
122894752.0,0.932698481219653,2349357.25,0.8522121411635003
83767712.0,0.9444740168646264,1408056.375,0.9114252988742247
74223368.0,0.9653904051993567,1293744.5,0.9186161609404917
