loss,r2,loss_test,r2_test
611322944.0,0.2740340774372759,11614578.0,0.26937741633930024
136086816.0,0.8788919406697431,2580618.25,0.837664514068568
77359632.0,0.9365744376647475,1380613.625,0.9131515890446467
78333088.0,0.9392763428451165,1388296.125,0.9126683295208486
