loss,r2,loss_test,r2_test
614569408.0,0.33184385117497095,10962524.0,0.3103952418760112
327394624.0,0.7742016102810516,4399073.5,0.7232733843738057
236021200.0,0.8495446315713178,2643995.25,0.8336777439468157
220729184.0,0.8652411067795772,2161698.5,0.8640169348126945
