loss,r2,loss_test,r2_test
32817352.0,0.9355951724119094,1269118.75,0.9201652525334156
32871152.0,0.9421901162036015,1322193.875,0.916826527694662
32305168.0,0.9406886864529898,1213157.875,0.9236855118940208
31330154.0,0.9448241736818159,1197389.5,0.9246774274968533
33388990.0,0.9360997426852189,1214188.875,0.9236206537189211
30394792.0,0.9507590568623033,1172453.25,0.9262460543915144
30158550.0,0.9509811973515528,1194420.125,0.9248642215417251
29518684.0,0.9541629015357319,1099691.25,0.9308232029942036
28752894.0,0.955052441633681,1136247.125,0.9285236270202312
