loss,r2,loss_test,r2_test
28898882.0,0.9742368754201363,1238328.5,0.9221021343583753
29037140.0,0.9767315987358102,1267490.0,0.9202677112938199
27361222.0,0.9756068530682138,1201770.125,0.9244018681782517
26818088.0,0.9759195940333895,1188150.25,0.9252586302223874
31012516.0,0.9688516881122036,1368976.75,0.913883613333723
28321186.0,0.9559462544333874,1290833.375,0.9187992806080727
35109516.0,0.9531458710555614,1541122.5,0.9030546785649529
24146716.0,0.9731819797903924,1110658.75,0.9301332853413005
23232926.0,0.9755910130673003,1067870.125,0.9328249421866726
