loss,r2,loss_test,r2_test
43536076.0,0.903354870190268,1350660.125,0.915035839097724
39814996.0,0.8980145885937777,1259020.0,0.9208005285824645
39397380.0,0.8978804569481339,1243674.0,0.9217658718004909
38919992.0,0.9021045506850385,1200116.625,0.9245058842893293
38655024.0,0.8990604233134448,1231652.875,0.9225220659583004
38341168.0,0.9103361011226055,1169108.875,0.9264564440646642
37650588.0,0.9054003245041998,1209741.125,0.9239004439897753
39768664.0,0.9180295737508762,1205004.0,0.9241984292696582
34814956.0,0.9246315292211738,1097945.0,0.9309330509865636
