loss,r2,loss_test,r2_test
34405348.0,0.7187484516274703,1288701.0,0.9189334118579233
36759228.0,0.7052698255070484,1382955.5,0.9130042876029146
33426294.0,0.7212257842495815,1259062.125,0.9207978758882444
32772522.0,0.7515770042229912,1271875.125,0.9199918726226459
30655668.0,0.7340626055796264,1165521.375,0.9266821111773039
30521720.0,0.7304095790489762,1169004.75,0.9264629826878135
28420312.0,0.7437138995965714,1131201.875,0.9288410033069656
27323298.0,0.7468971679071282,1100257.5,0.9307875786402766
26739576.0,0.7326107698017341,1069198.0,0.9327413977432812
