loss,r2,loss_test,r2_test
29808462.0,0.9738406395854208,1263321.25,0.9205299495867478
29008512.0,0.9743796888328763,1230396.375,0.9226011102836869
30627092.0,0.9684101075158361,1312738.25,0.9174213419756632
28075262.0,0.9749048844013907,1197558.0,0.9246668343049927
27583490.0,0.9756163721012071,1175776.5,0.9260370142723124
26954786.0,0.9755441706351236,1158772.5,0.9271066646968465
26552162.0,0.9751867319170293,1140786.625,0.9282380723991857
25953766.0,0.9745662198996077,1115529.125,0.9298269211030397
30357576.0,0.9630881010084904,1300638.0,0.9181825221828702
