loss,r2,loss_test,r2_test
29384894.0,0.9184956302011063,1367711.5,0.9139632131225136
25743118.0,0.9223429962264175,1226990.625,0.9228153548739155
29322080.0,0.9230037510735943,1367774.25,0.9139592559771365
24700408.0,0.9189224912893457,1194283.0,0.9248728446781086
27813536.0,0.9244553332364376,1310355.375,0.9175712378947513
25409366.0,0.9121418962871908,1225648.5,0.9228997780208191
23491916.0,0.9227555339515494,1154409.75,0.9273811024197373
21773462.0,0.9274140996536334,1085863.625,0.9316930384654
21730648.0,0.9353152335888949,1083978.375,0.9318116291412044
