loss,r2,loss_test,r2_test
72898624.0,0.8865951750067685,1192634.375,0.9249765594424707
38258060.0,0.9008549056001339,753295.875,0.9526134317144547
28651012.0,0.9407130104233083,612047.9375,0.961498725608843
