loss,r2,loss_test,r2_test
798814784.0,0.8771595626637546,1467442.625,0.9076895589423823
693177024.0,0.9385040650314008,1266690.75,0.9203179891369565
664777728.0,0.9209071890049859,1193615.375,0.9249148441111078
414674016.0,0.9756032010750983,760771.75,0.9521431582671914
293493504.0,0.9804185593562376,538141.0,0.9661478875485427
