loss,r2,loss_test,r2_test
67829992.0,0.9425064773510021,978630.125,0.9384386352882103
46574136.0,0.9608488010191358,689358.125,0.9566354768617547
33053842.0,0.9650497779703942,498013.875,0.9686721086900246
26795314.0,0.9713192557323189,424413.15625,0.9733020135519589
23497488.0,0.9711048358569513,389217.09375,0.9755160421427642
31181970.0,0.9623514049610057,524844.1875,0.9669843313207731
21076562.0,0.9773935231182553,360144.53125,0.9773448693103042
20568750.0,0.9810282724382161,356955.0625,0.977545505637387
20632214.0,0.9765883550418885,367417.375,0.9768873682689674
