loss,r2,loss_test,r2_test
191219152.0,0.8772030864704918,3806540.25,0.7605470947337833
69451864.0,0.9540337291271601,1385838.375,0.9128229248027193
79325496.0,0.9022795454715832,1579313.625,0.9006522412304339
56748492.0,0.9464174036259797,1153830.25,0.9274175510873908
65752724.0,0.9485142913042225,1326952.5,0.9165271875303123
57399992.0,0.9371551835279559,1168895.625,0.9264698531518124
55122600.0,0.9438713889274477,1122339.25,0.92939852083189
