loss,r2,loss_test,r2_test
45500256.0,0.06763669547487527,14980053.0,0.057670016000616275
17308586.0,0.6402366297665864,4988709.0,0.6861820270001671
3940994.0,0.9417085312112096,1233942.625,0.9223780236997949
3661299.5,0.9505196902424856,1203017.625,0.9243233860612775
3328244.0,0.9566928450212026,1152219.75,0.9275188638956605
3089173.25,0.9603354615094937,1145484.25,0.9279425565092557
3074427.0,0.9625927834952839,1101411.375,0.9307149974636338
