loss,r2,loss_test,r2_test
3119279.0,0.9367951317594126,1620219.375,0.8980790422475395
2687297.5,0.9400353843084278,1426351.875,0.9102744047546593
2442743.0,0.9507572208924,1271320.125,0.9200267775256554
2845319.75,0.9564337958512502,1331190.625,0.9162605821260665
2341867.0,0.9561791591847622,1202171.625,0.9243766091847847
2683124.75,0.9644257261865187,1265689.5,0.9203809766580424
2345087.5,0.9515532198776113,1225016.5,0.9229395409109391
2047262.375,0.9655005180299896,1098430.375,0.9309025111208982
