loss,r2,loss_test,r2_test
57950656.0,0.7799901019206572,4359739.0,0.7257477653336255
16990870.0,0.9478832730092407,1305328.5,0.9178874504661786
16341120.0,0.9416579580072426,1260313.25,0.9207191687379636
15819017.0,0.9464480590769481,1234366.75,0.9223513580089068
17241354.0,0.9314102605197486,1314776.625,0.9172931191932792
