loss,r2,loss_test,r2_test
18545294.0,0.9480143352223895,1263781.625,0.9205009818735831
