loss,r2,loss_test,r2_test
23003956.0,0.9281768836509239,1331265.125,0.9162558849710261
22873652.0,0.9184206732081839,1369503.125,0.913850514223218
22502572.0,0.9346159908623702,1253185.75,0.9211675251807636
23395526.0,0.9086801080168174,1424758.125,0.9103746483130288
