loss,r2,loss_test,r2_test
13898894.0,0.9511661612815714,1227634.75,0.9227748313813209
13963413.0,0.94604950113275,1240124.875,0.9219891359584215
