loss,r2,loss_test,r2_test
21056560.0,0.9214744746391876,1406322.75,0.9115343529437334
