loss,r2,loss_test,r2_test
16634273.0,0.9411561273935863,1249302.5,0.9214118027237073
18025268.0,0.9296467453936449,1361930.25,0.914326883430573
