loss,r2,loss_test,r2_test
16472864.0,0.9490238504075847,1257592.875,0.9208902992157344
16163125.0,0.9525138764881244,1237840.625,0.9221328117723091
