loss,r2,loss_test,r2_test
20456386.0,0.9637799236919765,1356071.125,0.9146954603408424
