loss,r2,loss_test,r2_test
334645312.0,0.9577561004914403,341836.53125,0.9784965492247698
305751840.0,0.9581930299103444,344634.78125,0.9783205224032674
309072640.0,0.9375514815705579,353378.9375,0.9777704668241058
314892800.0,0.9224861232694945,382803.0625,0.9759195231534338
376404800.0,0.9082873895541389,460654.71875,0.9710222127095345
