loss,r2,loss_test,r2_test
12286086.0,0.9905465003402608,423297.75,0.9733721783131484
10138710.0,0.9905503693656341,384716.46875,0.975799157383655
10967914.0,0.9888924583060162,421595.15625,0.9734792838766014
9043778.0,0.989003154199989,448749.5,0.9717711175515329
9695106.0,0.9868302750206985,409517.71875,0.9742390196732142
9990345.0,0.9893721128472276,535861.875,0.9662912621799781
5650681.0,0.9940047797479739,505293.96875,0.9682141513079219
8744078.0,0.9933854443265704,404009.65625,0.9745855062854598
