loss,r2,loss_test,r2_test
320066016.0,0.9577390336247467,589549.6875,0.9629139928439615
267705616.0,0.9767862096725707,539721.25,0.9660484804386181
230808400.0,0.977603972827588,493734.34375,0.9689413173430688
159159600.0,0.9968283412300203,353560.9375,0.9777590173741603
177915760.0,0.9776039631720735,376702.46875,0.9763032851089527
