loss,r2,loss_test,r2_test
12896303.0,0.9251192502454161,1200753.375,0.924465825246435
12808175.0,0.9218098595144283,1211029.75,0.923819391961948
12768372.0,0.916357683892106,1220950.0,0.9231953442671841
7307626.5,0.9383331672722397,782558.1875,0.9507726665759318
7701970.5,0.9320057426865608,804452.8125,0.9493953715735982
6778717.5,0.9544061527811843,697421.0,0.9561282739815875
5530740.5,0.9611146522543368,559748.375,0.9647886644321787
5148092.5,0.959484792853257,533102.75,0.9664648273642237
4956255.5,0.9474377810864362,509023.3125,0.9679795555845475
