loss,r2,loss_test,r2_test
13316412.0,0.9388165781020994,1213678.375,0.9236527753846618
9334442.0,0.9577027055403089,917589.8125,0.9422784095957262
5063901.0,0.9742660976489048,579778.3125,0.9635286697589265
4695798.0,0.9743019191948018,544981.875,0.9657175618344457
4317128.0,0.9744807041517766,502461.03125,0.9683923597552957
