loss,r2,loss_test,r2_test
14590372.0,0.9596453327619743,1327768.625,0.9164758500532392
12692215.0,0.9440578860576788,1169107.25,0.9264565393469077
9337458.0,0.9607390501867396,899167.75,0.9434372627908868
6026110.5,0.9797383378960979,690158.625,0.9565851214935999
5262606.0,0.986481022702217,611195.3125,0.9615523558208396
4601673.0,0.9830837136215541,558447.5625,0.9648704902894747
4377647.0,0.9854489425602708,539700.5625,0.9660497834643765
4467439.0,0.9886661599767175,521274.0,0.9672089173055423
3929157.25,0.9895913332179178,495455.0,0.9688330747699863
