loss,r2,loss_test,r2_test
12450521.0,0.9536278582088731,1203522.5,0.9242916347788437
12036737.0,0.9627448311441835,1154820.125,0.9273552880351708
11378827.0,0.973103809230451,1052536.5,0.9337894965238951
9318374.0,0.9869152652163445,894145.1875,0.943753219239727
6703920.0,0.985188062998705,627908.75,0.9605009905116197
6323911.0,0.9817895202933051,574307.5,0.9638728121809095
6017730.0,0.9817516975055255,552186.9375,0.9652643224549294
6742984.5,0.9761944915502805,583313.1875,0.9633063019469769
5935907.0,0.9777128730410797,581076.0,0.963447035565038
