loss,r2,loss_test,r2_test
14230291.0,0.9219079495573899,1158764.75,0.9271071495370832
11187785.0,0.9511756547585801,1056903.75,0.9335147798966008
9758518.0,0.9673910672923289,1026569.125,0.9354229934357229
8657367.0,0.9751991790166594,967852.5625,0.9391166005810737
7512144.0,0.9735567566775472,785946.5,0.950559519764114
5402710.0,0.9854677585618716,558936.875,0.964839708498134
4914930.0,0.9860993359596407,533903.6875,0.9664144405364419
