loss,r2,loss_test,r2_test
16700389.0,0.9387953558452636,1253131.25,0.9211709453357342
16169075.0,0.9453834017292918,1259693.875,0.9207581311805562
14996758.0,0.9531545003567032,1144722.625,0.9279904743306638
14912987.0,0.9544993485609963,1213644.375,0.923654906929334
13651950.0,0.956470133173367,1063010.25,0.9331306450200656
8189791.5,0.9692092871409447,641290.8125,0.9596591809423456
6687927.0,0.9722160618372321,590595.375,0.962848211281358
6660552.5,0.9655849328409122,555044.25,0.9650845782351201
5960657.0,0.9705487700852552,526208.375,0.9668985164389721
