loss,r2,loss_test,r2_test
543896192.0,0.9600913555010725,1013094.875,0.9362706048790314
273015328.0,0.9796667889246365,529201.375,0.966710245132469
246185040.0,0.9915160163190747,466855.3125,0.9706321634004741
209493824.0,0.9958993682233153,412605.0,0.9740448136752567
192320240.0,0.9972364737221041,383681.96875,0.9758642360229998
