loss,r2,loss_test,r2_test
147797920.0,0.9680791860883997,1712719.125,0.8922602815296811
112187160.0,0.9534069385528139,1283392.25,0.9192673664562705
112442160.0,0.9422214088433969,1289578.875,0.9188781943872243
120168048.0,0.9413985310361973,1393120.125,0.9123648617661793
106444208.0,0.95451063495015,1228809.25,0.9227009427727252
109347440.0,0.9538946855598199,1267934.25,0.9202397538170151
110932608.0,0.9484799978105106,1288224.625,0.918963391076429
102683384.0,0.9678046603916757,1189965.25,0.9251444587352073
101217392.0,0.9725733620697127,1173536.25,0.9261779353101878
