loss,r2,loss_test,r2_test
144076320.0,0.9703689919778656,1758791.625,0.8893620695967898
131446296.0,0.9671749771652127,1571112.5,0.9011681427347104
106854360.0,0.9874060362463923,1271417.25,0.9200206568608691
105470544.0,0.9835330237871144,1253677.625,0.9211365916947626
104591816.0,0.9822057491419475,1238233.5,0.9221081066447033
122782248.0,0.9410133014386007,1424514.75,0.9103899624360524
124305360.0,0.9496451321298083,1439305.125,0.9094595739866816
100001080.0,0.9809759836329284,1193021.125,0.9249522255660008
102302424.0,0.9693240728211718,1211056.125,0.9238177252877406
