loss,r2,loss_test,r2_test
192099504.0,0.8614623383539132,2066156.0,0.8700271115396762
148080992.0,0.9463826168895405,1449708.625,0.9088051275767641
129048432.0,0.9615694089949284,1345575.375,0.9153557012714277
128774000.0,0.9633449423390941,1320775.0,0.9169157783314761
125565360.0,0.9690952355031573,1248845.5,0.9214405549153528
125896464.0,0.9711100616943419,1246631.875,0.9215798054643758
127406192.0,0.9680854020977459,1294454.875,0.918571469909025
128620048.0,0.9698419726496746,1304400.25,0.9179458500312694
146147648.0,0.9596180486143173,1579271.375,0.9006548952642464
