loss,r2,loss_test,r2_test
44707784.0,0.08930156828450397,14694544.0,0.07563009260242692
15141085.0,0.7277045819872053,4959683.5,0.68800784769079
7319755.0,0.9220698773876664,1791466.5,0.8873066228953417
6297248.5,0.9444875052743326,1497295.75,0.9058116308502421
