loss,r2,loss_test,r2_test
794180160.0,-0.17200143429337578,14560344.0,0.08407195929140265
185292320.0,0.6972874811648813,3604049.5,0.7732849141471424
86601456.0,0.8872047982340083,1660264.0,0.8955599999385865
78833952.0,0.9028932593998528,1514496.75,0.9047295817604356
68982624.0,0.9506365902087887,1303897.75,0.9179774569792633
