loss,r2,loss_test,r2_test
42961296.0,0.08860839275382104,14548290.0,0.08483032716969563
11465410.0,0.7751322141255147,4780839.0,0.6992581810233655
3261052.5,0.9375606982867805,1696439.625,0.893284365858715
3069225.0,0.9395565169523075,1331986.875,0.9162104898116442
