loss,r2,loss_test,r2_test
25838946.0,-0.16013440782028243,14843271.0,0.0662743104818797
7920312.5,0.6760953127504734,5359571.0,0.6628526831177843
2696424.0,0.907928492528858,1718782.875,0.8918788474798061
2394558.5,0.940723197092227,1408225.375,0.9114146664710939
