loss,r2,loss_test,r2_test
38578144.0,0.06864474295585854,14688912.0,0.07598429093495107
11715738.0,0.7456025047771548,4870216.0,0.6936358682651347
3188852.0,0.9402665391761663,1614778.875,0.8984212724498905
2800327.25,0.9532127587610489,1343070.5,0.9155132771495399
