loss,r2,loss_test,r2_test
45771912.0,0.06709151851064299,14979268.0,0.057719304119579484
37346168.0,0.24924457938882105,12455650.0,0.21646923392879625
4609789.0,0.9640112406609118,1232046.125,0.9224973306536767
4331240.5,0.967523606816536,1150108.75,0.9276516540748639
1059341.0,0.9897154044198042,594574.3125,0.9625979169337862
595165.6875,0.9929275193445573,535212.25,0.9663321199417694
426480.8125,0.9940592862079768,481251.65625,0.9697265476029691
