loss,r2,loss_test,r2_test
78460824.0,0.8104811738273938,1305696.25,0.9178643182184913
31162976.0,0.8852212968024936,612243.0625,0.9614864490895135
20801904.0,0.951487154625206,467026.5,0.970621392368705
18263286.0,0.928324348888559,408384.6875,0.9743102915019768
16778624.0,0.9245019069844915,409650.96875,0.9742306383785543
