loss,r2,loss_test,r2_test
69850240.0,0.9406314988368811,1264123.375,0.9204794935218329
48769736.0,0.9414565050014758,899352.1875,0.9434256605520204
25352202.0,0.9932597756249653,485116.90625,0.9694834032909777
23788594.0,0.9906612950221294,503256.46875,0.9683423228290414
20387772.0,0.9895086425293383,421374.4375,0.9734931650515599
19011642.0,0.9835980003688731,426009.28125,0.9732016074396536
