loss,r2,loss_test,r2_test
178782416.0,0.9242804579297564,1263215.0,0.920536628300751
163769456.0,0.9384229970052703,1169406.875,0.926437699496957
