loss,r2,loss_test,r2_test
9625639.0,0.9559134094031619,1326698.75,0.9165431538630253
5243938.0,0.9676076760583273,780618.0625,0.950894714979892
3250854.0,0.9862048923244311,567106.125,0.9643258198601471
3123703.5,0.9880745489646429,561843.4375,0.9646568694334048
4865711.0,0.9841039476668332,737100.4375,0.9536322153366722
3222025.0,0.9909735932455812,558083.5625,0.9648933890429132
2621892.25,0.9930931459821274,507107.9375,0.9681000443761411
