loss,r2,loss_test,r2_test
268653664.0,0.9308584552900732,1384424.625,0.9129118556520641
129780000.0,0.9380318076194774,693837.375,0.9563537039807561
109112632.0,0.9740141513306498,566035.25,0.9643931810716264
100812984.0,0.9763763876569086,535742.6875,0.9662987570166336
93175352.0,0.9818720975191868,512444.65625,0.9677643346348852
127994064.0,0.9484811138108735,653042.8125,0.9589199178433029
84243640.0,0.9841891348506923,460431.71875,0.9710362433073265
83826704.0,0.9863296228631301,460403.84375,0.971037996194514
