loss,r2,loss_test,r2_test
28173808.0,0.9290921957855384,1220096.875,0.9232490106851831
24401628.0,0.9146063874829983,1122704.875,0.929375519597049
13064911.0,0.957415457050276,665048.125,0.9581647148459094
