loss,r2,loss_test,r2_test
32606250.0,0.7973939063973992,1263610.0,0.9205117808848592
18616826.0,0.8080611464390874,889926.625,0.944018582962139
11966097.0,0.864338061223137,635973.0625,0.9599936984195659
