loss,r2,loss_test,r2_test
40019336.0,0.9631993657668042,1679353.125,0.8943591950089673
24250746.0,0.9681819587576054,1114131.25,0.9299148469654648
10821940.0,0.9689521707012667,584844.0,0.963210006214588
