loss,r2,loss_test,r2_test
37298072.0,0.9264902433498328,1138010.125,0.9284127344816027
