loss,r2,loss_test,r2_test
19334838.0,0.9243863431590496,907355.0,0.942922236679196
10057879.0,0.9638137201257524,601726.6875,0.9621479878370595
10719696.0,0.9519827627124584,586065.6875,0.963133156338843
9448399.0,0.9673401084423467,577545.9375,0.9636690912638112
8092030.0,0.9693595940337429,518775.78125,0.9673660707250744
