loss,r2,loss_test,r2_test
65534996.0,0.05713640955467325,14501922.0,0.08774710285445031
16693269.0,0.658930336543635,4147064.75,0.7391261713222791
4177343.5,0.924560793956646,1269035.625,0.9201704899700011
3972755.25,0.9273499785698561,1314158.25,0.9173320143665747
2557975.25,0.9537496903554705,1037474.3125,0.9347370013942821
