loss,r2,loss_test,r2_test
101244568.0,0.9605028135163045,1214555.125,0.9235976177243945
118682032.0,0.959988260520341,1369509.875,0.9138500820500599
68059920.0,0.9836662028148216,868651.5625,0.9453569041290492
69974296.0,0.9802904274654674,925442.9375,0.9417844059761565
