loss,r2,loss_test,r2_test
50769596.0,0.3243623523690847,10320815.0,0.35076236663693416
5560868.5,0.9352836198875412,1642689.25,0.8966655553600343
2430840.75,0.986433018778415,1447864.375,0.9089211428605041
1541162.125,0.991020153352338,1023124.9375,0.9356396554768535
