loss,r2,loss_test,r2_test
119785880.0,0.9139903742411755,1282493.125,0.9193239283901423
102819656.0,0.9650641005381139,1160191.25,0.9270174079430845
75678040.0,0.9582483556068204,848452.5625,0.9466275404532813
57679080.0,0.9443910026080384,679978.25,0.957225521275065
