loss,r2,loss_test,r2_test
93933472.0,0.5634219750233835,1174112.25,0.9261417040397985
99466352.0,0.776261497752559,1259433.0,0.920774534533731
60169804.0,0.7605084001351081,814714.0625,0.9487498827687695
45918484.0,0.8383146267991248,634303.8125,0.960098700375252
