loss,r2,loss_test,r2_test
36088592.0,0.4848992235550126,7916975.5,0.5019774575752032
33023772.0,0.6478434703146889,6095912.5,0.616532631938195
25405638.0,0.7198393878789803,5045769.0,0.6825926047212139
6632661.0,0.9204682101068762,2070830.75,0.8697330413275723
