loss,r2,loss_test,r2_test
33017490.0,0.9381597191163277,1303068.625,0.9180296179199844
32205502.0,0.9392465589885414,1234317.875,0.9223544219814931
30363426.0,0.9514362890368486,1192725.875,0.9249707997529999
