loss,r2,loss_test,r2_test
334176320.0,0.14222788826616894,13536755.0,0.14846151178273237
30258174.0,0.9407504327099425,1258480.0,0.9208344942274085
28358606.0,0.935088839435655,1150410.25,0.927632688700796
