loss,r2,loss_test,r2_test
38963992.0,0.9535987480056214,1695446.0,0.8933468678050829
27960380.0,0.9669515315189081,1268607.625,0.9201974062301369
