loss,r2,loss_test,r2_test
26155608.0,0.9569226094680652,1230387.125,0.9226016916768455
25529144.0,0.9483957405925573,1236063.25,0.92224463817583
