loss,r2,loss_test,r2_test
80446720.0,0.8873217917614168,1839940.25,0.8842573499725259
61281152.0,0.9381110792482433,1307422.125,0.917755757022784
60971696.0,0.9365441897976683,1315538.75,0.9172451706092191
66794580.0,0.9192990690091063,1465487.375,0.9078125591271142
59628204.0,0.9377241724729192,1270931.5,0.9200512166399901
58324000.0,0.940990854748018,1230917.75,0.9225683069264615
58160776.0,0.9384332688762,1220400.625,0.9232298989358415
64682900.0,0.9293119378036625,1292345.375,0.918704169487292
