loss,r2,loss_test,r2_test
135488240.0,0.8247865373417615,3137224.75,0.8026508102748162
78855824.0,0.9388662086333136,1732235.125,0.8910326202799386
62649192.0,0.9488843316453979,1373623.25,0.9135913281910658
60873584.0,0.9421798563396495,1334471.75,0.9160541893847852
56030300.0,0.9531883176284986,1225807.625,0.9228897708665219
53973088.0,0.9651769480929069,1172072.25,0.9262700262938302
56501896.0,0.9687978181010328,1227648.875,0.9227739431257955
