loss,r2,loss_test,r2_test
138353728.0,0.7208244132450381,3180865.0,0.7999056029573132
71010224.0,0.8329030675894151,1646365.125,0.8964343165925993
54536276.0,0.9141901222167248,1289871.25,0.9188598073418879
52176156.0,0.9180366713542472,1240379.0,0.9219731514641047
51372168.0,0.9324952537212703,1222158.75,0.9231193079586162
52209640.0,0.9117948615565787,1246517.5,0.921587007943153
60442188.0,0.8870309501723237,1456780.625,0.9083602620424178
63185604.0,0.873329822772544,1523194.625,0.9041824440208743
47763124.0,0.9503435604359001,1158816.25,0.9271039015271432
