loss,r2,loss_test,r2_test
136874288.0,0.32025675359253547,1255352.875,0.9210312063071499
139731040.0,0.29969836417891027,1341245.75,0.9156280584453226
132820232.0,0.32261309558732354,1263066.375,0.9205459769208564
130068096.0,0.40703375245083895,1179903.875,0.9257773742419029
135375376.0,0.4198419079709045,1297506.0,0.9183795321845462
102001848.0,0.7115744098924885,973499.9375,0.9387613523552382
