loss,r2,loss_test,r2_test
5663980.5,0.9518585980997452,1319101.125,0.9170210858391067
5724788.5,0.950885475502448,1401652.0,0.9118281583519561
3480222.25,0.9807889637490199,1004148.375,0.9368333885702396
