loss,r2,loss_test,r2_test
4504635.0,0.9842277057547207,1016314.0,0.9360680987710025
