loss,r2,loss_test,r2_test
178888896.0,0.7407513487628541,1540201.125,0.9031126308060158
117436744.0,0.9220489113029364,982031.9375,0.9382246329459024
