loss,r2,loss_test,r2_test
4217722.0,0.9722303316532632,1255425.75,0.9210266272641732
3444875.0,0.974643772886795,1120531.125,0.9295122607906041
2992357.75,0.9729839025078663,1011940.5,0.9363432270520529
