loss,r2,loss_test,r2_test
7270250.0,0.9623379841582477,1557241.5,0.9020407041003758
2708521.5,0.956820024576308,1115714.75,0.9298152377350224
2556209.5,0.956734965801605,1054825.125,0.933645536973771
