loss,r2,loss_test,r2_test
5955066.0,0.9842504035161644,1386498.875,0.9127813797689408
