loss,r2,loss_test,r2_test
124092792.0,0.8829664280938766,1191140.25,0.9250705416898244
105267936.0,0.9213564378620305,1030037.125,0.9352048394031383
