loss,r2,loss_test,r2_test
296788640.0,0.28034760441150197,11613266.0,0.2694599111639343
37518884.0,0.9351446254341175,1463098.75,0.9079628113869466
32917372.0,0.9485793373513549,1308051.5,0.9177161631466038
37157560.0,0.9440367348198612,1472888.375,0.9073469950165931
41780980.0,0.9370871687195069,1660111.125,0.8955696203254803
31585892.0,0.9470005092933121,1253668.125,0.9211371857611688
