loss,r2,loss_test,r2_test
42465648.0,0.8893917884782058,1458876.375,0.9082284389471685
40250356.0,0.9142362155051331,1292050.5,0.9187227152390122
38826120.0,0.9219914484342523,1258873.75,0.920809727292122
41484352.0,0.9225960044339141,1294462.625,0.918570985308299
38158236.0,0.9245766359302672,1261000.125,0.9206759665776292
38671768.0,0.9291067806542316,1226403.75,0.9228522736549744
