loss,r2,loss_test,r2_test
358336576.0,0.06345204389970327,14445720.0,0.09128248519335691
78201776.0,0.8228500242572918,2020413.5,0.8729045762993746
66960588.0,0.8693495104640343,1557993.875,0.9019933808395116
64269224.0,0.8885412683819633,1434454.5,0.9097647026019542
63434056.0,0.8807539420632903,1467673.625,0.9076750269991049
63681964.0,0.8799722319796395,1456285.625,0.9083914026663651
