loss,r2,loss_test,r2_test
90254888.0,0.8560061794164815,3178778.75,0.8000368331483902
49562632.0,0.9327312628842592,1753857.0,0.8896724770407403
44121024.0,0.9574665779558572,1630541.875,0.8974296917273599
43023840.0,0.9606811182309996,1580527.25,0.9005758962083217
37218056.0,0.9646957134745167,1309979.25,0.9175949058074406
