loss,r2,loss_test,r2_test
29355108.0,0.9286392969550574,1286519.75,0.9190706297075628
28758936.0,0.9282177390973697,1259982.875,0.9207399584629654
28482826.0,0.9284056968654543,1259233.875,0.9207870636399776
27971050.0,0.9293062718482795,1242900.75,0.9218145131476532
29698798.0,0.9226531304082815,1308974.75,0.9176580800108003
27529736.0,0.9322114613898935,1237961.75,0.9221252108258324
