loss,r2,loss_test,r2_test
62217088.0,-0.4074227394200909,25310622.0,-0.5921812691553299
2551284.75,0.9738055523182528,1779688.625,0.8880475214511776
2119890.25,0.9630349618889473,1273699.625,0.9198771018428998
