loss,r2,loss_test,r2_test
54563832.0,0.7660709709263629,4608973.5,0.7100695165849733
47370216.0,0.7271366998745045,5123867.5,0.6776797733811967
