loss,r2,loss_test,r2_test
108177120.0,0.9005890981083335,2061170.75,0.8703407016192183
71950080.0,0.918351860293923,1323694.625,0.9167321234437104
