loss,r2,loss_test,r2_test
31915708.0,0.9418127178418106,1057596.0,0.9334712324235227
20071484.0,0.8977010317416904,714073.6875,0.955080727805123
14272065.0,0.9476433300586158,564247.125,0.964505666170826
