loss,r2,loss_test,r2_test
63759368.0,0.484444604426595,1077262.0,0.9322341371058918
53224784.0,0.6714398500483658,927570.6875,0.9416505576905065
40167100.0,0.8498725949436726,837004.875,0.9473476632376766
27599536.0,0.9113728596018205,632566.25,0.9602080050656695
22533926.0,0.936042434596159,536578.9375,0.9662461456368472
20020372.0,0.9591697997111153,493315.3125,0.9689676782637465
