loss,r2,loss_test,r2_test
59278568.0,0.912744818699821,1090198.375,0.9314203562370372
27481582.0,0.9698250012575153,580996.8125,0.9634520155936183
17374214.0,0.9730849180923844,446391.15625,0.9719194721106623
