loss,r2,loss_test,r2_test
58208352.0,0.9566415370833531,974903.625,0.938673045546545
