loss,r2,loss_test,r2_test
2268266.0,0.9575892986817106,1066696.0,0.9328987897744285
