loss,r2,loss_test,r2_test
2244052.5,0.9426432258892625,1143492.625,0.9280678489466695
721212.9375,0.9924349048000202,621353.4375,0.9609133536005474
