loss,r2,loss_test,r2_test
48441004.0,0.05757108795546695,14988840.0,0.05711727522731569
1771090.5,0.9545612223028115,954669.0625,0.93994591571278
1391960.125,0.9607613689031366,841479.1875,0.9470662024363589
785692.875,0.9769112059387088,633239.0,0.960165684437766
