loss,r2,loss_test,r2_test
88074024.0,0.949874739960368,1350492.25,0.9150464058914531
84807184.0,0.9544993120945405,1276825.625,0.9196804465033637
92108064.0,0.9340932741627571,1424617.125,0.9103835304184849
82753056.0,0.9538590125861774,1252509.5,0.9212100748545038
91729664.0,0.9480431650559356,1417075.375,0.9108579451384814
78572512.0,0.9480134100139507,1182284.875,0.9256276060212455
73932576.0,0.9451107168401853,1136225.0,0.9285250243089652
