loss,r2,loss_test,r2_test
66279644.0,0.9373332939453871,1216511.75,0.9234745284512164
64562876.0,0.9341404699655204,1194539.375,0.924856717122588
