loss,r2,loss_test,r2_test
434948064.0,0.7964436624304204,797447.1875,0.9498360654056184
261341952.0,0.916919498388657,466963.21875,0.9706253736767911
