loss,r2,loss_test,r2_test
188395440.0,0.9700215934497303,2029123.75,0.8723566309088441
141673920.0,0.8867666166397788,1600025.625,0.8993493363081301
90195072.0,0.9509905345775853,1093631.625,0.9312043922343691
79410920.0,0.9686544549328795,1005942.8125,0.9367205077472149
70209880.0,0.9652326122631985,917143.5,0.9423064875183209
64056296.0,0.9587130986988189,842150.0,0.9470240008531566
58047324.0,0.9655604114281348,756670.1875,0.9524011656744985
64418152.0,0.972575457092621,827418.5625,0.9479506927153384
44660804.0,0.9686668826178849,587720.875,0.9630290370493816
