loss,r2,loss_test,r2_test
152349856.0,0.805545634605155,1570704.75,0.9011937929537863
109472856.0,0.8446006007530351,1210129.125,0.9238760390478166
106514824.0,0.8304594743035838,1170374.25,0.9263768405048765
99620336.0,0.8665371247436578,1077592.75,0.9322133240046147
90456968.0,0.847777551398804,989969.9375,0.9377252936231109
90622040.0,0.9156741460194269,992904.125,0.9375407159650488
64906384.0,0.8931608181377336,785805.125,0.9505684165725594
126814384.0,0.7594651463368254,1482642.625,0.9067333852269992
53008380.0,0.9351018377771723,636258.6875,0.9599757309752835
