loss,r2,loss_test,r2_test
126847552.0,0.9172010677699732,1214140.875,0.9236236649470072
122791800.0,0.9291652884091743,1264610.0,0.9204488843925107
135168912.0,0.9143556185192574,1258182.125,0.9208532316707088
102509992.0,0.9458722835126508,998783.75,0.937170859880146
90455592.0,0.964814168370728,993672.0,0.9374924172567585
76564952.0,0.9678204611866738,816320.125,0.9486488498349823
86528584.0,0.9677476208165285,1058256.5,0.9334296798842362
63576616.0,0.9678634442669758,766337.5,0.9517930424740266
65680460.0,0.9684398561201071,790828.1875,0.9502524358092029
