loss,r2,loss_test,r2_test
151176256.0,0.9379413566127384,1245044.25,0.9216796783685611
176058144.0,0.9320491951101648,1606110.375,0.8989665757609016
142873584.0,0.9491066245024757,1240376.375,0.9219733118876584
124700720.0,0.9619953923299117,1174066.25,0.9261445949342298
105082920.0,0.9558651243812746,994724.8125,0.9374261874839873
104096536.0,0.9777306682936425,1211706.625,0.9237768092281413
71129504.0,0.9756062369708018,753582.0,0.9525954289385145
63486504.0,0.9748919721651754,711410.1875,0.9552482770062238
82695480.0,0.9345585784012195,918485.5625,0.9422220635781366
