loss,r2,loss_test,r2_test
99089312.0,0.8914145621415557,1226591.25,0.9228404838752156
102593088.0,0.8832633035127303,1278690.625,0.9195631354525153
86254200.0,0.8981325895769684,1107060.375,0.9303596446403458
78695904.0,0.874047514330428,1042738.125,0.934405869620072
68355232.0,0.9117095668560159,913518.5625,0.9425345150090448
61735768.0,0.9002058078751874,849030.0,0.9465912136835942
80096504.0,0.8837314242731305,1067214.75,0.9328661577589928
64411540.0,0.8863022452702177,816632.8125,0.9486291834483563
58729880.0,0.934811871680992,711832.0625,0.9552217407534036
