loss,r2,loss_test,r2_test
106628320.0,0.8872555744262702,1222434.25,0.9231019709722863
150443696.0,0.8279219218034921,1640082.5,0.8968295320092713
110031408.0,0.9177621079808532,1372528.875,0.9136601753438137
92789392.0,0.9165829950302342,1078274.125,0.9321704644344407
76447408.0,0.9443332301741943,936901.5,0.9410635974051952
68618176.0,0.9554861385507849,851183.5625,0.9464557417360318
60960556.0,0.9611565284703895,751229.75,0.9527433974330496
50151520.0,0.9772745478358642,629271.0,0.9604152992355358
46401304.0,0.9796588242683452,611076.25,0.9615598466436093
