loss,r2,loss_test,r2_test
90685568.0,0.9169234215297275,2263740.25,0.8575979470967575
