loss,r2,loss_test,r2_test
35159644.0,0.7945451311876047,1331116.75,0.9162652314763963
33722616.0,0.8248384402652624,1262968.0,0.9205521804033954
33009458.0,0.8452178994786357,1224478.375,0.922973386479288
