loss,r2,loss_test,r2_test
330084992.0,0.015958488734557075,13487888.0,0.15153556241532895
52579172.0,0.8861151460753284,1647478.875,0.8963642565263958
