loss,r2,loss_test,r2_test
32471358.0,0.9383946194119644,1253266.125,0.9211624739833708
