loss,r2,loss_test,r2_test
326086912.0,0.11130657194973625,13868872.0,0.12756952311765202
33834356.0,0.8812709113198275,1559557.375,0.9018950231121734
25649244.0,0.9246207514360475,1218563.75,0.923345450488888
