loss,r2,loss_test,r2_test
38196240.0,0.9056655207889843,1717118.75,0.8919835190787233
26551060.0,0.92927972154575,1283408.375,0.9192663473186562
28902758.0,0.9478993960823247,1283322.625,0.9192717469040185
