loss,r2,loss_test,r2_test
167829168.0,0.9716251803382728,1251365.25,0.9212820462255662
166898576.0,0.9707614458038497,1229906.875,0.9226319052342826
116450360.0,0.9932881480494439,1010480.8125,0.9364350397141339
81430192.0,0.9945881775265756,689337.6875,0.9566367649510521
