loss,r2,loss_test,r2_test
187171232.0,0.9428832151805672,1664174.25,0.895314024866693
124980960.0,0.9691249648978395,1108330.625,0.9302797360694064
80227056.0,0.9908789809167684,675192.0625,0.9575265988423941
74230840.0,0.9874362607881211,643639.5625,0.9595114338689665
