loss,r2,loss_test,r2_test
87216736.0,0.9858447711542293,847428.25,0.9466919694056777
