loss,r2,loss_test,r2_test
366617344.0,0.8338673448696418,2266297.0,0.85743711043166
172850320.0,0.911304797295521,1228077.625,0.9227469677593225
145605472.0,0.9247427945620285,1162082.625,0.9268984272154998
85820760.0,0.9780013055613612,744332.0,0.9531773038566103
59799756.0,0.9789067324550883,626116.75,0.9606137197007114
