loss,r2,loss_test,r2_test
126269272.0,0.9126970042326296,1050152.125,0.9339394968669794
81785856.0,0.9009761819582718,763088.1875,0.9519974433844272
54042096.0,0.9709907158112309,545932.375,0.9656577672636437
59270420.0,0.9709646596502006,640890.0,0.9596843944391064
