loss,r2,loss_test,r2_test
103149936.0,0.9543089602743932,1194927.0,0.9248323367061596
81033032.0,0.9773607601007894,873931.875,0.9450247441580353
58397824.0,0.9847943920754455,667900.5625,0.9579852765902299
55167456.0,0.980621877304297,670539.625,0.9578192661710002
37555168.0,0.9869844403398437,518879.25,0.9673595611175951
47502900.0,0.983589949198831,606389.9375,0.9618546439519848
