loss,r2,loss_test,r2_test
92069784.0,0.9794057526880966,906357.25,0.9429850004891926
48439368.0,0.9853141926802804,534055.5,0.9664048913011193
