loss,r2,loss_test,r2_test
174086512.0,0.9465132345749301,1786394.0,0.8876257194129518
66209420.0,0.9685797779144084,762263.75,0.9520492974290581
52300976.0,0.979318873850569,594950.5625,0.9625742453612989
64911988.0,0.9663306254148752,662182.125,0.9583450002232802
42745952.0,0.9814006467510601,489827.0,0.9691871096906358
61058356.0,0.9596858724334832,649287.3125,0.959156160177876
