loss,r2,loss_test,r2_test
73755448.0,0.927088467636334,781483.75,0.9508402537011273
73008088.0,0.9167489452808154,787499.75,0.9504618095027069
61681496.0,0.9381535783990923,666904.375,0.9580479448371214
72850040.0,0.9730127756153629,700750.9375,0.9559188054989911
58453612.0,0.9742985768616336,582031.6875,0.9633869117151942
70789760.0,0.9323062680748182,740115.625,0.9534425421788119
