loss,r2,loss_test,r2_test
132815088.0,0.9206709119745335,1182621.25,0.9256064395986217
42000612.0,0.9688946147851435,530004.5,0.966659719733439
45370244.0,0.975996836200858,596197.0625,0.9624958333647556
37789432.0,0.9495837964758143,499351.3125,0.9685879790623559
