loss,r2,loss_test,r2_test
110154048.0,0.9042820522185487,1235773.5,0.9222628475675494
122850680.0,0.9136571627205882,1334403.375,0.9160584866342871
103737736.0,0.9015416035032513,1174418.5,0.9261224309014554
93729776.0,0.9159303859110668,1056800.125,0.9335212914231784
81619768.0,0.8858487308579706,933998.375,0.9412462179130177
65676392.0,0.9054310515401687,741218.875,0.9533731433750613
63230596.0,0.9566107443500838,695865.9375,0.9562260962809236
62363056.0,0.8887671106417239,705109.25,0.9556446404637382
54082516.0,0.9601332604204633,565718.25,0.964413122593867
