loss,r2,loss_test,r2_test
75174864.0,0.9030932429214084,697866.625,0.95610024209734
70891952.0,0.9278247866706791,654869.5625,0.9588050026229975
82552168.0,0.7976920917524337,787706.125,0.9504488258474755
58392344.0,0.8822221667099481,537926.125,0.9661614038749962
57845704.0,0.8862702366793878,533672.3125,0.966428995576934
51659160.0,0.9012871102688745,493343.09375,0.9689659316037437
