loss,r2,loss_test,r2_test
587761792.0,0.9791283017473605,1097714.75,0.9309475318715098
713859712.0,0.9614017009806628,1297091.5,0.918405620952927
437826016.0,0.9813952466812745,812699.875,0.9488765861908236
380125088.0,0.9778534447416267,714767.0,0.9550371130808122
315298560.0,0.9876268639736004,596921.25,0.962450279793828
