loss,r2,loss_test,r2_test
74455864.0,0.9372304363620393,1106425.75,0.9303995700101604
52211416.0,0.963458435686475,801712.375,0.9495677583981158
41196692.0,0.957191994427714,618821.6875,0.9610726203931945
