loss,r2,loss_test,r2_test
83015488.0,0.933228337528442,1214972.875,0.9235713361787488
77415992.0,0.93508870508584,1146681.5,0.9278672474143592
44208384.0,0.9604251122466465,684496.625,0.9569412879980128
37104092.0,0.9705422326436826,578192.0625,0.9636284498940757
31766600.0,0.9714953725024233,500664.0,0.9685054053546571
