loss,r2,loss_test,r2_test
104890104.0,0.9275309709785349,1213947.625,0.9236358309354785
91268416.0,0.9166491386201965,1170416.375,0.9263741932660099
73209616.0,0.9351619526962792,997740.3125,0.9372364926583943
70657624.0,0.9425715946326778,964144.625,0.939349856129748
38323208.0,0.961293846904869,583651.0625,0.9632850486174793
