loss,r2,loss_test,r2_test
4465582.0,0.984033861788175,466273.625,0.9706687526854303
3818769.25,0.986327121312263,392852.5625,0.975287354994687
3667509.5,0.9863643563912369,401877.375,0.9747196422155785
3534195.0,0.9806854377259724,383053.71875,0.9759037551904581
3331290.75,0.9874398213449118,370156.03125,0.9767150932627834
