loss,r2,loss_test,r2_test
12034092.0,0.9396693940284896,1205160.25,0.924188606437538
8320630.5,0.9552962059665039,885414.875,0.9443024002830979
5042058.0,0.9743560091846378,484922.375,0.969495639083208
4328007.0,0.9812968322727409,434837.15625,0.9726462841843434
