loss,r2,loss_test,r2_test
314447968.0,0.9699224954317416,1156900.625,0.9272244070469147
212401776.0,0.9883359917500619,809528.75,0.9490760675157878
121028152.0,0.9883572015594622,468514.65625,0.9705277807302354
118402752.0,0.9812275513149945,478379.625,0.9699072142836255
101227040.0,0.9871139277353359,417148.71875,0.9737589858154898
