loss,r2,loss_test,r2_test
115277920.0,0.9417161152859065,1304415.375,0.9179448943266869
125651304.0,0.9678837054320433,1375931.125,0.9134461545448815
112817640.0,0.97778224957471,1270715.125,0.9200648248016278
109828424.0,0.978466487159773,1241324.75,0.9219136617887346
