loss,r2,loss_test,r2_test
158401840.0,0.9476640453430161,1286383.5,0.9190792021191526
157669040.0,0.9302821577331987,1248270.0,0.9214767613673155
155475440.0,0.9464655980568093,1289688.5,0.9188713082229016
147527568.0,0.9473572913435131,1208740.75,0.9239633699996548
