loss,r2,loss_test,r2_test
129162336.0,0.9526391941024941,1203120.75,0.9243169075240945
