loss,r2,loss_test,r2_test
142648160.0,0.9620491104346081,1234040.0,0.9223719062044436
140486912.0,0.9615546530843487,1209825.25,0.9238951519409188
