loss,r2,loss_test,r2_test
198877808.0,0.8924353223911244,1455157.5,0.9084623621172785
179461840.0,0.8555902123318542,1304490.25,0.9179401890012504
172675680.0,0.8269215735642168,1284394.5,0.9192043240676595
160090368.0,0.8717351511441248,1222164.875,0.9231189227872557
