loss,r2,loss_test,r2_test
13357108.0,0.91911765962421,1270260.375,0.9200934380371503
12450661.0,0.925230663285207,1218599.375,0.9233432076651182
11526762.0,0.927101714169846,1150415.625,0.9276323484014295
10461166.0,0.9319055756159595,1039782.9375,0.9345917682659721
9616439.0,0.9378822883881723,958201.5625,0.9397237017568701
9084560.0,0.9429239091011127,920157.1875,0.9421169047753186
8744379.0,0.9371561130794016,860979.0,0.9458395538614313
6764227.0,0.9578664832997801,735162.0,0.9537541533460598
