loss,r2,loss_test,r2_test
14356939.0,0.9584322005500614,1317375.625,0.9171296197144508
13089256.0,0.9358411221955316,1192339.75,0.9249950947124073
12307356.0,0.9560296862000921,1153154.375,0.9274600740696354
8406975.0,0.9856504680590075,885228.1875,0.9443141437057678
