loss,r2,loss_test,r2_test
16293689.0,0.966381165130663,1387812.625,0.912698738921209
12753074.0,0.9750559688300913,1087152.375,0.9316119721579438
12617168.0,0.9721464512787128,1097335.75,0.9309713704806444
11773990.0,0.9752152775202102,1022512.0,0.9356782091949817
10646955.0,0.971153357069411,980225.0625,0.9383382971711048
8068369.5,0.9697690961319207,743911.75,0.9532037432843095
