loss,r2,loss_test,r2_test
19292850.0,0.9530279784599771,1220044.75,0.9232522903073841
18412900.0,0.9574190319011219,1196552.75,0.9247300646942361
18804274.0,0.9508460963626802,1181468.375,0.9256789538420302
16591100.0,0.957619452428262,1071010.0,0.9326274123073506
11983499.0,0.9648670334033588,901979.625,0.9432603861399705
12768399.0,0.9758016332166429,1259921.0,0.9207438460532101
