loss,r2,loss_test,r2_test
16778106.0,0.8058691871156584,1252249.75,0.9212264075242119
17019826.0,0.8707283305418824,1301034.625,0.9181575704649286
15053970.0,0.8773175745360535,1234205.375,0.922361502367276
14872132.0,0.7805025657554188,1181877.0,0.9256532521142788
14162726.0,0.7956863337802448,1132003.25,0.928790597202675
10759822.0,0.8496199001121848,839346.5625,0.9472003583716264
9847778.0,0.8770883245317654,805999.125,0.9492980965205263
