loss,r2,loss_test,r2_test
17067632.0,0.9397655880654908,1283876.875,0.9192368909028434
14457592.0,0.9530627238967035,1168898.375,0.9264696766238041
13111159.0,0.9553683969945778,1150356.875,0.9276360542972851
11150512.0,0.9618922578684161,1028305.6875,0.9353137611343878
10312994.0,0.9640962963601256,985699.9375,0.9379938978838523
9351316.0,0.963091130098036,906013.5,0.9430066206990059
8016776.0,0.964265543540809,828612.5,0.9478755874377864
6868850.0,0.971564797188934,742857.875,0.953270034183942
