loss,r2,loss_test,r2_test
23372052.0,-0.06393758982848552,15694997.0,0.012695981092570974
22133044.0,0.02954667685630663,15410126.0,0.030616018367985443
1299844.0,0.940671608054936,1273379.375,0.9198972477086943
1131332.75,0.9521219070597695,1305912.125,0.917850744834831
