loss,r2,loss_test,r2_test
31979264.0,0.0026977911430228207,16131664.0,-0.014772913084664774
31055336.0,0.03594021556492388,15432970.0,0.029178853556273032
2805050.0,0.925043207845764,1343465.375,0.9154884335818964
2318320.0,0.9404469082735304,1388220.5,0.9126730748303832
2039900.75,0.952732648537691,1293373.75,0.91863947638017
