loss,r2,loss_test,r2_test
33943736.0,0.7834922326166177,1272755.5,0.91993647915745
31726176.0,0.7961261621768043,1185081.5,0.9254516678206041
32580696.0,0.8126504702042024,1189022.25,0.9252037835342242
