loss,r2,loss_test,r2_test
85120096.0,0.925708935078022,1319113.75,0.9170202918698956
86550896.0,0.9271028303308211,1338701.875,0.9157880897576536
