loss,r2,loss_test,r2_test
63574984.0,0.9263271253622185,1238526.25,0.9220896909852101
