loss,r2,loss_test,r2_test
73179936.0,0.9654764458253482,1266799.875,0.9203111297349534
71986912.0,0.9693727449083251,1249262.0,0.9214143474735599
75759712.0,0.9804335789953719,1373227.125,0.9136162471044806
75359016.0,0.9794687200917284,1361930.0,0.9143269013244525
