loss,r2,loss_test,r2_test
83091216.0,0.9236687476419403,1678269.875,0.8944273272963559
60660032.0,0.9680301747935904,1280255.875,0.919464660969549
