loss,r2,loss_test,r2_test
64045036.0,0.9422769267329368,1248286.5,0.9214757156947577
73602384.0,0.9163426453398721,1376606.0,0.913403699983137
