loss,r2,loss_test,r2_test
78112560.0,0.9414844166896763,1394421.875,0.9122829779429709
74069696.0,0.9464185183606106,1294097.5,0.9185939457184157
75859552.0,0.9430146964530675,1319312.875,0.9170077569045902
