loss,r2,loss_test,r2_test
78248944.0,0.9572988393371777,1269094.0,0.9201668060280994
