loss,r2,loss_test,r2_test
62175020.0,0.9127733380941071,1363160.5,0.9142494937034281
66220408.0,0.8941681254838695,1477657.5,0.9070469903955324
54188388.0,0.9211089894547215,1226511.625,0.9228454855966729
