loss,r2,loss_test,r2_test
37966424.0,0.9389295319612135,1329278.125,0.916380885691796
35505464.0,0.9474482318854169,1249588.0,0.9213938482003756
42507824.0,0.9309137052767922,1479174.875,0.9069515319189299
33001910.0,0.959339366168892,1202034.0,0.9243852643912782
29761358.0,0.9672718281923335,1082128.0,0.9319280308133289
28384790.0,0.9690514648664471,1046801.625,0.9341502572903374
