loss,r2,loss_test,r2_test
32876370.0,0.9396167652169192,1223735.75,0.9230200980154515
32760248.0,0.9390184684230433,1225803.375,0.922890033503463
31866130.0,0.9404119674794251,1198222.25,0.9246250441404409
28826280.0,0.9388885949346661,1046013.125,0.9341998562585889
