loss,r2,loss_test,r2_test
41676504.0,0.9336827633664432,1197595.75,0.9246644561870478
