loss,r2,loss_test,r2_test
70902200.0,0.9030717408429046,1679210.25,0.894368184959646
62920664.0,0.9137834167037948,1484349.75,0.9066260135726663
58920292.0,0.9201881379176262,1508384.25,0.9051141044578331
52703344.0,0.9039218397846047,1443440.25,0.9091994507055563
46359544.0,0.9266645934294659,1303613.75,0.9179953264397414
38318832.0,0.9277531067931462,1152940.5,0.9274735268202035
35763792.0,0.909308272035804,1193103.0,0.9249470720601825
