loss,r2,loss_test,r2_test
31721768.0,0.9401688426874006,1271439.75,0.9200192607667487
33946532.0,0.943883258630315,1394730.375,0.9122635720707314
27995276.0,0.9486231737326982,1155271.375,0.9273268971883544
27293064.0,0.9457745642462126,1130650.375,0.9288757008242979
26456110.0,0.9534997995911695,1115246.25,0.9298446949933026
24763274.0,0.9558286113519343,1050439.25,0.93392142778331
23356504.0,0.9563304910419774,989440.9375,0.9377585710127254
