loss,r2,loss_test,r2_test
304845408.0,0.9431785854036556,1115145.375,0.9298510561183669
183022784.0,0.9507671511047362,689163.125,0.9566477398275505
170711664.0,0.9522489621566304,639418.4375,0.9597769655062175
135254320.0,0.9575325845013319,498056.6875,0.9686694181611666
149982400.0,0.9593825541976205,557404.625,0.9649360987756836
121389944.0,0.978456631759964,444496.59375,0.9720386493412136
136013392.0,0.9621289091031762,502435.75,0.9683939498762286
105066896.0,0.9778634145573736,406449.46875,0.9744320294054343
115668104.0,0.9737037525524875,453389.34375,0.9714792485459055
