loss,r2,loss_test,r2_test
98148216.0,0.8007086549575191,1180443.875,0.925743407212307
82642864.0,0.9268694323485822,987751.4375,0.9378648459018273
66753856.0,0.82806821078941,785889.625,0.9505631013360126
72001656.0,0.8967057699956313,817162.4375,0.9485958618225888
27081070.0,0.9668221641059347,557875.125,0.9649065006280383
22684770.0,0.969589086845158,491093.25,0.9691074596558474
