loss,r2,loss_test,r2_test
89716448.0,0.8643416073047517,1045717.125,0.9342184826859234
63444296.0,0.9251316360800537,881548.875,0.9445455912042346
52880940.0,0.9436001850679282,679908.6875,0.957229900490151
34113200.0,0.9685482411041914,548034.5625,0.9655255311051725
29737786.0,0.9769118678869931,530028.75,0.9666581925784825
37646712.0,0.9682831743389004,533577.0,0.9664349907378209
22533364.0,0.9872216306557302,426790.53125,0.9731524635265656
