loss,r2,loss_test,r2_test
48268168.0,0.9487596439348136,536973.875,0.9662213083161485
50541812.0,0.9545130359832187,589282.6875,0.9629307882114841
34454908.0,0.9680984092407874,444101.4375,0.9720635137317111
31131616.0,0.9710717762492254,400213.46875,0.9748243110947242
