loss,r2,loss_test,r2_test
113353360.0,0.7556817575326085,1314911.125,0.9172846444089084
109333336.0,0.9007948220219002,1173163.0,0.9262014085350595
45596892.0,0.9364612352047178,603206.3125,0.9620549141592084
39934048.0,0.9263966755087878,547030.625,0.9655886779342071
33863344.0,0.9617819654618934,506663.5,0.9681279994698292
42819988.0,0.9828275243763815,499535.625,0.9685763836730258
39673076.0,0.9929709809082058,561867.25,0.9646553735491279
31438202.0,0.9878966956950992,491343.0625,0.9690917444965418
