loss,r2,loss_test,r2_test
94267960.0,0.9864122611698269,1029458.125,0.9352412683077567
97901600.0,0.9582923489311028,1163917.75,0.9267829951899593
41115508.0,0.9825879922952951,545282.0625,0.9656986759626136
43512876.0,0.9818988587038604,561212.0625,0.9646965903552087
35838824.0,0.9801123532376623,513930.625,0.9676708557914792
45628636.0,0.9580824450903765,631974.1875,0.9602452540043177
30624826.0,0.9734608147182773,503819.0625,0.9683069320411086
