loss,r2,loss_test,r2_test
40093620.0,0.9671154172032966,605776.1875,0.9618932525382652
57120872.0,0.9593512554913066,802307.0625,0.949530348304628
33757232.0,0.9871832862944866,531970.3125,0.9665360580066275
33823812.0,0.9687054470790718,546503.625,0.9656218328314932
30076460.0,0.9888239338658364,521072.15625,0.967221617059625
