loss,r2,loss_test,r2_test
109482720.0,0.9271192039964371,1308347.5,0.9176975402605841
51488272.0,0.9805517263375464,605431.3125,0.9619149451290615
44522564.0,0.9750394244138876,542321.375,0.9658849200892813
38826528.0,0.9766542078118342,515085.84375,0.9675981877333545
41732156.0,0.9871984608278747,618011.9375,0.9611235544701217
