loss,r2,loss_test,r2_test
71870408.0,0.9397336674763634,1245593.375,0.9216451332130022
67417600.0,0.9502661682292425,1230609.0,0.9225877360996662
61608840.0,0.9346107658802437,990651.1875,0.9376824433486531
37585448.0,0.9674977916640649,674558.5,0.9575664538836818
