loss,r2,loss_test,r2_test
68095648.0,0.9045154174479011,1222421.375,0.9231027882723748
60040420.0,0.9156995511265655,1093057.375,0.9312405156445365
45173412.0,0.9365457461138684,843014.9375,0.9469695956510932
44809064.0,0.9408451542298246,971490.3125,0.938887767962202
