loss,r2,loss_test,r2_test
55854264.0,0.9609682179078474,1191991.625,0.9250169889828689
51974148.0,0.9622044511551421,1132496.875,0.9287595446482956
43188852.0,0.9666099569057186,960464.9375,0.9395813284142867
39424476.0,0.9646292228896158,862581.5,0.9457387447702472
