loss,r2,loss_test,r2_test
81413976.0,0.9278396873514677,1289222.125,0.9189006299940056
72257064.0,0.9185901960227015,1137860.125,0.9284221623664485
54163000.0,0.9143756666035251,939678.6875,0.9408888912953978
35431152.0,0.9629820821041113,679593.125,0.9572497533697215
