loss,r2,loss_test,r2_test
67301632.0,0.9611753791530191,1198823.375,0.9245872376082566
52917512.0,0.9584920724898036,1084667.875,0.9317682551701354
43617584.0,0.9610338811616123,938842.625,0.9409414876345302
29883874.0,0.9786416077886597,713187.0625,0.9551364994129117
