loss,r2,loss_test,r2_test
44049308.0,0.9163411717426067,1495900.5,0.9058994056812874
