loss,r2,loss_test,r2_test
80428336.0,0.8872122741751238,2031146.0,0.8722294343217384
71760368.0,0.892542799937015,1701922.875,0.8929394212878924
