loss,r2,loss_test,r2_test
1925722.875,0.9064921980415704,1479940.125,0.9069034035402516
