loss,r2,loss_test,r2_test
32106060.0,0.8858962002207562,1236786.25,0.9221991582116046
