loss,r2,loss_test,r2_test
2730420.5,0.9642826142541128,569188.125,0.9641948483920663
2158947.25,0.9773902249182698,592945.0,0.9627004059610593
