loss,r2,loss_test,r2_test
190832288.0,0.9775936661319374,1191265.875,0.9250626472965059
116229320.0,0.9360377104871693,731351.1875,0.953993876024214
116610152.0,0.9395767605894818,725516.5,0.9543609067598794
70053920.0,0.988236231409483,472202.5,0.9702957918367306
80012320.0,0.9885524577396653,506606.78125,0.9681315712617727
54761608.0,0.9745108866036065,407714.96875,0.9743524229137023
