loss,r2,loss_test,r2_test
2517556.5,0.9967461899629434,608604.5625,0.9617153323809933
1444983.75,0.996829592254219,509407.125,0.9679554110233531
1655530.25,0.9924014462245269,515192.6875,0.9675914693708927
