loss,r2,loss_test,r2_test
12050312.0,0.9255647435709242,1517561.5,0.904536795787131
6639059.0,0.9585190357967304,1103642.25,0.9305746685254213
2748725.5,0.980227706589306,566698.3125,0.9643514729015537
2859897.5,0.9832311345897293,681189.75,0.9571493129404307
1666179.125,0.9890826467878091,520332.46875,0.9672681441908518
2116605.0,0.9923366205910369,570784.0625,0.9640944538393351
