loss,r2,loss_test,r2_test
2634687.5,0.98199050197158,624667.625,0.9607048723544583
2731339.0,0.9861954058476954,599493.9375,0.9622884417844358
2026063.0,0.9888670181224237,500851.1875,0.9684936300989317
1341498.75,0.9941338535487508,452984.78125,0.971504695923427
