loss,r2,loss_test,r2_test
58674412.0,0.9839248822637315,412412.21875,0.9740569426390826
