loss,r2,loss_test,r2_test
11159988.0,0.9191090642502844,1890089.25,0.8811026943971458
1537402.375,0.9776235350126912,549514.625,0.9654324263660111
1978241.5,0.9862511228379033,550301.1875,0.9653829468457411
