loss,r2,loss_test,r2_test
118770344.0,0.9662074633409974,615491.75,0.961282087644284
