loss,r2,loss_test,r2_test
6939095.5,0.9727481592157091,1232413.625,0.9224742179326282
2462040.5,0.9767573472572695,721564.6875,0.95460949905003
