loss,r2,loss_test,r2_test
13108996.0,0.9557538725328734,1332965.125,0.9161489533797419
5855455.5,0.9437335076866346,781433.1875,0.9508434294214639
