loss,r2,loss_test,r2_test
93777368.0,0.24834911788707992,9106268.0,0.4271642816602822
9882500.0,0.9577445616825563,1343011.875,0.9155169536184815
3373454.0,0.9890157689685879,677971.5,0.957351760156503
2964545.0,0.9929329303783615,592287.625,0.9627417607439918
