loss,r2,loss_test,r2_test
10316463.0,0.9302469241843121,1276761.875,0.9196844574482489
11749677.0,0.9074065257161017,1549617.0,0.9025203282096523
