loss,r2,loss_test,r2_test
16816834.0,0.9510116957904088,1324150.25,0.9167034611956788
7190340.0,0.9750789783463137,1058137.75,0.9334371517629858
2628317.75,0.9850405765752643,733422.8125,0.9538635541030938
2294053.0,0.9915916983693454,616957.75,0.9611898706916137
