loss,r2,loss_test,r2_test
198654352.0,0.9729230999773184,956729.6875,0.9398162893699558
122837256.0,0.9665742790469692,610716.375,0.9615824862219245
82441504.0,0.9835961252627903,449562.5625,0.9717199708296581
