loss,r2,loss_test,r2_test
109509088.0,0.948588626764144,620735.5625,0.9609522245666149
85784600.0,0.9678798152848853,536328.4375,0.96626190764728
