loss,r2,loss_test,r2_test
2823307.75,0.9679362750281808,678148.5,0.9573406255944029
