loss,r2,loss_test,r2_test
132558496.0,0.8745428617860025,1223234.875,0.9230516145306183
115184232.0,0.8818432479192677,1167419.875,0.9265626901877496
