loss,r2,loss_test,r2_test
139361536.0,0.3137578554961924,1278479.375,0.9195764219873963
