loss,r2,loss_test,r2_test
76444736.0,0.9488223114853561,1339222.25,0.9157553454463311
