loss,r2,loss_test,r2_test
21926302.0,0.9676154006444858,1221715.375,0.9231471990336486
20622460.0,0.9688857914094213,1157401.875,0.9271928802127615
20024772.0,0.9678117153143977,1113209.0,0.9299728601898645
13877567.0,0.9767600412215331,769368.4375,0.9516023761470151
7345286.5,0.9751260414567607,466155.03125,0.9706762140509678
