loss,r2,loss_test,r2_test
11114054.0,0.9761917002296798,555739.0625,0.9650408681222842
9204568.0,0.9830764364121325,512953.15625,0.9677323493013787
