loss,r2,loss_test,r2_test
29322424.0,0.914439013488494,1174893.625,0.9260925484938052
28340924.0,0.9219507069633707,1149552.125,0.927686672057631
10793747.0,0.947317886073933,529318.5625,0.9667028688558829
7955917.0,0.9600925921938236,423324.0625,0.973370520982079
