loss,r2,loss_test,r2_test
2447476.75,0.8755562421788134,1297717.625,0.9183662200394069
482293.1875,0.9787911219079064,716451.5625,0.9549311470181538
829014.375,0.9541774582045615,773320.5,0.9513537684923894
523446.09375,0.9708287554094195,620048.5,0.9609954400630463
