loss,r2,loss_test,r2_test
19885300.0,0.6089515874667151,6469165.0,0.5930529371688131
999220.375,0.9568342485033675,797032.8125,0.9498621305681659
713490.125,0.9682724264832587,669356.875,0.9578936650765505
