loss,r2,loss_test,r2_test
1295894.25,0.9798056001844354,1141671.5,0.9281824049707046
679421.75,0.9876902657043788,673092.875,0.9576586545543526
832172.125,0.9779100140245993,641902.1875,0.9596207179327361
651861.375,0.9855730494115857,607482.625,0.9617859091552375
740166.5,0.9805737231444416,600137.0625,0.9622479857705407
