loss,r2,loss_test,r2_test
789627456.0,0.9425261039007781,1370607.625,0.9137810258549964
827033024.0,0.9395492088362188,1462686.75,0.9079887350050112
