loss,r2,loss_test,r2_test
22452904.0,0.9375110307210062,1156771.875,0.9272325068702871
