loss,r2,loss_test,r2_test
133099032.0,0.9281107876768265,1327300.5,0.9165052962680731
118179224.0,0.9551224282161508,1212334.625,0.9237372961201735
114942808.0,0.9572883984331727,1189796.625,0.9251550579984807
113277712.0,0.9566375955855393,1172530.5,0.9262412014735705
107308400.0,0.9570401540405736,1119765.125,0.9295604366920067
101758896.0,0.9559221997884907,1064182.25,0.933056917816902
93318992.0,0.9630572247691418,993918.4375,0.9374769002857739
76227504.0,0.96568565569238,828459.75,0.9478851981185729
69871408.0,0.9673870817045839,769521.875,0.9515927275494226
