loss,r2,loss_test,r2_test
158221840.0,0.9404385319229166,1362852.5,0.9142688652918532
132282648.0,0.9642678762989194,1182257.5,0.925629319415701
129512384.0,0.9640088292603108,1123112.0,0.9293499032948868
123874392.0,0.9668784905164642,1066397.25,0.9329175828195481
113723592.0,0.9725584199522712,1041216.1875,0.9345016192876916
112138544.0,0.9679438233540684,941946.375,0.9407462452226084
97943312.0,0.9595754020629812,880766.625,0.9445948031913869
