loss,r2,loss_test,r2_test
99316992.0,0.8516432490576421,1497895.75,0.9057738872386176
77181976.0,0.9208442361904097,1218701.75,0.9233367625158235
74303224.0,0.9450566724551556,1270716.25,0.920064767398871
73636648.0,0.9170414783991232,1164765.625,0.9267296497394626
71351040.0,0.9626460282786826,1285984.75,0.9191042938896826
57469112.0,0.8927907643277463,892520.25,0.9438554322761964
47077644.0,0.9223458925229961,826652.9375,0.9479988497244952
