loss,r2,loss_test,r2_test
9463156.0,0.963124202006192,1303464.5,0.9180047178967417
5651520.0,0.97909024300911,1099953.0,0.9308067366252547
