loss,r2,loss_test,r2_test
4713174.5,0.941636949697161,1436368.625,0.909644287132088
3903894.25,0.9900811829434762,1244350.375,0.9217233278425472
3592376.25,0.9935992076382826,1202606.125,0.9243492750415407
3388272.5,0.9873903310130524,1177152.25,0.9259504663834616
3145667.0,0.9872329229785721,1104842.0,0.9304991954342609
2820148.25,0.9819110652321067,1043727.5,0.9343436421586347
2536836.25,0.9647108572178986,966161.25,0.9392229950010522
