loss,r2,loss_test,r2_test
83015488.0,0.933228337528442,1214972.875,0.9235713361787488
80022320.0,0.9341909872666916,1179839.875,0.9257813988342558
41140588.0,0.9679886786790604,626074.4375,0.9606163784554881
36076632.0,0.9711698724303552,562432.5,0.9646198170908301
30579724.0,0.9697334764755501,483229.53125,0.9696021327836177
