loss,r2,loss_test,r2_test
327667424.0,0.934974391627623,1261570.875,0.9206400572053092
262130304.0,0.9091501609287379,1059239.75,0.9333678289515113
192750368.0,0.8524362729025989,927963.0,0.9416258811573711
121891392.0,0.98756694654679,601337.8125,0.962172450180649
