loss,r2,loss_test,r2_test
11577434.0,0.9793517856966333,1244033.5,0.921743270947088
8514700.0,0.9914624212980043,1017814.25,0.9359737216667144
