loss,r2,loss_test,r2_test
8103570.5,0.9536057626860766,1443107.75,0.9092203784011311
6528385.5,0.9223488785291035,1177867.625,0.9259054650912893
4987004.0,0.9396667721000108,1035120.0,0.9348850943589345
4815705.5,0.9281141583058823,901996.125,0.9432593387456911
4576396.0,0.9274756265632706,810080.625,0.9490413444744152
4310957.5,0.9251766395950574,720491.4375,0.9546770135663514
