loss,r2,loss_test,r2_test
169484016.0,0.9632904049307756,860095.4375,0.9458951288678773
156419584.0,0.9815259489330952,771451.6875,0.9514713266570513
127316752.0,0.9773773677541137,627965.3125,0.9604974333604807
