loss,r2,loss_test,r2_test
168582992.0,0.8910111305080549,1302802.625,0.9180463551655195
113435968.0,0.9399859166097246,1064378.0,0.9330446056944418
100152840.0,0.9503914562567368,962381.5625,0.9394607578692353
