loss,r2,loss_test,r2_test
119317136.0,0.955968246761917,1291605.375,0.9187507152730242
127836688.0,0.9649580283030739,1387029.5,0.9127480013029934
116038072.0,0.9662857710021694,1244511.75,0.9217131702920501
120246592.0,0.9550301042941995,1286685.0,0.9190602371369488
111510032.0,0.9667748078093775,1200929.5,0.9244547440695687
108658776.0,0.9681367769905924,1167475.75,0.9265591710872638
124191176.0,0.9426044493142828,1343623.875,0.9154784572296023
107319600.0,0.963253789636987,1149031.125,0.9277194443655561
103166792.0,0.9667272667821326,1098482.375,0.9308992408653759
