loss,r2,loss_test,r2_test
240027696.0,0.7940233602068475,2683694.0,0.8311804711389648
122574440.0,0.8853715304853571,1437168.625,0.9095939600407038
112531104.0,0.8761205251751129,1259536.0,0.9207680588624829
112821824.0,0.8906162696669528,1314114.125,0.9173347923785867
108934152.0,0.8849910960029009,1238210.125,0.9221095795358315
125113952.0,0.8994373068519049,1501368.875,0.9055554133430017
107424016.0,0.8893531974666019,1184830.5,0.9254674619625392
105983664.0,0.9015365379596234,1227702.0,0.9227706020600954
104551416.0,0.8958255967768972,1160556.25,0.9269944530259926
