loss,r2,loss_test,r2_test
241391312.0,0.8663564126752291,2784175.5,0.8248596207156431
116541856.0,0.9503088028893263,1257743.125,0.9208808451182293
114097664.0,0.9638177452837005,1228269.375,0.922734906539429
109846648.0,0.9413037692092854,1207684.375,0.9240298283492298
117811016.0,0.9695122774830613,1270234.75,0.9200950443650784
117493704.0,0.924419547481576,1301510.875,0.9181276078829491
140897536.0,0.9740532707259774,1531730.625,0.9036454798510917
107967200.0,0.9344780021773872,1207103.0,0.9240663947068899
137299408.0,0.9012036849299092,1535700.0,0.903395773599414
