loss,r2,loss_test,r2_test
32811184.0,0.8777893376515224,1274924.0,0.9198000763979848
23906326.0,0.9373451202912391,908384.0625,0.9428575039254445
15630028.0,0.964022667517623,636338.625,0.9599707011654731
