loss,r2,loss_test,r2_test
34690876.0,0.9035290583709116,1726396.0,0.8913999236112717
24513936.0,0.9255186462412909,1291844.875,0.9187356560865896
23658416.0,0.9157625918201683,1239085.625,0.9220545067282476
27434786.0,0.8853485309594311,1437385.5,0.9095803209404527
22098262.0,0.9083479600820632,1182453.125,0.9256170174031351
26617828.0,0.8858015431453158,1397494.0,0.9120897253980407
23713976.0,0.9047710394929509,1250768.875,0.921319566229331
25395756.0,0.8879787306379991,1335350.625,0.9159988951164226
