loss,r2,loss_test,r2_test
58867448.0,0.8677323334719524,2025083.0,0.8726108220759069
52156024.0,0.8890688973966988,1631265.625,0.8973841713769841
47869296.0,0.9220752879229294,1405111.875,0.9116105189415973
42363720.0,0.9327547017705751,1274153.625,0.9198485296398405
41600912.0,0.9355859935941104,1255565.75,0.9210178237768866
41836048.0,0.9291781166212693,1349970.125,0.9150792455475932
37650112.0,0.9444123394252858,1206640.875,0.9240954670276951
36666288.0,0.9492684340316848,1180080.25,0.9257662771788864
