loss,r2,loss_test,r2_test
46685704.0,0.9574261044944274,1988117.125,0.8749361887070488
32372750.0,0.9728787686427554,1368311.25,0.9139254862118059
28978874.0,0.9765965581883309,1218110.5,0.9233739549775123
28304178.0,0.9771407544788733,1182930.625,0.9255869761894676
28638992.0,0.9742478858166573,1199271.5,0.9245590470348962
27817582.0,0.9770192943501479,1183086.125,0.9255771893328535
28331462.0,0.974588448869175,1199556.625,0.9245411107903899
36939640.0,0.9492703486951938,1609468.5,0.8987553325156332
