loss,r2,loss_test,r2_test
37282792.0,0.922107605043967,1633730.25,0.8972291243774112
33134230.0,0.9398845473563001,1419259.125,0.9107205713189753
31855590.0,0.9436642638420927,1380780.125,0.9131411217423091
27863320.0,0.9490907683153051,1231947.625,0.9225035270409048
27738422.0,0.9501285940693598,1228584.5,0.9227150864169351
28288266.0,0.9489195796132409,1260290.25,0.9207206172288198
26792184.0,0.9489672463734915,1215959.0,0.9235093055733121
25087076.0,0.9536460579180194,1143561.125,0.9280635435672446
25789836.0,0.9533096924521374,1181501.375,0.9256768802097394
