loss,r2,loss_test,r2_test
27547328.0,0.9334075189363247,1263850.25,0.9204966752705885
26631896.0,0.9466749987129721,1218792.75,0.9233310459775164
25470756.0,0.9407300654188672,1178152.0,0.9258875840914755
26699240.0,0.9285818048342477,1224822.375,0.9229517404942471
25672330.0,0.9519860612329691,1179748.75,0.9257871308224734
26433018.0,0.9285692677963373,1217041.75,0.9234411914089558
23944890.0,0.948505013779079,1117305.125,0.929715191178389
