loss,r2,loss_test,r2_test
30041724.0,0.9385098253193129,1260214.0,0.920725419887921
35666532.0,0.9217841274645898,1406911.0,0.9114973447004041
29008832.0,0.9378134914980345,1183996.75,0.9255199052128968
31356956.0,0.917602126314464,1351824.25,0.914962610573635
27597780.0,0.9325866798949335,1173117.125,0.9262043063009453
34369500.0,0.8861191290747376,1539505.75,0.9031563752310369
