loss,r2,loss_test,r2_test
20859616.0,0.8523630164880447,1289048.0,0.9189115932616132
22201434.0,0.817982349356378,1374374.5,0.9135440733119644
22410436.0,0.8750203130052511,1448191.75,0.9089005576886292
19350174.0,0.864013556668775,1221875.875,0.9231371017088618
19784862.0,0.8435163834533467,1242826.0,0.9218192206825099
19781564.0,0.8423430701908476,1250772.25,0.9213193503793788
18454128.0,0.8640373206730199,1173955.5,0.9261515585557492
18311116.0,0.8603020921172858,1165735.125,0.9266686673352619
17667466.0,0.8705370452022535,1131568.375,0.9288179535328607
