loss,r2,loss_test,r2_test
20055056.0,0.9341757791263278,1475251.25,0.9071983528392881
16535237.0,0.944529969607662,1243688.5,0.9217649628303647
16239092.0,0.9446751614820958,1220813.75,0.9232039089723526
16252298.0,0.9389825539214425,1230819.0,0.9225745289373505
15942627.0,0.9424779357134395,1206180.25,0.9241244380661955
15634597.0,0.9445233494306209,1181967.5,0.9256475650893626
18771174.0,0.9401903551818961,1364724.0,0.9141511498890216
14906066.0,0.9484588081203599,1131902.875,0.928796912404589
15065569.0,0.9498465553851553,1132747.375,0.9287437949443405
