loss,r2,loss_test,r2_test
15031228.0,0.9248212256298396,1325755.0,0.9166025156988321
14575361.0,0.9278654003161328,1271895.125,0.9199906103296166
14000745.0,0.9256682284166403,1236562.0,0.9222132556560652
13780112.0,0.9275457861952593,1218498.875,0.9233495286614665
13620726.0,0.9270399135091404,1207264.0,0.9240562748002205
13428307.0,0.9293906348351069,1194308.5,0.924871247308992
14515426.0,0.9142008729926343,1281414.625,0.919391781296424
15145779.0,0.9323523483181575,1320465.25,0.9169352629405002
13976240.0,0.9334566065000341,1225149.875,0.9229311448070742
