loss,r2,loss_test,r2_test
19379108.0,0.9487883836092683,1346044.625,0.9153261824380008
18797962.0,0.9495915537006283,1284951.25,0.9191693035221697
18580426.0,0.9479089965780177,1266265.625,0.9203447356160145
18512272.0,0.9471448976549752,1254637.125,0.9210762367545273
18363172.0,0.9486801521967524,1236670.625,0.9222064268780623
19266176.0,0.9514656339142566,1291232.0,0.9187741994406223
21120904.0,0.9469204349794117,1418810.25,0.9107488100779493
17592096.0,0.95317066028653,1171863.625,0.9262831535718005
17245732.0,0.9531660591383656,1145858.0,0.9279190444734362
