loss,r2,loss_test,r2_test
5470743.0,0.9414624067700853,1139324.0,0.9283300781770584
2714986.25,0.9734346086205636,576325.125,0.9637458891005918
2220544.25,0.9801250791023985,457250.84375,0.9712363367209866
1620046.25,0.9890032325491857,390772.8125,0.9754181797155135
1574684.125,0.9855800444041489,398452.46875,0.9749350881841311
1373185.125,0.9888824459476663,374438.90625,0.9764456767690612
1975312.875,0.9878402234560711,461944.84375,0.9709410592313076
1297772.5,0.9938004321486683,383226.21875,0.9758929048775989
1150841.0,0.9942107564342227,376118.375,0.9763400269317404
