loss,r2,loss_test,r2_test
54781624.0,0.9418398493828598,1328180.5,0.9164499320708678
53486444.0,0.928595516781509,1328982.125,0.9163995152017963
52826872.0,0.9331292842754407,1288495.0,0.9189463686266877
52265856.0,0.940725983191067,1249139.625,0.9214220494666197
52686280.0,0.9304746821141057,1289525.25,0.9188815779711414
51696288.0,0.9422108888541164,1233531.625,0.922403880145539
50815020.0,0.9363971173096804,1247958.25,0.9214963687261525
50519100.0,0.9487129493710272,1192595.125,0.9249790303850096
55612900.0,0.9556389175189072,1253621.875,0.9211401015535259
