loss,r2,loss_test,r2_test
97907392.0,0.8390494414033453,1573799.125,0.9009991355808792
98452992.0,0.859819148542172,1471950.625,0.9074059806904191
98362312.0,0.8642291386548223,1518207.0,0.9044961909130437
101536648.0,0.8129951146221369,1537016.875,0.9033129376760883
90868056.0,0.8702506653806377,1432437.125,0.9098915998851087
95490888.0,0.8761738265962024,1572841.625,0.901059371646595
102551512.0,0.8646584447367696,1743323.75,0.8903350815240378
78913240.0,0.8777261139345518,1241266.125,0.9219173461072211
73661376.0,0.8866649379068453,1213700.125,0.9236513869638212
