loss,r2,loss_test,r2_test
62649364.0,0.9481855802996453,1440097.625,0.9094097235721765
55465728.0,0.9285016391596703,1281684.25,0.9193748157577919
53071416.0,0.939524514493442,1229211.25,0.9226756537219774
53886580.0,0.9465663652129044,1243040.75,0.9218057036655165
53274436.0,0.9326906148434262,1230845.375,0.9225728610579701
59591912.0,0.9430034607494631,1361635.0,0.9143454680235992
54326292.0,0.9258986851390355,1252724.125,0.9211965695241149
51459908.0,0.9326016515804636,1194514.375,0.9248582976532683
48336812.0,0.9482264075562714,1130518.625,0.9288839852433188
