loss,r2,loss_test,r2_test
43001032.0,0.05988613059432635,14869864.0,0.06460156872406497
36383640.0,0.19950321701010254,12299156.0,0.22631351556213075
7708111.0,0.8759138510503361,2145461.75,0.8650383263541132
3749586.25,0.9535128379426573,1417425.875,0.9108359012355722
3538617.25,0.951286875634037,1285863.125,0.9191119426621891
3185846.25,0.9603123956703895,1267745.75,0.9202516228988056
2823908.75,0.9702581446166241,1283747.375,0.9192450305303014
3122680.75,0.9773777208336921,1586328.25,0.9002109831395362
2756813.5,0.9721778085615891,1250949.75,0.9213081793715958
