loss,r2,loss_test,r2_test
537290304.0,0.2534355277020429,11820726.0,0.25640943336602795
122960280.0,0.8657586781259805,2372313.5,0.8507680609683865
97131216.0,0.9148550117088474,1609054.125,0.8987814027290396
91142752.0,0.9166033844292816,1380731.625,0.9131441734552049
91691216.0,0.9121289460221604,1338877.875,0.9157770079028689
98316184.0,0.8906205587309037,1496588.0,0.9058561532182416
88431240.0,0.923038139606797,1321142.0,0.916892695141462
90473736.0,0.9125658795612066,1339293.375,0.9157508766156426
88185760.0,0.927169200564508,1332315.75,0.9161898020631946
