loss,r2,loss_test,r2_test
34519492.0,0.0899543068752302,14824085.0,0.06748130631424543
28580016.0,0.2733408082407349,12247679.0,0.22955176918653264
5897400.0,0.8400202239117083,2165144.75,0.8638001438465428
3699018.75,0.8875121259101151,1399781.0,0.9119458672383244
3611958.5,0.8892301503590417,1359779.625,0.9144621697373531
3501261.25,0.900097624715042,1286548.875,0.9190687918827517
3591872.0,0.8999723776730905,1261383.125,0.9206518721088963
3470722.0,0.894757643624868,1290935.0,0.9187928870738803
3611601.25,0.8937371166177734,1265703.875,0.9203800731171607
