loss,r2,loss_test,r2_test
508805824.0,0.21683395349394408,12615470.0,0.2064155033760201
106264056.0,0.9020114572801525,2082121.0,0.8690228124098285
88583600.0,0.9218358500924522,1634352.0,0.8971900199483857
86944648.0,0.9243520045292617,1540754.875,0.9030778000307684
80538296.0,0.9199647730651199,1395773.75,0.9121979412285582
79365440.0,0.9257880053826844,1338688.75,0.9157889131811213
89883560.0,0.918913919037978,1584938.25,0.9002984300172348
82754256.0,0.9055657878757383,1439500.375,0.9094472901407287
77716200.0,0.9311941564931494,1320083.375,0.9169592915656503
