loss,r2,loss_test,r2_test
35585492.0,0.010040962047684787,14846788.0,0.06605311754080556
29092700.0,0.17817713767198218,12124734.0,0.23728557914349824
3029060.75,0.9820293302680102,2292378.25,0.8557964409433617
2222211.75,0.9717192959299644,1446624.0,0.9089991689969089
2161569.25,0.9764080029724435,1434814.375,0.9097420615904194
2380766.0,0.9563346790342155,1299945.5,0.9182260803010449
2175823.75,0.9739576973503211,1354287.625,0.9148076435373897
2656195.0,0.9407450186634665,1262691.5,0.9205695645265207
2383928.0,0.9520385949098942,1236130.0,0.9222404365427396
