loss,r2,loss_test,r2_test
481930496.0,0.23634376179650796,11568992.0,0.2722449734122945
89511568.0,0.9221733385576375,2078797.875,0.8692318568355786
58497040.0,0.923485758669161,1339514.5,0.9157369653457827
55674992.0,0.9198412106615057,1277435.625,0.9196420728348539
69606824.0,0.9121684913958801,1585651.625,0.9002535505800782
53706628.0,0.9192162729500234,1233952.625,0.9223774055793262
54608052.0,0.9139588423390368,1262016.0,0.9206120621730226
53720312.0,0.925851683343989,1235704.75,0.9222671927713056
55198436.0,0.912781318944859,1277363.625,0.9196466064635042
