loss,r2,loss_test,r2_test
77712248.0,0.9501456419452238,1294528.125,0.9185668596151272
70427072.0,0.9590494193938756,1180512.0,0.9257391167626904
49472136.0,0.9890271184320818,925057.0,0.9418086831045122
