loss,r2,loss_test,r2_test
62210084.0,0.9575794384211077,1220452.0,0.9232266671616242
58214740.0,0.967281365388679,1134394.75,0.9286401580002257
54456784.0,0.9644021268716734,1029835.875,0.9352175040605621
