loss,r2,loss_test,r2_test
47751316.0,0.9178187390718165,1063488.75,0.9331005477099271
