loss,r2,loss_test,r2_test
65865032.0,0.9374452192817593,1211194.625,0.9238090070096218
51268672.0,0.9474240970329377,972583.125,0.9388190213824873
