loss,r2,loss_test,r2_test
185584240.0,0.9043837441984184,1333257.375,0.9161305713760294
180173264.0,0.9204022301878229,1274413.875,0.9198321657504657
205840992.0,0.9038538980687439,1521109.375,0.9043136189470271
164779680.0,0.9347944168132396,1172189.125,0.9262626787629613
160616352.0,0.9330394825450881,1146292.5,0.9278917162298197
161102832.0,0.925779554651601,1151031.375,0.9275936198005954
146846640.0,0.9404514480331745,1039315.5625,0.9346211739443562
122059832.0,0.9438093804087964,884293.375,0.9443729499556616
108291576.0,0.9513436392949405,793976.6875,0.9500543752891779
