loss,r2,loss_test,r2_test
351144576.0,0.934951541507217,1247511.25,0.9215244904092758
336055264.0,0.9434039663968968,1230152.0,0.9226164804243079
232648704.0,0.9373711454178303,828937.75,0.9478551281016331
146367248.0,0.9694860149380091,547115.75,0.9655833260691771
123701904.0,0.9736276231159281,462879.03125,0.9708822912382792
