loss,r2,loss_test,r2_test
611197376.0,0.9893613684623261,1153327.5,0.927449187309712
415313152.0,0.9662676612127482,808484.8125,0.9491417365118128
253792800.0,0.989957754372492,487387.65625,0.9693405585477091
239833056.0,0.9852497950205399,456705.9375,0.9712706124484703
