loss,r2,loss_test,r2_test
668768256.0,0.9571186575150945,1227219.25,0.9228009735795895
