loss,r2,loss_test,r2_test
172187040.0,0.03384103008482575,14676493.0,0.07676554995066454
146555664.0,0.147864027049875,12495282.0,0.21397604388767977
