loss,r2,loss_test,r2_test
173369264.0,0.06532133207098856,14005384.0,0.1189821668817782
48889820.0,0.7088313792726204,3828332.0,0.7591762699882652
32999936.0,0.8395889178831365,2633254.25,0.8343534272655924
