loss,r2,loss_test,r2_test
179264448.0,0.003595238719329208,14935430.0,0.06047699558343855
