loss,r2,loss_test,r2_test
184155664.0,0.028720392521520144,15278732.0,0.03888135842026863
153658432.0,0.17600007780921645,12800011.0,0.1948069015648407
