loss,r2,loss_test,r2_test
165540800.0,0.1785084919511425,12738820.0,0.19865616270833264
