loss,r2,loss_test,r2_test
164053696.0,-0.1052012666257438,13865612.0,0.12777465539165322
