loss,r2,loss_test,r2_test
45910828.0,0.809664750237617,3588756.0,0.7742469523217261
