loss,r2,loss_test,r2_test
145761488.0,0.0951447488714583,13104032.0,0.17568239386479512
113711176.0,0.25499491417824727,10025602.0,0.36933293029347014
27414220.0,0.8101438934969475,2233887.0,0.8594758685081888
