loss,r2,loss_test,r2_test
13303552.0,0.9348958110084788,1186372.375,0.9253704699472759
11971283.0,0.9428267878740197,1086108.625,0.9316776226906958
13428019.0,0.938293664914953,1193261.5,0.9249371126572327
8979399.0,0.9629116862368191,848118.6875,0.9466485427046752
6632260.0,0.970307232966962,639884.3125,0.9597476562049069
6211813.5,0.9728967394067503,613407.875,0.9614131762476763
5485344.5,0.9715369699069895,540249.25,0.9660152682572468
5473691.0,0.9694157193188605,517236.125,0.9674629208405463
