loss,r2,loss_test,r2_test
130764736.0,0.9725372411833503,849198.625,0.9465806030291217
125557200.0,0.9162034632089532,783153.0,0.9507352467323732
60901536.0,0.9690308792353478,422299.625,0.9734349661402061
51284516.0,0.9771701575245383,418131.8125,0.9736971453952357
46763900.0,0.9829248283070189,417823.3125,0.9737165516509573
43415256.0,0.9875733871222899,391418.375,0.9753775707618029
44474388.0,0.9839975067282118,421867.625,0.973462142103563
55511500.0,0.9846322310133558,486197.5,0.9694154299046185
