loss,r2,loss_test,r2_test
7311328.0,0.9685319086232993,1239422.625,0.9220333101538446
2278186.75,0.9875457054431686,754783.8125,0.9525198326189414
1060644.375,0.9990300773620566,476953.25,0.9699969428508545
1243995.25,0.9978656981525311,481059.59375,0.9697386319279514
905184.4375,0.9990936661457636,457403.625,0.9712267272758912
739452.125,0.999465174081269,449210.53125,0.971742118269924
717669.875,0.9996045948129386,426941.84375,0.9731429432237955
598441.125,0.9994534109544739,418840.4375,0.973652566323734
833314.5,0.9984371041668899,462775.5625,0.9708887999952122
