loss,r2,loss_test,r2_test
66638084.0,0.9495520700668494,890629.625,0.9439743631581214
