loss,r2,loss_test,r2_test
74841936.0,0.9313515180494454,1112265.75,0.9300321943495469
65945812.0,0.9470496589953703,959736.3125,0.9396271581110751
