loss,r2,loss_test,r2_test
210307520.0,-0.261036560739079,17868864.0,-0.12405260893243386
18224790.0,0.8980279182064455,1662457.375,0.89542203760389
12583496.0,0.9304934010129605,1292742.625,0.9186791837404092
14865569.0,0.898308553246702,1630070.5,0.8974593395437443
11968365.0,0.9223190218689006,1309553.0,0.9176217094848017
