loss,r2,loss_test,r2_test
21125134.0,0.9401422111065142,1311466.25,0.917501361871875
20605946.0,0.9276875594001478,1245415.875,0.9216562964218513
