loss,r2,loss_test,r2_test
11958885.0,0.9277560363844284,1526218.5,0.9039922183241494
