loss,r2,loss_test,r2_test
776571264.0,0.8271764831039471,3056743.5,0.8077135555830407
548755520.0,0.9003313935673238,1952582.75,0.8771715013660979
482759104.0,0.9274520949212134,1519996.0,0.9043836385071333
456739008.0,0.9334725235163965,1447589.375,0.9089384423444304
