loss,r2,loss_test,r2_test
56450808.0,0.7232614509168533,1304617.5,0.9179321811036377
54531764.0,0.7265185626995696,1229723.0,0.9226434627750812
53094072.0,0.7279231866510967,1219107.75,0.9233112326225207
53144416.0,0.7257648565433469,1235868.75,0.9222568667058602
