loss,r2,loss_test,r2_test
80934768.0,0.927369155296995,1477633.625,0.9070484894636023
81407768.0,0.8992692766117247,1504182.375,0.9053784285219781
70179464.0,0.9297218804101249,1269189.5,0.9201608044850835
71544808.0,0.9229930408448326,1299220.375,0.918271699050637
