loss,r2,loss_test,r2_test
92559408.0,0.9148968603696238,1623418.125,0.897877827664887
80616344.0,0.9211319102911897,1288025.0,0.9189759501006497
79244616.0,0.9293413218837588,1311900.375,0.9174740498108191
78894448.0,0.9341368793807727,1309250.625,0.9176407343718717
