loss,r2,loss_test,r2_test
3766478.75,0.8593610256794619,1572909.5,0.9010550935541155
3004966.75,0.9139447595548192,1267298.625,0.9202797524933718
3116170.25,0.9012156645712708,1307505.0,0.9177505352477601
2871516.75,0.9090570063374894,1210533.625,0.9238505908235131
