loss,r2,loss_test,r2_test
4150799.25,0.8940202626296905,1624440.625,0.8978134917637952
2838997.25,0.9417841820121098,1298628.875,0.9183088944494672
2710117.25,0.9442945321126474,1277214.125,0.9196560013870341
2941042.0,0.930290245139138,1280808.5,0.9194299057528853
