loss,r2,loss_test,r2_test
4813553.0,0.9355259282459687,1773531.875,0.8884348045678676
2869845.75,0.9806641733086474,1624085.875,0.8978358043407315
2561779.5,0.983705778663234,1461624.375,0.9080555690376301
2468465.5,0.9758131276789243,1255798.125,0.9210031928525307
