loss,r2,loss_test,r2_test
46005896.0,0.9524769084724661,1247651.25,0.9215156757516162
43974076.0,0.9624494097694437,1226000.875,0.9228776162551365
43386836.0,0.9627878079574704,1219153.75,0.9233083362444999
41820568.0,0.9693839472049934,1178795.375,0.9258471041236227
