loss,r2,loss_test,r2_test
624064064.0,0.7603676754250328,1049096.25,0.9340059174174281
407150048.0,0.8063867960273423,727926.0,0.954209342339024
274530112.0,0.9284646615565009,491633.1875,0.9690734943317723
248529296.0,0.9366226299900209,447643.1875,0.9718407108804068
209758864.0,0.9655956735642421,393306.21875,0.9752588155415023
