loss,r2,loss_test,r2_test
456394400.0,0.9889801832623835,440815.53125,0.9722702098352142
385515872.0,0.992914118405654,368961.25,0.9767902513451532
