loss,r2,loss_test,r2_test
89960904.0,0.8467879108579739,1241117.125,0.9219267193044816
