loss,r2,loss_test,r2_test
127452936.0,0.8825494244392449,1481946.875,0.9067771543354298
102569472.0,0.9482873978569724,1207937.125,0.924013924532068
