loss,r2,loss_test,r2_test
207511536.0,0.9653830683802002,1654398.625,0.8959289807238576
173886000.0,0.97978451213074,1305248.0,0.917892510221049
202025184.0,0.9464493152142455,1572518.625,0.9010796886151169
172278928.0,0.960295879547939,1304632.375,0.9179312427824236
