loss,r2,loss_test,r2_test
206780688.0,0.760687749360177,2041147.875,0.8716002491010387
164221856.0,0.8793077054045697,1697009.125,0.8932485264204167
125699376.0,0.8991506927794064,1369750.375,0.9138349568898078
113955608.0,0.8728520143812907,1291509.125,0.918756774420121
