loss,r2,loss_test,r2_test
177158048.0,0.9058528824366129,1695016.125,0.8933738998483174
143456176.0,0.9478367255960864,1354508.625,0.9147937467623325
139296784.0,0.9448201432152887,1279427.875,0.9195167572098009
140988784.0,0.9455283367731521,1321085.875,0.9168962236809031
