loss,r2,loss_test,r2_test
188718128.0,0.8689378714039364,1604614.5,0.899060678535168
163455392.0,0.8628699124227236,1373986.75,0.9135684649168452
155496992.0,0.8571526986382236,1310817.625,0.9175421689148411
149431312.0,0.84253584642233,1264835.375,0.9204347019642765
