loss,r2,loss_test,r2_test
186514176.0,0.9193062066413625,1631145.0,0.8973917394490358
150819648.0,0.96637636462122,1355503.25,0.9147311765233157
149353680.0,0.9671983983139172,1334051.75,0.9160806041745335
152058064.0,0.9464815308061368,1278055.25,0.9196030901414953
