loss,r2,loss_test,r2_test
1379102592.0,0.08891523695022685,13491879.0,0.15128457908129567
171630448.0,0.9508307204890298,1688539.875,0.8937813027508882
299495776.0,0.9560485866848085,2929874.0,0.8156943674091944
156595456.0,0.9771009048325399,1576363.5,0.9008378169403034
133284208.0,0.9692960558270957,1312489.125,0.9174370148595192
