loss,r2,loss_test,r2_test
454130496.0,0.803682180086898,3143930.5,0.8022289969251943
646512512.0,0.7674780905357315,4112862.5,0.7412777065197402
407161888.0,0.8125066262112711,2210772.0,0.860929938781744
399577792.0,0.820698074790226,2078021.75,0.8692806838823113
