loss,r2,loss_test,r2_test
544986880.0,0.3193582726550268,11955812.0,0.2479118015836651
107151136.0,0.8478477509174844,2376440.0,0.8505084902041891
69242040.0,0.9173084093276374,1474398.25,0.9072520120554295
70074448.0,0.9231200744814017,1400593.5,0.9118947424496692
