loss,r2,loss_test,r2_test
34765260.0,0.05577199357686835,15133871.0,0.047994099718371874
28505784.0,0.2141248897548803,12635275.0,0.20516983042256276
2501690.0,0.953687108139284,2227868.25,0.8598544951797273
1443503.125,0.9843792207782239,1410389.625,0.9112785171647148
