loss,r2,loss_test,r2_test
41829624.0,0.058474905499827146,14860194.0,0.06520986545675289
33343736.0,0.20215244024917378,12068696.0,0.24081077429780895
50987876.0,0.817039257782134,3447248.25,0.783148587303464
93045304.0,0.7946304119464812,4121495.5,0.7407346470765761
