loss,r2,loss_test,r2_test
547682432.0,0.21106377687837452,12170846.0,0.2343849689995562
92413488.0,0.8970875051459206,2142039.75,0.8652535901774718
66126032.0,0.9578921279979791,1510652.75,0.9049713971429494
61968372.0,0.9718371222437949,1410615.875,0.9112642838580494
