loss,r2,loss_test,r2_test
497810400.0,0.2359840655013843,12337965.0,0.22387226583437347
108535632.0,0.8989710597354347,2144040.75,0.8651277167374228
89533856.0,0.9218043144564284,1662143.375,0.8954417790166548
86477536.0,0.9261641207022268,1534823.0,0.9034509563213162
