loss,r2,loss_test,r2_test
592855424.0,0.22886094240421895,12394182.0,0.22033588845629248
102990592.0,0.9072791914605259,2147308.75,0.8649221558849824
68093816.0,0.9342027652989693,1389148.125,0.9126147253987237
66266652.0,0.9386478430271177,1301495.625,0.9181285648028387
