loss,r2,loss_test,r2_test
519693216.0,0.2783178138611462,11457567.0,0.2792542665571386
122217536.0,0.8658853192305339,2384090.5,0.8500272229359502
95567008.0,0.9155423668024465,1612634.625,0.8985561607448153
89257232.0,0.9164556950343037,1373558.125,0.9135954280262901
