loss,r2,loss_test,r2_test
486797632.0,0.15652295620836432,11964975.0,0.24733544943363828
84127648.0,0.7839773140447917,2004166.375,0.8739266026631699
57493916.0,0.8410688911531597,1359584.625,0.91447443347237
65637340.0,0.8922461432568198,1587776.25,0.9001198907753059
