loss,r2,loss_test,r2_test
636070400.0,0.04768001945693645,14812486.0,0.06821086789735853
539471232.0,0.17009728042681127,12589143.0,0.20807165508741265
103257560.0,0.810514718412312,2279639.75,0.856597758223302
64968544.0,0.912774878950301,1393515.875,0.9123399727173629
61573892.0,0.9426901281125585,1329325.0,0.9163779292165551
