loss,r2,loss_test,r2_test
46075752.0,0.9523408217153662,1247941.0,0.9214974570478677
43480504.0,0.9651205613466646,1213109.25,0.9236885717343913
42392672.0,0.9678075957720603,1189187.0,0.9251934166196999
38981772.0,0.9751973973242412,1112076.0,0.930044132489727
38249996.0,0.975287799026817,1086155.75,0.9316746621562377
38982864.0,0.9734236449471209,1102774.125,0.930629266758196
37601524.0,0.9753066508736521,1066466.25,0.9329132382015906
36382364.0,0.9748764900827036,1038754.5,0.9346564704701081
