loss,r2,loss_test,r2_test
60088856.0,0.9250091546784532,1226249.625,0.9228619627259236
59573256.0,0.9230315150615487,1224957.25,0.9229432610991639
56195708.0,0.9219470245449977,1142329.5,0.9281410064776741
52380888.0,0.9250769489267086,1083779.375,0.9318241516243981
