loss,r2,loss_test,r2_test
6251320.5,0.9330652887700268,1622644.5,0.8979264809525745
4943723.5,0.9403939969871321,1413038.375,0.9111118959851967
5114581.0,0.9318339994882135,1650224.375,0.8961915548461213
4649850.0,0.9316517425039474,1248861.0,0.9214395769038999
4493122.0,0.9367793583775466,1215692.25,0.9235260878624348
4439753.5,0.9358185191596015,1180711.25,0.9257265855273584
4287951.0,0.9371925326628676,1235126.0,0.9223035945601362
4174302.5,0.9363413913752829,1270531.375,0.9200763939977766
