loss,r2,loss_test,r2_test
27901120.0,0.7315664125554784,4806337.5,0.6976541743997331
52937764.0,0.700530027513399,5342750.0,0.6639108324280285
48833896.0,0.6269511854548208,6274457.0,0.6053011822378828
42975216.0,0.8136616309429551,4084339.25,0.7430719682014002
51472280.0,0.5152203071407243,7759939.5,0.5118559208533114
41860140.0,0.7668857687548769,4703548.0,0.7041202498901613
48202756.0,0.6386636842331697,6061902.5,0.6186720444886429
44063232.0,0.8253939301011779,3943970.0,0.7519019895635525
