loss,r2,loss_test,r2_test
84235152.0,0.923234350782754,1437906.0,0.9095475826465351
77470320.0,0.9294224960243298,1275088.875,0.9197896957987401
74303528.0,0.9361986329780818,1242689.5,0.9218278023034403
69721840.0,0.9414264354203649,1169016.125,0.9264622818001775
68782480.0,0.94664549065811,1216801.0,0.9234563333973516
62579612.0,0.9537944717624278,1117295.0,0.9297158292478898
64109016.0,0.952285962302019,1254236.75,0.9211014198919368
