loss,r2,loss_test,r2_test
922041984.0,0.9414784043923823,1388444.75,0.9126589649545916
791645440.0,0.9417965929361344,1231442.0,0.9225353308390196
795580608.0,0.9456241979747199,1391317.375,0.9124782617066913
585900992.0,0.9566036649722693,1021488.0,0.9357426310591671
532619616.0,0.9339625605455786,968726.875,0.939061601408833
