loss,r2,loss_test,r2_test
32247824.0,0.9257122013958436,1194982.5,0.9248288423606451
30470594.0,0.9311284109438827,1149001.625,0.9277213112083567
24766828.0,0.9577524858066002,1013134.6875,0.9362681021341999
22739320.0,0.9614999110234591,954391.1875,0.9399634028644712
20737932.0,0.9552483241313106,851587.0,0.9464303695854049
11745092.0,0.9768051315983842,604671.125,0.9619627669204631
10533696.0,0.9769335328165133,568692.25,0.9642260395434132
