loss,r2,loss_test,r2_test
3513962.0,0.9357577598778614,1359285.875,0.9144932308641862
3532788.75,0.9290760189131996,1308604.25,0.9176813960105732
3514960.0,0.9273458637805995,1305919.0,0.9178503132516034
3072956.75,0.9357251375807405,1137365.625,0.9284532792241917
3479974.5,0.9211518390355968,1150324.125,0.9276381043081914
1256675.75,0.9749403093645058,1021289.9375,0.9357550884737299
766036.6875,0.9872257267503399,859019.75,0.9459627987287532
829709.375,0.9844241131910414,810513.875,0.9490140928764487
525275.8125,0.9922362388195565,636687.9375,0.959948726463352
