loss,r2,loss_test,r2_test
24794274.0,0.9299099625154575,1082217.625,0.9319223857117341
22828380.0,0.9301079262219332,1004588.4375,0.9368057087976936
18138634.0,0.9332927401692265,803507.1875,0.9494548534124649
18373686.0,0.9253687686010353,817841.6875,0.9485531359260762
10625390.0,0.9477441618485418,537705.8125,0.9661752639426748
9951651.0,0.9505081849965985,521587.9375,0.967189170368146
