loss,r2,loss_test,r2_test
2536584.0,0.952188323349918,1417490.875,0.9108318045688638
2112547.0,0.965828495832187,1218588.75,0.9233438732654661
1924117.375,0.9670444294979224,1173796.625,0.9261615538911208
1631362.875,0.9675229470933278,1134265.25,0.9286483035211901
1112818.75,0.9724799318009535,936708.9375,0.9410757126598431
1037456.5,0.9734113776442278,872393.5,0.9451215114040616
851686.1875,0.9768409632745331,667732.9375,0.9579958200034386
575417.0,0.9852272884417999,579848.1875,0.9635242698869823
