loss,r2,loss_test,r2_test
2022607.5,0.9524495819575122,1341659.125,0.9156020543299062
1236179.375,0.9849420641948853,1455251.625,0.9084564429526616
879007.0,0.9863303388268251,1303671.75,0.9179916771640576
933211.875,0.9808820666215191,1145333.5,0.927952040684665
796540.125,0.9849393036343504,1149489.25,0.9276906259346376
554088.0,0.9891153056625196,1022009.5,0.9357098253629552
305639.96875,0.9941758884689905,672039.75,0.9577248959124178
486511.6875,0.986289315676424,850556.75,0.9464951734985907
