loss,r2,loss_test,r2_test
384104960.0,0.09411763808340645,14118791.0,0.11184831632187053
251843072.0,0.4309037827448784,9396683.0,0.40889548012571675
