loss,r2,loss_test,r2_test
397974368.0,0.10749404128595164,14366713.0,0.09625255354806861
245782416.0,0.43897655241137334,8841044.0,0.4438483559381894
