loss,r2,loss_test,r2_test
13180426.0,0.5917911762711674,7076364.5,0.5548567011978585
