loss,r2,loss_test,r2_test
13237814.0,0.9346628480600423,1256642.875,0.9209500569115096
10717089.0,0.9423491048474575,1072846.875,0.932511863244856
11381206.0,0.9369641428900832,1120820.25,0.929494068249048
7181741.0,0.9616856385222048,719328.5,0.9547501709716136
7590492.0,0.9614340569189356,743609.3125,0.9532227704922016
