loss,r2,loss_test,r2_test
151906928.0,0.9352075447746294,1095831.875,0.9310659782787128
125816584.0,0.9476073294419881,922364.875,0.9419780422402375
124672552.0,0.9408850996289648,898352.125,0.9434885666806916
92351688.0,0.9625624046311415,684400.3125,0.956947349562747
99578208.0,0.9563829374777375,737885.1875,0.9535828484662118
68997264.0,0.9700116237055052,494626.28125,0.9688852102442178
64903376.0,0.963992806564064,476722.875,0.9700114352027916
67828760.0,0.9691084827372416,498837.40625,0.9686203054215918
