loss,r2,loss_test,r2_test
29413158.0,0.9817041160856943,683714.1875,0.9569905114137738
