loss,r2,loss_test,r2_test
64687360.0,0.9825864597119913,1224920.75,0.9229455541631935
47213936.0,0.9812047456412342,968142.4375,0.9390983630363705
36311084.0,0.9722495112130558,733486.0625,0.9538595767273758
