loss,r2,loss_test,r2_test
40686324.0,0.934235310793572,1190191.5,0.9251302273085997
38785608.0,0.9287995164200857,1118174.5,0.9296604986338038
34748104.0,0.9552215286809499,1003924.0625,0.9368475002810989
