loss,r2,loss_test,r2_test
58761120.0,0.9711468211586286,1259223.5,0.920787725439688
57835288.0,0.9706141601287717,1235830.875,0.9222592566554833
55517656.0,0.9774258663199249,1179742.5,0.9257875334043562
58529480.0,0.9727360181566886,1239829.375,0.9220077189558546
50392428.0,0.971926894161402,1045333.25,0.9342426217768274
