loss,r2,loss_test,r2_test
151208384.0,0.9219096429998347,2268761.25,0.8572820938080329
134197288.0,0.9342715063597496,1886392.75,0.8813352373364731
108446256.0,0.937504923053551,1530937.5,0.9036953731388929
98078256.0,0.9196716452960505,1495703.0,0.9059118182937447
