loss,r2,loss_test,r2_test
70290248.0,0.8841285948971611,1335427.625,0.9159940496381421
60492752.0,0.8324775496149255,1114050.0,0.929919951194118
59061208.0,0.8323095747018819,1087938.875,0.9315624918408356
58420780.0,0.8150003967282489,1083280.0,0.9318555650951152
61105008.0,0.7972558653797382,1147271.75,0.9278301176075014
