loss,r2,loss_test,r2_test
55647120.0,0.7276263731156676,1127638.125,0.9290651904292315
51314744.0,0.7274842838141669,1054405.125,0.9336719500755556
