loss,r2,loss_test,r2_test
102500128.0,0.8768996448075823,2352368.0,0.8520227662574208
64991732.0,0.9293795454213445,1449753.125,0.9088023217506426
52577492.0,0.957870592820064,1167711.625,0.926544343376034
47004972.0,0.965023641054564,1082195.875,0.931923766135808
