loss,r2,loss_test,r2_test
85942248.0,0.8410168398811012,2085015.875,0.8688407079607314
46013368.0,0.9210954574699269,1234624.375,0.9223351430475297
48288312.0,0.9105685455713755,1284232.375,0.9192145136742144
