loss,r2,loss_test,r2_test
529150816.0,0.9325170311652515,962715.5,0.9394397484505008
246528816.0,0.9207500097199156,482521.46875,0.9696466687099626
217555456.0,0.9423663369318926,437851.03125,0.9724566930803216
210786000.0,0.913339290291462,424516.8125,0.9732954920784096
184011824.0,0.9554928644440268,373727.0,0.9764904594913435
