loss,r2,loss_test,r2_test
172299552.0,0.030788095255927406,15323142.0,0.03608775747783055
155522112.0,0.11521568519928882,13797671.0,0.13204842503359537
23350614.0,0.8744821868069332,2201522.0,0.8615118126700605
18828248.0,0.9049015996098492,1839857.25,0.8842625697287166
12221947.0,0.928526326650568,1271676.5,0.9200043631915737
12153794.0,0.9393008239087732,1290951.375,0.9187918609161305
