loss,r2,loss_test,r2_test
15454091.0,0.9259056194571911,1303781.625,0.9179847653068715
14868330.0,0.931197315439115,1270174.75,0.9200988318421649
14844533.0,0.91519675106167,1249914.125,0.9213733226367714
