loss,r2,loss_test,r2_test
19018296.0,0.9510726449440216,1441848.625,0.9092995695359655
18952632.0,0.9531927339213354,1354170.875,0.9148150010008487
