loss,r2,loss_test,r2_test
174258512.0,0.07385629408529304,14926990.0,0.06100790787818444
168560736.0,0.10354418092733841,14460101.0,0.0903779313356613
16177500.0,0.9745423465174755,1347341.125,0.9152446251305608
15586621.0,0.9752096501422639,1288580.375,0.9189410160914605
15856860.0,0.973857707241672,1312228.0,0.9174534422562018
