loss,r2,loss_test,r2_test
191625200.0,-0.1312423880694933,15298015.0,0.037668299039163244
181639008.0,-0.038344990338882834,14493417.0,0.08828213937392626
171972656.0,-0.07412408443091523,13708138.0,0.13768067414354257
79305056.0,0.5242548174836829,6250203.5,0.6068268208169131
28858568.0,0.904414084476044,1473953.125,0.9072800067968229
27566036.0,0.9286083308972868,1322563.0,0.9168033123176915
