loss,r2,loss_test,r2_test
184212336.0,0.028604531227399255,15283462.0,0.038583731254589915
179718816.0,0.04374067102369106,14892321.0,0.0631888055915455
147467568.0,0.2131852329373145,12322299.0,0.22485766713294064
29165324.0,0.8612019392369684,2497237.75,0.842909636239594
15490003.0,0.9445207332739985,1302524.0,0.9180638755987112
