loss,r2,loss_test,r2_test
187540224.0,-0.02016996765371082,14400781.0,0.09410939850155497
16417848.0,0.946676600604555,1338541.625,0.9157981633754405
17618312.0,0.9647515398283167,1434054.875,0.9097898372708362
