loss,r2,loss_test,r2_test
177660112.0,0.07872334574290363,14498619.0,0.08795489499996367
18402140.0,0.8799052548346533,1593609.75,0.89975293943253
