loss,r2,loss_test,r2_test
31490702.0,0.935231007917507,1299009.5,0.9182849530286313
29612280.0,0.9447873512224442,1228082.75,0.9227466486396921
