loss,r2,loss_test,r2_test
29332778.0,0.905241873204238,1303131.0,0.9180256859256712
33350132.0,0.8685562052566536,1495989.5,0.9058937969162204
27995636.0,0.9128429091341045,1270690.875,0.9200663575883559
28084082.0,0.9432796013265082,1282373.5,0.9193314542176405
26912940.0,0.9282215037314124,1225970.375,0.9228795299795283
