loss,r2,loss_test,r2_test
44405056.0,0.8818656871903647,1974408.25,0.8757985584433768
35001584.0,0.93453915945952,1521843.375,0.9042674493311643
30544080.0,0.9580230899816518,1295654.375,0.918496017379679
