loss,r2,loss_test,r2_test
61770632.0,0.8946701213801969,3086158.25,0.8058631922766046
