loss,r2,loss_test,r2_test
40884764.0,0.9236441327352335,1912551.75,0.8796896877722566
29999460.0,0.9675757253067031,1344511.875,0.9154225988470628
37343908.0,0.9666576851177147,1637044.5,0.8970206372953483
