loss,r2,loss_test,r2_test
31874082.0,0.9686275610314453,1347586.0,0.9152292210394737
31312184.0,0.9643006716546187,1324007.75,0.9167124242261014
29427594.0,0.9723428897262328,1240046.875,0.9219940418486758
