loss,r2,loss_test,r2_test
71287968.0,0.9328015367944301,1244301.75,0.9217263888663705
65921220.0,0.927587732900879,1165789.75,0.92666523584302
62451540.0,0.9395454745520884,1106049.875,0.9304232014852528
59141256.0,0.9323842631667799,1059095.25,0.9333769188521981
