loss,r2,loss_test,r2_test
71756680.0,0.8588589855325848,1182499.75,0.9256140720618541
77921024.0,0.9313385910669746,1274593.375,0.9198208711805532
66833496.0,0.8780499857966806,1108675.0,0.9302580771155876
67668024.0,0.8491532184400027,1134716.125,0.9286199408532182
