loss,r2,loss_test,r2_test
64943776.0,0.911788347687004,1198830.875,0.9245867644893737
68181440.0,0.8961962836129251,1265440.375,0.9203966405267334
61686744.0,0.9278463109269917,1128639.125,0.9290022204024497
72377840.0,0.946064529361333,1300914.375,0.9181651266053481
