loss,r2,loss_test,r2_test
3559930.5,0.9424641665234033,1267309.875,0.9202790429295356
3055193.5,0.9561692040143879,1214290.125,0.9236142864880875
2893909.0,0.959538990472032,1194110.875,0.9248836766278637
2832865.0,0.9588065987056946,1224634.25,0.9229635912789088
