loss,r2,loss_test,r2_test
63514420.0,0.958194530600564,594609.4375,0.9625957032734948
