loss,r2,loss_test,r2_test
3808199.75,0.9664389813725208,1266640.125,0.920321175345775
3752093.5,0.9725140177293248,1250646.0,0.9213272977190542
2807710.75,0.9836083732603483,1054163.75,0.9336871313225099
1892964.25,0.9934419568187165,1155945.875,0.927284462492459
