loss,r2,loss_test,r2_test
69694688.0,0.5753092194221754,6983242.0,0.5607145543920464
44760400.0,0.7835951169655608,4353600.5,0.726133909348735
34502908.0,0.8088980005186315,4006727.5,0.7479541832673973
1852785.125,0.969824010552544,904050.75,0.9431300961853512
2018158.0,0.957450434187376,811856.9375,0.9489296081814376
