loss,r2,loss_test,r2_test
4753803.0,0.11933125165646785,1271585.5,0.9200100787887615
3194338.25,0.36172590674004634,1182234.125,0.9256307881727193
3186700.0,0.24956348581228804,1140226.0,0.9282733396593793
