loss,r2,loss_test,r2_test
108900456.0,0.9799491935060962,1274925.5,0.9197999727255979
95235456.0,0.9822685196553301,1106776.75,0.9303774761831689
85314344.0,0.9736604953207557,988034.4375,0.9378470487149018
68740784.0,0.984493627293629,827022.75,0.9479755863525966
67489056.0,0.9855488933243293,803382.1875,0.9494627143783367
45046104.0,0.9711351167704737,536121.3125,0.9662749371281749
