loss,r2,loss_test,r2_test
4962613.5,0.9219210918893312,1312899.0,0.9174112254105716
2854204.75,0.9496348573289168,864933.9375,0.9455907646720663
2599107.5,0.9442353354540797,888310.125,0.9441202697729926
