loss,r2,loss_test,r2_test
116656528.0,0.9668478283653702,1270570.75,0.9200739061434005
65388712.0,0.9700572982073101,685562.3125,0.9568742532071588
60923828.0,0.9737154424323448,667767.625,0.9579936378556936
55354504.0,0.9892148007856649,621789.0625,0.9608859523388438
