loss,r2,loss_test,r2_test
251236160.0,0.991640484840382,450448.5625,0.971664237515014
201924704.0,0.9834054205559885,370993.28125,0.97666242502422
278693440.0,0.9589371808290731,526288.9375,0.9668934521280337
186442480.0,0.9919437295292584,360076.6875,0.9773491398733956
187528176.0,0.9889272543103816,377872.78125,0.9762296651575462
