loss,r2,loss_test,r2_test
264570656.0,0.9933483512522814,531830.0,0.9665448872703917
199306592.0,0.9984078388398718,406867.28125,0.974405746421822
219150224.0,0.9885913405835587,445027.0,0.9720052844278961
188471296.0,0.9863309270015143,409646.40625,0.9742309258110198
173288032.0,0.9976742272516623,389824.46875,0.97547783577531
194247952.0,0.9876154472423144,441371.15625,0.972235259712012
154188080.0,0.9986033440384905,359459.25,0.977387980351887
