loss,r2,loss_test,r2_test
12553591.0,0.9605285440293511,1173139.75,0.9262028798455938
9995491.0,0.9635770258282756,961472.1875,0.939517962181319
10668710.0,0.9440908641754391,1013853.5625,0.9362228740613728
