loss,r2,loss_test,r2_test
17076192.0,0.8672953432211898,1267179.0,0.9202872690430174
18868818.0,0.8374674552191919,1322403.375,0.9168133566603324
16975362.0,0.8836971579030615,1285271.125,0.9191491831861842
14758734.0,0.8819966451524276,1038045.8125,0.9347010508763708
9921477.0,0.9293568137516591,843954.9375,0.9469104636262673
