loss,r2,loss_test,r2_test
26121994.0,0.9301330260213563,1524361.875,0.904109027192537
24702590.0,0.9382884575341509,1542476.125,0.9029695297434988
14023443.0,0.930436561569866,1096793.75,0.9310054752154235
11638742.0,0.9530612232395134,922874.875,0.9419459507545963
