loss,r2,loss_test,r2_test
14995220.0,0.9655148820505453,1368227.25,0.913930771865226
7194118.5,0.9709273919026642,721817.75,0.9545935755306771
