loss,r2,loss_test,r2_test
14442205.0,0.963766827657964,1216692.375,0.9234631698968978
12984091.0,0.9665633672374695,1090042.25,0.9314301795756292
11099038.0,0.9570916252551023,954032.375,0.9399859694673911
