loss,r2,loss_test,r2_test
14959482.0,0.9171977610131249,1355737.5,0.9147164436644822
12580134.0,0.9281472909412634,1177420.875,0.925933562903394
8560615.0,0.9391154246022425,860727.4375,0.9458553768003932
