loss,r2,loss_test,r2_test
16525959.0,0.9179694514720289,1409350.375,0.9113438965154789
14992379.0,0.9227084965414049,1261731.875,0.9206299330121129
12732230.0,0.9477661858816012,1095656.25,0.9310770254720994
12825370.0,0.9495836443094813,1162838.25,0.9268509072737104
