loss,r2,loss_test,r2_test
16556016.0,0.9661348274096873,1401007.25,0.9118687235982926
13604912.0,0.9759345149684349,1148023.5,0.9277828290398246
9768139.0,0.9794354000942663,876443.75,0.9448667391737278
