loss,r2,loss_test,r2_test
16247135.0,0.9000868107929203,1251454.25,0.9212764508203437
12205126.0,0.9308687998849435,1013943.9375,0.93621719253576
