loss,r2,loss_test,r2_test
15511851.0,0.9719424599098322,1302768.25,0.9180485143413638
