loss,r2,loss_test,r2_test
14380262.0,0.9406343508740984,1484246.0,0.9066325364147512
13935098.0,0.9394715748044137,1363611.625,0.9142211271311438
