loss,r2,loss_test,r2_test
240896544.0,0.9300833762473394,1394856.125,0.9122556675373703
222025808.0,0.9466357415791692,1284977.125,0.9191676698201915
216073824.0,0.9560715357946719,1254013.375,0.9211154665050305
