loss,r2,loss_test,r2_test
12848973.0,0.8891301983430838,1360998.25,0.9143855197822743
