loss,r2,loss_test,r2_test
25668382.0,0.8121901249408359,2581126.5,0.8376325527228179
12778815.0,0.9076786885500755,1309068.75,0.9176521771024615
