loss,r2,loss_test,r2_test
6437857.5,0.9685021450573381,1464431.0,0.907879015464516
4965120.5,0.9906603194471597,1260596.875,0.920701325450107
4938443.5,0.9916303303923709,1243416.5,0.9217820732364507
