loss,r2,loss_test,r2_test
213836096.0,0.9397738618182252,1378814.25,0.9132647863083496
227229904.0,0.9323894383699222,1396372.5,0.9121602707117958
193813104.0,0.9467628323440516,1220870.625,0.9232003303828729
