loss,r2,loss_test,r2_test
262307152.0,0.8516528088159959,1343096.0,0.9155116709485188
272354624.0,0.8482861517079323,1384758.625,0.9128908617567048
