loss,r2,loss_test,r2_test
67709456.0,0.9283302388259566,1307842.875,0.9177292892745302
60482600.0,0.9374505489816526,1192581.5,0.9249798851990886
48026252.0,0.9605031124857174,908569.9375,0.9428458127948691
33130404.0,0.9700331418291146,706241.375,0.9555734248488197
24014750.0,0.9800780295504707,547657.25,0.9655492576497045
24435884.0,0.9791771365286069,547739.0,0.9655441187376208
