loss,r2,loss_test,r2_test
86384656.0,0.9291806608483406,1354584.375,0.9147889884312748
84703400.0,0.9282953654399035,1306062.5,0.9178412908944061
60041388.0,0.9229766638563873,932868.9375,0.9413172688368499
30269600.0,0.9698996279156404,655693.0,0.9587532029460941
