loss,r2,loss_test,r2_test
73155712.0,0.9254176755102056,1208618.875,0.923971039882634
53806480.0,0.925694170783181,925357.125,0.941789805484483
42569676.0,0.9344859307478898,842755.5,0.946985910164269
44329308.0,0.9532869090192118,800638.4375,0.949635314709551
30586708.0,0.963937953394964,601087.6875,0.9621881834987778
27127512.0,0.9621466209999471,613874.25,0.9613838388771409
