loss,r2,loss_test,r2_test
66210436.0,0.9193682870621803,1285283.875,0.9191483837365455
66817720.0,0.8914008238080445,1224233.0,0.922988819273635
57353912.0,0.9128608416043069,1096007.375,0.9310549419020666
59563412.0,0.9326476734977855,1184813.125,0.9254685524732418
36175348.0,0.9681230005630868,742627.8125,0.9532845074227732
