loss,r2,loss_test,r2_test
71550816.0,0.9685216502596345,1239705.75,0.9220154912535202
69759136.0,0.9685898016598323,1203782.875,0.9242752483468359
66186612.0,0.9741475013238792,1167124.0,0.9265813020984911
65907820.0,0.962430886914666,1132513.75,0.9287584768230809
58962352.0,0.9741497670849545,1073571.5,0.9324662777667269
58390612.0,0.9621528258643471,1023335.9375,0.9356263781628034
49503488.0,0.9715238180647758,907943.125,0.9428852415289423
35825280.0,0.9832697491104074,652785.125,0.9589361273977288
32761750.0,0.9846051237752231,591523.75,0.9627898179016062
