loss,r2,loss_test,r2_test
82721400.0,0.9041773974535334,1259327.875,0.920781162679832
73249336.0,0.9071132610449126,1210655.875,0.923842894591122
62277872.0,0.9136052700340539,1147114.125,0.9278400372785431
53625164.0,0.9310471772926282,1033439.375,0.9349908206653006
48450544.0,0.9466473421194571,1018588.625,0.9359250247562532
38808016.0,0.9641605190906246,820741.3125,0.9483707291850278
34835560.0,0.9644439622952496,746107.375,0.9530656326961467
28953424.0,0.9748268071722949,645174.0625,0.9594149043059906
28550966.0,0.970099807456393,631871.0,0.9602517440118575
