loss,r2,loss_test,r2_test
342839424.0,0.15412965982701032,12989850.0,0.18286497068272822
