loss,r2,loss_test,r2_test
377721184.0,-0.09541534334837887,14687867.0,0.07605014528394416
332808128.0,0.061272913373039084,12916439.0,0.18748300079419422
