loss,r2,loss_test,r2_test
370899264.0,0.08325688922198105,14547598.0,0.0848737559397218
327612544.0,0.19582958352699809,12835874.0,0.19255087588660935
76271904.0,0.8695537679414406,2994614.25,0.8116218416118375
54608436.0,0.9244462443925754,2185906.75,0.8624941011251743
36313804.0,0.9407749852250811,1426729.875,0.9102506211048373
37589568.0,0.9473762807210313,1496541.0,0.9058591088641721
32345612.0,0.9478975589539256,1280051.25,0.9194775411280632
44035520.0,0.9053416955847395,1665266.375,0.8952453189321985
36985456.0,0.9450327755716943,1472194.125,0.9073906633880108
