loss,r2,loss_test,r2_test
419748544.0,0.0770188012447438,14522355.0,0.08646173209664587
369382880.0,0.1844842321065523,12818647.0,0.1936345399643844
92059440.0,0.7780354337194647,3612478.75,0.7727546800417043
51843600.0,0.9043246086754264,1975544.875,0.8757270510433429
42722876.0,0.9377508688402272,1559021.625,0.9019287207773574
35573244.0,0.9496757972374371,1313587.0,0.9173679485820277
36454708.0,0.9549010035224924,1316118.875,0.9172086777363058
34445140.0,0.9535329838901292,1273548.25,0.9198866110249053
34217860.0,0.9554296599913848,1256477.25,0.9209604725490401
