loss,r2,loss_test,r2_test
375912544.0,0.06943430397403527,14609417.0,0.08098505519417476
321441856.0,0.2106297367350406,12503160.0,0.21348051389820288
92420912.0,0.7248055715392122,3523855.0,0.7783296068861457
53917180.0,0.8288635599962656,2196167.75,0.8618486398020377
33211048.0,0.9080045403914971,1429836.875,0.9100551787554405
28888572.0,0.9373956629993776,1287519.75,0.9190077212282382
35025000.0,0.9337339417647164,1485945.75,0.9065256049187221
28186560.0,0.9442149827059413,1265761.0,0.9203764732669104
27603582.0,0.947767196946548,1242576.5,0.9218349099052469
