loss,r2,loss_test,r2_test
360754144.0,0.058052605539079205,14542386.0,0.08520174756037835
325560384.0,0.10284400914075764,13056907.0,0.17864668379344129
102453504.0,0.643061824380429,3478652.5,0.7811730922431732
80878872.0,0.7571711583080322,2422719.5,0.8475972507216565
70202408.0,0.8259065070912806,1830658.625,0.8848412178194349
75167704.0,0.8533948377226522,1855457.25,0.883281259014183
66878260.0,0.85913110849483,1634249.125,0.8971964841001461
64469220.0,0.883846602232405,1475813.625,0.9071629779782647
65901644.0,0.8762927308388038,1478373.125,0.9070019679985051
