loss,r2,loss_test,r2_test
389516928.0,0.04060883085232181,14509625.0,0.08726254478108975
326099104.0,0.17398949507293937,12141752.0,0.23621510870831242
87461376.0,0.844575744154175,3309923.75,0.7917870699889935
58594860.0,0.9073639414713686,2132017.25,0.8658840576702845
46254324.0,0.9239488361706342,1500253.625,0.9056255557121147
46105708.0,0.9305861846869434,1497714.875,0.9057852659894848
42616304.0,0.9346926890308486,1309620.125,0.9176174979068256
44099508.0,0.9347704578242024,1376842.875,0.913388793936108
45373736.0,0.9318517846338192,1436199.625,0.9096549248067647
