loss,r2,loss_test,r2_test
77410120.0,0.9438625477126403,1355833.0,0.9147104503729596
62916932.0,0.9566901400497068,1126515.625,0.9291357959751134
50167756.0,0.9638645984325125,864051.75,0.945646257578207
36825088.0,0.9698373056206464,676765.3125,0.9574276330950061
30268864.0,0.9737879417070322,603374.4375,0.962044336841822
28015740.0,0.9843731741404427,556465.625,0.9649951678736448
24149348.0,0.976704544153418,541131.375,0.965959779454714
25643762.0,0.9706778437869242,561875.625,0.9646548472075
22170548.0,0.9811599428682047,504820.3125,0.96824394461456
