loss,r2,loss_test,r2_test
83670504.0,0.9368742882210811,1179849.0,0.9257808334298742
77747736.0,0.8767871716672706,1214372.375,0.9236091115267995
78907776.0,0.8310149952505632,1366599.875,0.914033143143046
45086520.0,0.848833799052533,885782.75,0.944279254131229
33664612.0,0.9064275326468478,627663.875,0.9605163932769607
27852654.0,0.9171816930990552,569721.875,0.9641612747397624
28248252.0,0.9083242534279381,575643.9375,0.9637887418095465
23750752.0,0.9340170357864793,484497.59375,0.9695223618321374
27012068.0,0.9129399534690235,543637.625,0.9658021207842395
