loss,r2,loss_test,r2_test
78809000.0,0.961680549650412,1278585.875,0.919569723987256
65738004.0,0.9427449522920959,1168371.0,0.926502859150506
54572024.0,0.9494850133643098,1001595.125,0.9369940070225053
36619952.0,0.9593858750218148,708331.0,0.9554419748252674
26827388.0,0.9754164606179317,546167.9375,0.9656429507239065
24699470.0,0.9662697880180477,538973.1875,0.9660955414647877
22058230.0,0.9902165465624952,501337.03125,0.9684630657513498
19282644.0,0.9922575684997337,468529.9375,0.9705268201995896
25171568.0,0.9915409276195033,574950.125,0.9638323839162611
