loss,r2,loss_test,r2_test
66870756.0,0.9622089686745733,1183196.0,0.9255702777775838
52200452.0,0.9604870881605126,1052909.0,0.9337660686378945
44233616.0,0.9596660357134156,939496.625,0.9409003495197865
29879752.0,0.9780542207508468,709835.6875,0.9553473219337983
26748376.0,0.9895867251627433,622449.125,0.960844427373224
22236680.0,0.9827898821228862,510813.53125,0.9678669379527827
22485310.0,0.9884917589181508,495720.96875,0.9688163446208164
24558600.0,0.9787989042208219,512030.90625,0.9677903602528667
18180980.0,0.9833672480884245,442934.1875,0.9721369345667848
