loss,r2,loss_test,r2_test
61794092.0,0.9079491197586829,1164270.625,0.9267607921333921
65935096.0,0.9291214789263297,1319378.875,0.9170036155145558
49229880.0,0.9358601324138378,970131.5,0.9389732371352326
31821312.0,0.9716300712340675,666983.1875,0.9580429868583344
26021770.0,0.9806702753436028,616562.8125,0.96121471493019
20344048.0,0.9858486662162457,517226.03125,0.9674635585645872
21573858.0,0.9858747577773661,530976.625,0.9665985677456281
22378150.0,0.9818630372370752,565907.5,0.9644012171923305
22368760.0,0.9884353290484105,563935.5625,0.9645252661007613
