loss,r2,loss_test,r2_test
203872704.0,0.9694984975452207,1150250.25,0.9276427597120491
146418048.0,0.9570132451614284,789430.4375,0.9503403661079763
122192848.0,0.9631884250871463,687429.9375,0.9567567728055306
84159424.0,0.9959012302919367,521732.40625,0.9671800785911824
77218328.0,0.9944478915335436,477304.34375,0.969974857474761
