loss,r2,loss_test,r2_test
11356117.0,0.9611061026325752,1262658.875,0.9205716258366039
11426343.0,0.9639257810908383,1215100.875,0.9235632736945384
9376216.0,0.9602398174084981,1202322.625,0.9243671076588891
4221050.5,0.9841219209099055,801046.5,0.9496096430366529
2505140.5,0.9845164711028068,490150.4375,0.9691667645150506
