loss,r2,loss_test,r2_test
195391216.0,0.5223725698399677,1209260.375,0.9239306824228865
111855360.0,0.7345637630271658,718998.375,0.954770936897029
77470648.0,0.909932775720686,484919.25,0.9694958362119795
