loss,r2,loss_test,r2_test
211333904.0,0.967163365485769,1229786.375,0.92263947181594
206385376.0,0.9614149281581558,1208300.875,0.9239910431165919
