loss,r2,loss_test,r2_test
77198512.0,0.9237079948798169,1273574.125,0.9198849773805436
74912808.0,0.9330570085620332,1251991.875,0.9212426366815633
78038176.0,0.9213684170251447,1233683.125,0.9223943552139713
83169232.0,0.931899771625657,1491740.625,0.9061610670176428
77225728.0,0.9237303671712431,1212396.125,0.9237334299366717
71104960.0,0.943630255637661,1197350.375,0.9246798940375738
99280816.0,0.9226840442061295,1881445.5,0.8816464385175806
67792256.0,0.9461887056890977,1107080.5,0.930358373788013
74799256.0,0.9301752845611471,1166417.5,0.9266257466582479
