loss,r2,loss_test,r2_test
74638296.0,0.9739980221362292,1266177.375,0.9203502831015759
79525504.0,0.9824038437620585,1422455.125,0.9105195339722559
82842432.0,0.9813933670550646,1493510.125,0.9060497669493445
72502440.0,0.9829478010951342,1294562.25,0.9185647137443258
71097072.0,0.9826293942018363,1264292.25,0.9204688732803137
69163624.0,0.983164075800572,1237229.875,0.9221712477344091
67187056.0,0.9771930740708579,1155139.875,0.9273351659538065
67066116.0,0.9734387917064913,1149641.375,0.9276810713765673
63350324.0,0.9818145286191217,1131819.625,0.9288021457481944
