loss,r2,loss_test,r2_test
56753644.0,0.931019541999566,1273067.375,0.9199168645154254
55306536.0,0.9326192081171335,1262499.125,0.9205816666102242
54474728.0,0.9346315251498386,1249561.375,0.9213955265893329
65096836.0,0.9231403729175176,1460929.25,0.9080992828592089
52403304.0,0.9374290697054845,1220146.125,0.9232459077588292
49977448.0,0.9424998538424453,1172078.375,0.9262696417481449
55000140.0,0.9324805499041589,1268061.75,0.9202317449043691
55114352.0,0.9325718052144679,1258356.125,0.9208422847160207
48291376.0,0.945322779669711,1136503.75,0.9285074886601077
