loss,r2,loss_test,r2_test
75673656.0,0.8951523211106013,1288326.25,0.9189570027706384
72639928.0,0.9112208343681555,1233717.625,0.9223921807368447
70968736.0,0.9072494770780414,1218305.625,0.923361692615569
70104224.0,0.9075756537526938,1211337.875,0.9237999993156625
80843464.0,0.919316460779378,1432475.0,0.9098892161476729
75337936.0,0.9196600712928019,1327730.875,0.9164782207769103
68810024.0,0.917385439311176,1194992.25,0.9248282313023773
65554908.0,0.9155952811303213,1149895.0,0.9276651056387986
66590960.0,0.9164510753616237,1184751.75,0.9254724134271473
