loss,r2,loss_test,r2_test
102567248.0,0.9052139753144358,1391815.0,0.9124469626409577
110297720.0,0.9147263683235575,1488180.625,0.906385013519925
94823816.0,0.9231464202170675,1291419.25,0.9187624285928807
94357696.0,0.9226868944899304,1311568.875,0.9174949034514319
94354160.0,0.9339809457989372,1286914.375,0.9190458055392309
85174848.0,0.9356414262977516,1220985.125,0.9231931336168145
93597664.0,0.9202296432264864,1410831.875,0.9112506929851187
123492856.0,0.8940329445699394,1935632.0,0.8782377954131941
79886056.0,0.9396054466084752,1256539.875,0.9209565351923471
