loss,r2,loss_test,r2_test
56088876.0,0.8844320238833914,1283216.875,0.9192784035668877
55877280.0,0.8862472117462596,1281877.75,0.9193626367731278
53202708.0,0.906924393548562,1210671.75,0.9238419035410005
62625848.0,0.9132833647780779,1353543.875,0.9148544354493373
52047680.0,0.9129366153215086,1179244.75,0.9258188293466836
53040148.0,0.8968689751229724,1217338.625,0.9234225280747835
54305344.0,0.8807717432009552,1253280.625,0.921161566760723
48556612.0,0.9146163857286389,1119593.25,0.9295712443105204
48973432.0,0.9260621555936817,1100063.75,0.9307997753470292
