loss,r2,loss_test,r2_test
3257620.75,0.9736244388293415,599077.1875,0.9623146571302519
