loss,r2,loss_test,r2_test
412595104.0,0.4061634608005734,8362704.5,0.47393855390753636
110742472.0,0.8683040990111028,1837813.5,0.8843911487004835
92510000.0,0.8573863722904322,1387343.5,0.9127282457937616
93512752.0,0.8352997516136065,1420016.375,0.9106729405744755
106293944.0,0.8678221739440516,1649794.25,0.8962186073242582
94939296.0,0.8349542149328703,1498155.125,0.9057575766520745
85808472.0,0.8683461435763741,1302680.875,0.9180540067113032
84138888.0,0.8576671100864235,1287927.5,0.9189820725872679
93947736.0,0.8463960579807603,1454011.125,0.9085344729101408
