loss,r2,loss_test,r2_test
245729008.0,0.4145283914944453,4749016.0,0.7012600751929654
87091040.0,0.2263003884203949,1549248.75,0.9025434933585597
90675456.0,0.2865054674305312,1547617.25,0.9026461235253556
74938552.0,0.29095903784937815,1287192.875,0.9190282829497043
74277392.0,0.300610405995854,1252058.625,0.9212384383616566
73847848.0,0.3052345546053513,1245780.875,0.92163333888104
71749984.0,0.2993840704708689,1215159.625,0.9235595894893281
72393440.0,0.2980918911661523,1215304.375,0.9235504878681485
70502600.0,0.31510306217463147,1192052.875,0.925013139794299
