loss,r2,loss_test,r2_test
49702616.0,0.08662869285878771,14753388.0,0.07192849755027986
15434898.0,0.6655858457066306,4915177.0,0.6908075873875564
6971677.0,0.8091542404289519,1782183.5,0.8878905793250651
6072904.0,0.8185505362248566,1349551.0,0.9151056052750345
5871676.0,0.8227618621386502,1305562.25,0.9178727565651101
5750739.0,0.8264075925998864,1284655.25,0.9191879151242205
5766294.0,0.8241169783748719,1282723.5,0.9193094362263144
5608551.0,0.8288113031937848,1259802.375,0.9207513050979108
5294788.5,0.8454791800144595,1293358.5,0.918640430586878
