loss,r2,loss_test,r2_test
264375328.0,0.7517416138612261,4441815.0,0.7205847144118727
177584400.0,0.8518496438947158,2409073.25,0.8484556788324142
163909424.0,0.8794561762349483,1991393.125,0.874730092769722
159415632.0,0.9063295892067181,1791569.5,0.8873001448333502
156740848.0,0.9137812456102602,1795785.625,0.8870349348883123
154272656.0,0.9215848024473342,1682292.875,0.8941742701553218
150229728.0,0.9211295826094802,1606995.0,0.8989109310335416
167816448.0,0.9031715573982472,1869597.0,0.8823917714104119
147666496.0,0.9192180051284854,1726196.75,0.8914124762599279
