loss,r2,loss_test,r2_test
37857064.0,0.06958283749649419,15053321.0,0.05306106764356677
14182474.0,0.654529806708728,5353621.0,0.663226982862646
4156875.0,0.9369795586670275,1678426.5,0.8944174814132658
2866845.5,0.9689722691432223,1325927.0,0.9165916957139613
2821758.5,0.9666870104213848,1276179.5,0.9197210971155644
2742783.75,0.967907132285059,1238886.625,0.922067029074845
2820161.25,0.9622254884521748,1312434.625,0.9174404463960308
2586421.5,0.9708719182650527,1231145.375,0.9225539889479211
2461482.25,0.9689699194113349,1259876.75,0.9207466215384503
