loss,r2,loss_test,r2_test
229364784.0,0.950541302772345,1296923.875,0.9184161519532799
