loss,r2,loss_test,r2_test
171858176.0,0.04824724893368604,15338120.0,0.03514551381703579
167694192.0,0.07763112461606247,14978279.0,0.057781513307010646
154694688.0,0.16816802397083186,13858285.0,0.12823549814050672
