loss,r2,loss_test,r2_test
164603872.0,0.07872832332311852,13734538.0,0.13601985587921483
