loss,r2,loss_test,r2_test
183919936.0,0.06302291166351848,14982766.0,0.05749932288132842
178522240.0,0.09321859933768473,14621106.0,0.08024969229884527
