loss,r2,loss_test,r2_test
185556544.0,-0.013026659862299672,15325575.0,0.03593470041409119
181247376.0,0.00251260556067312,14956385.0,0.05915881636000486
176001840.0,0.03903962070817257,14519398.0,0.0866477508429685
