loss,r2,loss_test,r2_test
204949440.0,0.03269030277701657,15326640.0,0.03586773872120075
185340528.0,0.12297679615396173,14086489.0,0.11388015603900303
