loss,r2,loss_test,r2_test
3497785.5,0.8959307063633236,1260037.75,0.9207365032277655
1998517.25,0.9396488818626858,1175820.875,0.9260342190196872
1896371.875,0.9515078390872348,978223.75,0.9384641922084133
