loss,r2,loss_test,r2_test
1519145.375,0.9503151402498962,766819.5625,0.9517627112591898
995369.5,0.970286970442751,707208.1875,0.9555126024970465
