loss,r2,loss_test,r2_test
926323.0,0.994009478999069,930404.5,0.9414723005689726
653121.6875,0.9954461502163781,575869.125,0.9637745748197039
