loss,r2,loss_test,r2_test
43992592.0,0.944861829474195,1020946.0625,0.935776718635168
29806034.0,0.9520863188493399,760241.1875,0.9521765314889221
31045984.0,0.947054992944689,740202.625,0.9534370723313309
