loss,r2,loss_test,r2_test
2661093.0,0.9531048798641728,1343987.5,0.9154555917689055
1721162.75,0.9662996935295908,1146308.25,0.9278907283257062
1442843.5,0.9716780416339508,969088.8125,0.9390388362896105
