loss,r2,loss_test,r2_test
3377891.0,0.866043561601625,1240115.125,0.9219897468434795
3094610.5,0.8852187511070594,1242693.125,0.9218275725338357
736798.75,0.9731300204651813,743800.625,0.9532107354588866
681083.5,0.9711897466606217,728813.3125,0.9541535239752923
