loss,r2,loss_test,r2_test
2432636.0,0.2827461486970224,1213829.125,0.9236432889365079
2165175.5,0.3899055202556464,1177707.375,0.9259155470316311
1828068.25,0.37962978252933977,974098.6875,0.9387236806144054
