loss,r2,loss_test,r2_test
51700104.0,0.9432448190713549,995052.375,0.9374055857516452
31063038.0,0.961626431495896,720354.9375,0.9546856052431398
23074842.0,0.9699477522774604,580322.8125,0.9634944144453033
