loss,r2,loss_test,r2_test
59516368.0,0.942490214640346,1216233.5,0.9234920363257486
52167216.0,0.9469002101028837,1106806.375,0.9303756192589361
49637060.0,0.9528988677145308,961899.9375,0.9394910557021924
