loss,r2,loss_test,r2_test
2978155.0,0.9301648597807772,1346238.375,0.9153140042512294
2278044.0,0.930033185389617,985744.75,0.9379910860422892
