loss,r2,loss_test,r2_test
62574904.0,0.9276251768643491,1252338.0,0.9212208584463106
63043364.0,0.9307367370126657,1315347.75,0.9172571855790774
50360792.0,0.914382833992302,1282736.75,0.919308611276204
32714688.0,0.9630961610435853,853977.9375,0.946279957018242
20333316.0,0.9681131823242641,556697.75,0.9649805635733066
