loss,r2,loss_test,r2_test
242133888.0,-0.2791445560668244,18535544.0,-0.16599054375862976
18224494.0,0.9799576668043952,1496807.75,0.9058423232002034
19927526.0,0.9739422551011462,1621961.75,0.8979694383770184
17062962.0,0.9554081887901017,1194357.625,0.9248681549270835
