loss,r2,loss_test,r2_test
438779616.0,0.8970332530099961,1785505.875,0.887681572075349
304312064.0,0.8728957750484408,1214189.0,0.9236206352624863
282001888.0,0.8707815307351394,1206504.5,0.9241040413204205
