loss,r2,loss_test,r2_test
211760256.0,0.976640722119659,1257406.375,0.9209020336463009
