loss,r2,loss_test,r2_test
292723680.0,0.9642214437770721,1374946.625,0.9135080845316783
276709088.0,0.951674208954685,1198236.625,0.9246241424957126
