loss,r2,loss_test,r2_test
227607104.0,0.9481152642153472,1169378.375,0.9264394846346709
