loss,r2,loss_test,r2_test
11917731.0,0.931020015633095,1234678.125,0.9223317608630383
