loss,r2,loss_test,r2_test
21394428.0,0.9699674349382781,499821.15625,0.9685584229870945
15756974.0,0.9758426056565515,394961.78125,0.9751546708245201
15415112.0,0.9772691159620813,402090.1875,0.9747062544632858
18722452.0,0.9821374561053424,514065.65625,0.9676623607099408
13993542.0,0.9769592247270042,370514.375,0.9766925505446191
13472896.0,0.9771453994962733,367574.71875,0.9768774731491596
12294981.0,0.9873355299774925,389471.71875,0.9755000271746541
12815961.0,0.9853638859444316,383920.78125,0.9758492112585695
14471613.0,0.9828068398660259,436913.65625,0.9725156598347297
