loss,r2,loss_test,r2_test
414517600.0,0.9546929308652475,1359485.375,0.9144806857253711
370915328.0,0.9512573998606157,1234672.75,0.9223321046040828
369845248.0,0.9262113190885538,1259551.0,0.9207671094531008
305475840.0,0.9513697429043192,1113557.0,0.9299509679816929
279602624.0,0.9589748393956731,1073695.375,0.9324584903707966
