loss,r2,loss_test,r2_test
33408374.0,0.9716500143775982,477480.8125,0.9699637543395213
24199092.0,0.9821071897256958,377174.03125,0.9762736209692674
21592636.0,0.986710138843975,350052.65625,0.9779797074648463
22294154.0,0.9777580748533652,379870.40625,0.976104002226041
18958592.0,0.9841304344971438,332234.875,0.9791005495184221
27594776.0,0.9732985057902009,446096.46875,0.9719380116917699
18890476.0,0.9854868201030826,334710.46875,0.9789448183788533
19436386.0,0.984580634290467,372894.375,0.9765428352771671
