loss,r2,loss_test,r2_test
71551472.0,0.924040646441786,866104.6875,0.9455171209915749
