loss,r2,loss_test,r2_test
50830616.0,0.9908539174426544,659160.4375,0.9585350783115867
