loss,r2,loss_test,r2_test
113712656.0,0.9645090253254278,1139941.375,0.9282912474157999
114354800.0,0.9312194716471109,1160733.0,0.9269833267424946
74858080.0,0.9457421011091571,800427.3125,0.949648595278798
64501404.0,0.9596400593294435,779892.5625,0.9509403509874226
