loss,r2,loss_test,r2_test
63164448.0,0.964701282399871,865263.5625,0.9455700315804828
54247548.0,0.9896739058754507,790616.375,0.9502657588156832
