loss,r2,loss_test,r2_test
102160472.0,0.8590256152451547,1178632.75,0.9258573322324118
131566968.0,0.7928877949546641,1501992.375,0.9055161855263947
56293872.0,0.9329065458170201,770677.8125,0.9515200083081448
47003104.0,0.9258125291465428,672967.375,0.9576665430793101
