loss,r2,loss_test,r2_test
56786348.0,-1.5162955499426496,31127338.0,-0.958085558637348
13245949.0,0.4530555227366462,7073577.0,0.5550319930195675
