loss,r2,loss_test,r2_test
326062976.0,0.09746966783351074,13741826.0,0.13556143174447255
191120880.0,0.4173209001252709,7986360.0,0.4976127995206271
