loss,r2,loss_test,r2_test
63914716.0,0.9484556045550104,954204.9375,0.9399751103979554
49638044.0,0.9650010485305267,739375.1875,0.9534891207759819
