loss,r2,loss_test,r2_test
116376840.0,0.9103457146440675,1524484.375,0.9041013125563444
83310000.0,0.9418231827241753,1136376.75,0.9285154712917005
50066848.0,0.9682112204068387,753244.8125,0.9526166412999848
