loss,r2,loss_test,r2_test
130492024.0,0.9663047105257727,1411881.875,0.9111846396067126
110459024.0,0.9531467149823303,1235755.25,0.9222639992672709
102269800.0,0.9727370314079303,1189723.125,0.925159685989161
87800768.0,0.9665311852391668,1039981.0625,0.9345793079199012
