loss,r2,loss_test,r2_test
78434920.0,0.8349926889725977,1159741.875,0.9270456740635302
66390520.0,0.8465783601902599,930347.375,0.9414758878287809
69047368.0,0.9057497471077262,898970.4375,0.9434496774423928
45507836.0,0.9006897511584484,632041.4375,0.960241019608141
