loss,r2,loss_test,r2_test
194353744.0,0.3537217440367688,1819949.875,0.8855148703394836
141507632.0,0.8448280160273665,1257475.75,0.9208976693727823
127969472.0,0.8368865928249001,1225893.0,0.9228844025374198
105121344.0,0.8912595812096498,1147361.375,0.9278244851826605
70337128.0,0.8664544646784693,882164.3125,0.9445068717028322
50905128.0,0.8293254513274573,652052.1875,0.9589822350887839
