loss,r2,loss_test,r2_test
51122584.0,0.9882968971292001,698595.875,0.9560543645002895
