loss,r2,loss_test,r2_test
88357496.0,0.7011905997264389,899124.1875,0.9434400046917306
74923768.0,0.7469083743082883,740140.5,0.9534409761128659
