loss,r2,loss_test,r2_test
223419200.0,0.9120633050335217,2532691.75,0.8406793598445914
134030328.0,0.9709977702857409,1428987.375,0.9101086064274729
158285968.0,0.946494560197087,1715751.25,0.892069539642314
129263136.0,0.973032303778638,1370850.125,0.9137657833631952
118489840.0,0.9745153721544026,1252654.75,0.9212009321519196
165681712.0,0.9530379893685887,1793195.75,0.8871978492344526
143659360.0,0.9575804755202448,1538498.125,0.9032197657384141
147375744.0,0.9671273541792277,1584983.125,0.9002955969963117
116321192.0,0.9731737442124849,1235697.625,0.9222676319342082
