loss,r2,loss_test,r2_test
298129568.0,0.5054496652044058,3052297.25,0.8079932587718818
191021728.0,0.5606242051862701,1936757.625,0.8781669916325043
129909312.0,0.668708756427518,1336330.25,0.9159372792404441
123373656.0,0.6454889116805342,1249514.125,0.9213984949382197
141608256.0,0.609417267221185,1425669.875,0.9103173071473261
125407704.0,0.6317510058480262,1261092.875,0.9206701218602473
123500168.0,0.6448766982567016,1238080.0,0.922117763787924
121489936.0,0.6448959631182032,1219102.625,0.9233115510567828
138133184.0,0.6151305465553938,1388148.5,0.91267760233882
