loss,r2,loss_test,r2_test
244065072.0,0.8439682376281613,2509080.75,0.8421646258677354
177460832.0,0.8794017408509932,1909970.875,0.8798520289444691
127645216.0,0.8394276815550952,1275087.625,0.9197897773146974
131865512.0,0.7978913121930766,1306467.5,0.917815804504871
131018000.0,0.789590768442287,1311129.875,0.9175225166621407
131217840.0,0.8337693224390245,1354736.0,0.9147794332082353
130256328.0,0.8306780573931274,1354210.25,0.9148125239030406
169286608.0,0.830383026918623,1806811.0,0.8863413592580682
121693712.0,0.828926827626211,1253507.5,0.9211472868160371
