loss,r2,loss_test,r2_test
250606960.0,0.7896953835160535,2805610.5,0.8235112344649013
123277584.0,0.887021438528197,1448863.75,0.9088582711125492
114081792.0,0.8672996026375988,1295509.75,0.9185051139810254
114806160.0,0.8656785269281186,1276929.0,0.9196739481073114
113613728.0,0.8860851331057917,1316039.5,0.9172136697046157
118546768.0,0.8921384670265952,1397574.375,0.9120846640286715
125182736.0,0.8964537950524014,1505900.125,0.905270367068836
115996256.0,0.9021233017896939,1373394.375,0.9136057244793262
126669392.0,0.8492690241679361,1351199.875,0.9150018804024896
