loss,r2,loss_test,r2_test
253724272.0,0.7230865729792395,2988995.25,0.8119753005808963
131450696.0,0.9179841623672631,1454878.625,0.9084799116642613
122931304.0,0.9515746559982347,1349344.5,0.9151186083845235
129400096.0,0.9458208702251306,1387364.875,0.9127269040830176
128832472.0,0.9662626876108977,1395864.625,0.9121922220363017
175226928.0,0.8962705657499641,1886460.875,0.8813309390430117
118185856.0,0.9632538293168036,1272347.375,0.9199621512095133
112998992.0,0.9694453802916473,1219546.0,0.9232836516415386
158258848.0,0.9226991312141692,1701896.375,0.8929410973807499
