loss,r2,loss_test,r2_test
266941200.0,0.5916884687216047,2921461.25,0.8162235669899425
123342368.0,0.9079963383087644,1404980.75,0.9116187587658858
113925824.0,0.9191138978525522,1311493.75,0.9174996251392009
142671856.0,0.9201248502075184,1599721.75,0.8993684536627293
114479136.0,0.8787676056269101,1310206.375,0.9175806127560411
107492576.0,0.9262515634846904,1235545.375,0.9222772164182088
106222488.0,0.9235735588644844,1222679.5,0.9230865432983768
130246240.0,0.8325194863598104,1474559.75,0.9072418487930601
107520296.0,0.8907082299372306,1234137.5,0.9223657761624253
