loss,r2,loss_test,r2_test
202227280.0,0.8099760218215726,2397626.25,0.8491757654157761
131233952.0,0.8852472198454115,1620714.875,0.8980478758030831
100238944.0,0.9045719409355735,1291792.5,0.9187389487532975
134643392.0,0.8874341520242883,1692501.875,0.8935320620941576
123971336.0,0.8932168772709045,1573190.0,0.9010374506116722
169006208.0,0.8702631592947485,2084864.0,0.8688502754951188
127865856.0,0.885756332728653,1641047.5,0.8967688305849759
105018864.0,0.9133045665483398,1370529.375,0.9137859485683023
88827000.0,0.9212260134429069,1199080.875,0.9245710318777974
