loss,r2,loss_test,r2_test
292459296.0,0.8803402076105418,3016093.75,0.8102706571194965
146674880.0,0.9605037897831011,1433892.75,0.9098000431427046
160644496.0,0.9536370264665074,1495832.375,0.9059036875057169
131808512.0,0.965435736173812,1265240.5,0.92040922217547
182416976.0,0.9436333151286608,1954448.5,0.877054149986134
128051688.0,0.9663162645344937,1247459.375,0.9215277414222879
130483112.0,0.9667119515510668,1305451.25,0.9178797372077246
130749000.0,0.9683761749658157,1222317.5,0.9231093172130347
135567520.0,0.9590325245270604,1249912.625,0.9213734288439182
