loss,r2,loss_test,r2_test
238923104.0,0.9008458192501463,2617710.75,0.8353311833787755
166148976.0,0.8309994177163804,1826959.0,0.8850739560697195
117290536.0,0.9293472172799859,1313373.125,0.9173814067637743
112144880.0,0.9312598608809886,1256376.25,0.9209668300587088
116839528.0,0.9081589516175921,1312424.75,0.9174410542232276
125784432.0,0.9612191624287331,1429946.125,0.9100483025318536
113576152.0,0.9505518821551556,1287756.75,0.918992820611757
113959600.0,0.9068297611683527,1299940.125,0.9182264145310013
124418448.0,0.9576247100332982,1418284.875,0.9107818610277829
