loss,r2,loss_test,r2_test
16365167.0,0.9540897686940981,666698.25,0.958060912679889
12385238.0,0.9709486350279303,505582.3125,0.9681960149733017
9575753.0,0.9784197277725798,439051.0625,0.9723812044779601
9649558.0,0.9765808895586492,449423.90625,0.9717286942429051
