loss,r2,loss_test,r2_test
1123931.375,0.9496621680075129,1256620.875,0.9209514462480795
802584.9375,0.9729724445222867,966460.625,0.9392041604194461
385138.75,0.9863254382700153,593900.75,0.9626402858782921
