loss,r2,loss_test,r2_test
704163.0625,0.9866117642380576,639148.5,0.9597939466615565
