loss,r2,loss_test,r2_test
1927562.25,0.943386528632361,1214510.125,0.9236004483616688
2001527.625,0.9379964897081314,1266673.75,0.9203190464885593
1767722.5,0.9470223493796849,1159288.875,0.9270741706936116
1209482.0,0.9584227900809844,969715.25,0.9389994201904573
1192966.5,0.9582102666392447,839458.75,0.9471932969169492
753708.0,0.9744706319202392,665350.9375,0.958145664137727
375977.46875,0.9862295780827828,544084.0,0.9657740405296882
