loss,r2,loss_test,r2_test
2558458.0,0.9617603410330136,1108478.25,0.9302704518413893
858789.5625,0.9885969101936095,626740.9375,0.9605744488724606
471473.25,0.9885119703229711,539129.8125,0.9660856875532684
404324.1875,0.9899137516007285,487830.625,0.969312696976867
265173.75,0.994549783760031,450440.3125,0.9716647576132798
