loss,r2,loss_test,r2_test
30956770.0,0.8846881514411841,1204837.875,0.9242088847945663
29235824.0,0.8975956626197215,1131110.125,0.9288467820369974
26570894.0,0.9256681032270396,1020552.3125,0.9358014943602407
25231354.0,0.9424263307504095,983770.5,0.9381152754159877
22428192.0,0.9528544773972072,857879.625,0.9460345130990387
13656573.0,0.9634626729353835,572974.6875,0.9639566513252237
7595638.5,0.9699271199670185,397712.84375,0.9749816145932291
