loss,r2,loss_test,r2_test
9267166.0,0.9667139793759197,410963.71875,0.9741480574532075
