loss,r2,loss_test,r2_test
31130374.0,0.9129818884539614,1153358.25,0.9274472463482188
22877200.0,0.9353654342732288,961396.25,0.9395227344374839
21749002.0,0.9377108198933366,923962.75,0.9418775181088245
20810424.0,0.9412031469645461,887146.8125,0.9441934517903591
21593778.0,0.936394906987176,925047.5,0.9418092817844173
18882636.0,0.9436944477349143,821895.1875,0.9482981459878496
18680338.0,0.9476319790441426,807123.3125,0.9492273788137766
