loss,r2,loss_test,r2_test
30220238.0,0.9402429147787236,1376311.875,0.9134222043968898
26321324.0,0.9567007789839201,1223910.625,0.9230090943116125
25459902.0,0.9601385620704062,1198065.625,0.9246349105104879
23990826.0,0.9667652675711518,1136002.375,0.92853902837799
22981454.0,0.9737808536272305,1050273.125,0.9339318826162689
20452790.0,0.9755077248839771,915046.625,0.9424383986553705
18369652.0,0.9817308154345127,835308.375,0.9474543829541144
