loss,r2,loss_test,r2_test
4325699.5,0.8526716551381663,1540496.375,0.9030940764702429
4097657.5,0.8504057828694848,1249385.875,0.921406552828942
3069707.0,0.8880025219274857,1105348.625,0.9304673274594215
2187804.25,0.9260367826073933,996152.375,0.9373363875940682
1479472.25,0.9536331808060681,932156.875,0.9413620595248547
998886.5625,0.9694954700120652,847788.875,0.9466692895494813
