loss,r2,loss_test,r2_test
2252188.0,0.9442155310303059,1309414.75,0.9176304096584874
1207656.875,0.9764907581343629,1031477.125,0.9351142559390364
1084952.875,0.9795366393053253,978559.75,0.938443056996596
1007577.375,0.980287666012227,965375.6875,0.9392724017955909
