loss,r2,loss_test,r2_test
1574302.25,0.9534292337979382,1243626.375,0.9217688636724787
1496862.25,0.9560519510400955,1237599.875,0.9221479759928651
1145016.5,0.9671181401420615,1051495.0,0.9338550188888173
915403.3125,0.9778198277699597,929151.5,0.9415511181889904
