loss,r2,loss_test,r2_test
47619196.0,0.9058181872422402,1490100.5,0.9062642470315706
43700120.0,0.9251824467601445,1307612.125,0.9177437973114596
44975264.0,0.9271887333131454,1237521.25,0.9221529216458424
