loss,r2,loss_test,r2_test
51867260.0,0.9120887166594176,1468490.25,0.9076236597171828
38267320.0,0.9492582789623265,1188238.875,0.9252530486690149
36759980.0,0.9372521493406991,1236828.375,0.9221964983516702
