loss,r2,loss_test,r2_test
37371612.0,0.9425189574908684,1123444.125,0.929329013054135
