loss,r2,loss_test,r2_test
86649512.0,0.9597508386706438,852815.4375,0.946353082409109
