loss,r2,loss_test,r2_test
97986944.0,0.9706436627951198,1181791.625,0.9256586192573586
72856536.0,0.9822655739653617,851169.125,0.9464566499424333
