loss,r2,loss_test,r2_test
7336725.0,0.9638705301485427,1146670.375,0.9278679581542723
4845903.0,0.9691536528210387,1046587.4375,0.9341637406423675
