loss,r2,loss_test,r2_test
7032609.5,0.9756133997137616,1277169.0,0.9196588537891632
5681557.5,0.9786069369247458,1155359.5,0.9273213552935503
