loss,r2,loss_test,r2_test
226762048.0,0.9388767554704486,1128574.625,0.9290062735095475
206435600.0,0.9659200139939286,1039071.4375,0.9346365370975235
161644288.0,0.9764360353230785,817307.9375,0.9485867105649409
117482544.0,0.9770875378582059,593317.75,0.9626769548429672
163050080.0,0.9173285028878888,849307.5,0.946573759514395
107759936.0,0.9857387728424303,558074.875,0.9648939345341228
