loss,r2,loss_test,r2_test
231500336.0,0.9752572269232685,1357382.25,0.9146129880271495
225347616.0,0.980381508216832,1332850.875,0.916156141348996
201051856.0,0.9551995851374259,1197791.0,0.9246521765305632
184143040.0,0.9788578154762593,1097602.875,0.930954567000071
207748960.0,0.9426764184899102,1195674.625,0.9247853062672555
173460144.0,0.954914758872843,1001282.25,0.9370136861955499
128759528.0,0.9928617583311031,749344.375,0.9528620028960629
134066576.0,0.997050863517488,751784.5625,0.9527084982904341
102508368.0,0.993228848166097,600051.875,0.9622533424206628
