loss,r2,loss_test,r2_test
218531056.0,0.9701739292107743,931554.125,0.9413999822065656
202871424.0,0.9639893960042091,950832.25,0.9401872728305908
130760968.0,0.9713790489996171,604665.75,0.9619631098064938
120066208.0,0.975758493939486,541927.1875,0.9659097143904982
204443008.0,0.9407573511757568,991709.5625,0.9376158602866723
106905864.0,0.9677807196107838,486534.5,0.9693942269095532
