loss,r2,loss_test,r2_test
177911152.0,0.9418926487498314,1621314.875,0.8980101352811949
96597336.0,0.9795862327878774,922004.4375,0.9420007075440238
64425544.0,0.9782530671779983,564702.6875,0.9644770098374641
71567512.0,0.9304377668175553,620508.5,0.9609665063523376
47922748.0,0.987908395238824,458986.9375,0.9711271241693656
