loss,r2,loss_test,r2_test
9878116.0,0.9879656707535457,1094634.5,0.9311412938438279
5823748.0,0.9864868934615599,796033.0,0.9499250278584388
5076854.5,0.9892290292963032,666137.375,0.9580961931928584
5448259.5,0.9875020048178897,636857.3125,0.9599380734391681
4516605.5,0.9906913526546455,576391.1875,0.9637417332905557
5373259.0,0.9794871062807762,705898.0,0.9555950278703846
4938523.0,0.9841614239336729,549062.125,0.9654608928135655
