loss,r2,loss_test,r2_test
10317630.0,0.9818174908828484,1321223.0,0.9168876075881452
9813316.0,0.9851577646989444,1258101.0,0.9208583378299211
9252871.0,0.9778600694922964,1184689.0,0.9254763576736361
6183097.0,0.9886775024378052,961572.8125,0.9395116287743279
5315041.0,0.9879564012465003,785732.8125,0.9505729614443079
5166012.5,0.9820941612163713,709443.5,0.9553719921382363
5708294.5,0.9819426654849902,794999.4375,0.949990040534588
4280204.5,0.9861441878527049,648622.25,0.9591979919262401
3717358.25,0.986389089588364,615355.0625,0.9612906896077433
