loss,r2,loss_test,r2_test
26087596.0,0.9394398340148981,1173233.375,0.9261969795405649
25002216.0,0.9392648722379985,1107132.5,0.930355103134604
