loss,r2,loss_test,r2_test
43130276.0,0.9199365495333491,1305406.0,0.9178825832407561
38865376.0,0.9423300131041165,1187317.5,0.9253110220821685
