loss,r2,loss_test,r2_test
1597082.625,0.9729308573486299,1292671.25,0.9186836732659348
1341055.375,0.9869550956726476,1430217.375,0.91003123499119
