loss,r2,loss_test,r2_test
32692498.0,0.9243293143048845,1345918.125,0.9153341409899538
32464898.0,0.9262061167357392,1338672.875,0.9157899089728161
30690504.0,0.9380271649934743,1216943.375,0.9234473829167555
34770360.0,0.9238466341100486,1455675.25,0.9084297892664649
30093614.0,0.9376955657418129,1164402.875,0.926752479956698
