loss,r2,loss_test,r2_test
38908496.0,0.9235860411029784,1301135.375,0.9181512248572877
36694980.0,0.9307976092655176,1252756.5,0.9211945323399009
34901340.0,0.9322486026419529,1208404.125,0.9239845482368169
35298940.0,0.918996819057981,1253553.5,0.9211443959625252
33105984.0,0.929893013507533,1188433.375,0.9252408284233525
