loss,r2,loss_test,r2_test
28159470.0,0.9640990608740402,1224187.5,0.9229916932758963
27631032.0,0.9777867035633571,1256537.125,0.9209567100438693
26714794.0,0.9749861442686978,1211527.125,0.9237880944771208
