loss,r2,loss_test,r2_test
223693328.0,0.9819526681893402,1291449.875,0.9187605027626955
215565648.0,0.9820827548723718,1223157.875,0.9230564542515167
