loss,r2,loss_test,r2_test
229775776.0,0.9826230253881758,1304884.75,0.917915366386265
253927696.0,0.9836944320609144,1472141.0,0.9073940083119929
