loss,r2,loss_test,r2_test
224362976.0,0.6341301267626114,1358917.75,0.9145163839180299
239663456.0,0.16336148302339748,1420171.0,0.9106632192656153
203990896.0,0.6813291483116326,1248303.25,0.9214746649950305
