loss,r2,loss_test,r2_test
18215834.0,0.9144454904382358,2092347.5,0.8683795102224572
