loss,r2,loss_test,r2_test
360378080.0,0.8803448683357552,2242249.0,0.858949851622054
