loss,r2,loss_test,r2_test
48177420.0,0.9452345261005608,1145184.125,0.9279614404518425
31673546.0,0.9740250917994522,824406.0625,0.9481401915673764
