loss,r2,loss_test,r2_test
43283716.0,0.9054682228203322,1220441.75,0.9232273172690366
36899108.0,0.9184324900417978,1038088.0,0.9346983991069914
