loss,r2,loss_test,r2_test
45285024.0,0.9215216783689567,1234139.625,0.9223656313875821
41110028.0,0.9216791313006686,1158288.5,0.9271371048843525
43953632.0,0.9227760025882235,1224881.5,0.9229480263830392
