loss,r2,loss_test,r2_test
62562028.0,0.9684367210761741,1266380.25,0.9203375230878343
62110852.0,0.9563284245481657,1197937.5,0.9246429535296121
