loss,r2,loss_test,r2_test
59673208.0,0.9421294694283925,1253642.125,0.9211388173468278
80291816.0,0.8736351434337658,1855244.625,0.883294619508275
45937896.0,0.9132940658097488,1046828.3125,0.9341485755290707
39000300.0,0.8928083745465891,1030531.5625,0.9351737421510626
