loss,r2,loss_test,r2_test
102500128.0,0.8768996448075823,2352368.0,0.8520227662574208
60683528.0,0.9656613549806237,1305889.375,0.9178521749063666
54210188.0,0.9641520055067809,1191503.125,0.9250477114665061
