loss,r2,loss_test,r2_test
62627952.0,0.7440220542781296,1299697.5,0.9182416852128721
