loss,r2,loss_test,r2_test
57783268.0,0.9078714397568448,1487643.625,0.9064188015745197
47805800.0,0.915832912301427,1305281.625,0.9178904058263258
