loss,r2,loss_test,r2_test
59714516.0,0.9446687039424201,1323352.75,0.9167536323878739
59716852.0,0.9443915911087477,1331585.625,0.9162357340793533
