loss,r2,loss_test,r2_test
63162452.0,0.9328269111300506,1386839.75,0.9127599421067419
59940672.0,0.9433239289429999,1269857.0,0.9201188204860106
61046576.0,0.9358663665000692,1324233.625,0.9166982197473269
58275448.0,0.9402719843499783,1205665.625,0.9241568151298191
