loss,r2,loss_test,r2_test
197193344.0,0.9598520507112908,1248142.125,0.9214848051674024
155189872.0,0.9655950241789255,1059103.5,0.9333764019978575
