loss,r2,loss_test,r2_test
88903944.0,0.9199047150641871,1271093.5,0.9200410332903897
84824248.0,0.9302115875073901,1206698.625,0.924091837733316
82717816.0,0.9362399859141647,1183233.625,0.9255679129433415
68217720.0,0.9430025552217346,984451.625,0.9380724252090575
