loss,r2,loss_test,r2_test
127177912.0,0.9459123157095245,1223853.875,0.9230126655863514
92837504.0,0.9518135147675311,934570.0,0.9412102638040947
79187456.0,0.9727935176425034,789714.75,0.9503224772685211
69340912.0,0.9801233833173751,703494.5,0.9557462177066851
