loss,r2,loss_test,r2_test
5958838.5,0.9328397143456306,1171106.0,0.9263308119439333
