loss,r2,loss_test,r2_test
332317184.0,0.10269730125214716,13765655.0,0.13406246205166816
72211352.0,0.8409012622236307,2957776.25,0.8139391396495973
