loss,r2,loss_test,r2_test
362044928.0,-0.04113241373525023,15360290.0,0.033750952799971645
348536992.0,0.007088332130102626,14789222.0,0.06967431723216444
238548032.0,0.26497485930598563,9976928.0,0.37239478153454597
70002088.0,0.6791931347477119,2791304.5,0.8244111661366199
