loss,r2,loss_test,r2_test
349118848.0,0.07466523403971426,14837615.0,0.06663006115327597
253202800.0,0.3709011530167946,10671026.0,0.32873209569814577
70081240.0,0.8911431988818586,3014590.5,0.8103652163384498
