loss,r2,loss_test,r2_test
334819520.0,0.12210482978793269,14011887.0,0.11857306945646662
265319584.0,0.29386349872797857,11102850.0,0.3015680384810686
65384312.0,0.8410695998660124,3075679.75,0.8065223693008919
