loss,r2,loss_test,r2_test
356240064.0,0.07807603831689613,14879901.0,0.06397013105332383
326932032.0,0.11472688636728545,13871768.0,0.1273872953503682
235674000.0,0.4119036953961084,9961553.0,0.3733619760287681
