loss,r2,loss_test,r2_test
325055296.0,0.07563591606925313,14756296.0,0.07174550483435715
306237728.0,0.12607296971583903,13898733.0,0.1256910421569074
250010352.0,0.2747839293844785,11320276.0,0.28789063740801546
