loss,r2,loss_test,r2_test
197344112.0,0.5274430663045002,9298594.0,0.4150658773842455
