loss,r2,loss_test,r2_test
322926176.0,-0.00498404379647388,14103796.0,0.11279151823897726
224132848.0,0.28798396354052247,9859256.0,0.3797970295402585
