loss,r2,loss_test,r2_test
253909424.0,0.29387251033740547,11013801.0,0.3071696656038214
67980112.0,0.7723771443285861,2902674.0,0.8174053941955954
