loss,r2,loss_test,r2_test
31726030.0,0.9435702508811925,1194915.75,0.924833038559576
23098388.0,0.9599771923858005,888908.6875,0.9440826139999019
17086112.0,0.9785172461047432,699231.6875,0.9560143716981948
