loss,r2,loss_test,r2_test
96158384.0,0.9528122987101847,710504.4375,0.955305253495548
57678944.0,0.9809246476755678,453715.96875,0.9714586975818351
56879644.0,0.9817950111540977,452753.75,0.9715192296386119
39105852.0,0.9935849180649732,335871.1875,0.9788718017781118
43575084.0,0.9903106202058627,384230.46875,0.9758297315919895
