loss,r2,loss_test,r2_test
114032400.0,0.939147064809281,1224944.875,0.9229440372436252
110357896.0,0.9406823404248706,1174975.375,0.9260874031865407
115146760.0,0.931454388419872,1227362.75,0.9227919354566118
