loss,r2,loss_test,r2_test
128217384.0,0.8369921548319035,1303515.25,0.9180015224634148
118718656.0,0.8705145647789684,1169240.5,0.9264481573480744
118538096.0,0.8584298532475568,1203700.75,0.9242804148139393
116002600.0,0.8715118143767037,1170763.5,0.9263523487584282
