loss,r2,loss_test,r2_test
4322943.5,0.9728081667649119,1202559.25,0.9243522133377307
4157369.0,0.9747565037308399,1165620.5,0.9266758840417113
