loss,r2,loss_test,r2_test
8835084.0,0.8402503707346102,1889808.375,0.8811203598568942
6343943.0,0.9059764160891027,1315442.375,0.9172512363334142
5814337.0,0.8967117348370294,1229968.0,0.922628055913327
5998541.0,0.9102048050211842,1183842.125,0.9255296267427152
5472867.0,0.9222095229020331,1149311.625,0.927701793263812
