loss,r2,loss_test,r2_test
113119696.0,-0.9373757867129797,30785448.0,-0.936578751302714
2716286.25,0.9898126953346996,1320175.75,0.9169534810390806
2509353.5,0.9916827763271511,1201887.625,0.9243944697202254
