loss,r2,loss_test,r2_test
1131624192.0,0.10698832519084123,13700201.0,0.1381798628318659
108344352.0,0.950899937932897,1255128.625,0.9210453190428313
104035472.0,0.9581018222124307,1233264.625,0.9224206763973658
101884032.0,0.964795938024421,1203021.75,0.9243231317061404
