loss,r2,loss_test,r2_test
104604488.0,0.9841410653454179,1237010.0,0.9221850814967726
104065720.0,0.9763619986506159,1226133.5,0.9228692695361738
100217616.0,0.9795375006015695,1189545.125,0.9251708833765151
98159872.0,0.973342495752573,1172322.5,0.9262542836450671
96598144.0,0.9786053079814971,1163235.5,0.9268259071126861
107527288.0,0.9518837622546175,1288115.625,0.9189702435224664
