loss,r2,loss_test,r2_test
59687068.0,-1.0020702667052812,13701714.0,0.1380848042915176
4265558.0,0.2718045857714865,1229492.625,0.9226579593884009
3495552.0,0.2663277154992235,1144536.375,0.9280021812085479
