loss,r2,loss_test,r2_test
61252084.0,0.9374817301059801,1129830.375,0.9289272794768656
16509274.0,0.9762192665914518,449110.125,0.9717484321929117
17365822.0,0.9741013276473082,459614.78125,0.9710876322928368
14997223.0,0.978363383952281,430517.34375,0.9729180233991076
12326154.0,0.9810994548578749,394590.625,0.9751780174652329
11522367.0,0.9810162755973642,384933.625,0.9757854994479093
11093469.0,0.9764478842495597,399892.6875,0.9748444880628064
