loss,r2,loss_test,r2_test
21981132.0,0.9427753890985573,789217.8125,0.9503537377458422
10385716.0,0.9843172788946912,555474.5625,0.9650575076899075
6804239.0,0.9899910738852289,379740.34375,0.9761121867624974
5514213.0,0.9897780866432416,374922.625,0.9764152481794992
4917104.0,0.9928777540109638,390968.34375,0.9754058814305187
4694394.0,0.9933019784810769,391165.71875,0.9753934631259175
4796398.5,0.9914031988589674,392030.34375,0.9753390737926286
4226555.5,0.993748038350245,408309.5625,0.9743150215181742
4673444.0,0.9925663025531816,408536.9375,0.9743007171548854
