loss,r2,loss_test,r2_test
127807800.0,0.3361874726027849,1211986.625,0.9237591984772309
121219608.0,0.4140814091825624,1161021.875,0.9269651544208091
88087632.0,0.7574967296323544,857019.4375,0.9460886278811076
62425364.0,0.8773876113377698,663713.0625,0.9582486964387406
61475200.0,0.9100149270780953,667315.375,0.9580220894814917
67670024.0,0.8717109676592154,735043.8125,0.9537615867390195
59229812.0,0.9196237467756778,632979.8125,0.9601819904479213
44915368.0,0.9389564021315553,515414.09375,0.9675775387231956
44757848.0,0.9489115778780798,514632.375,0.9676267147199605
