loss,r2,loss_test,r2_test
104315736.0,0.04148843313265982,15249592.0,0.04071443555711185
8610357.0,0.9660922157473122,1238156.5,0.9221129509574525
7512155.0,0.9737014794477602,1225168.75,0.9229299558875512
6755699.5,0.958081205402197,1151822.375,0.9275438532035424
1820242.25,0.9829516095315691,742325.375,0.9533035358076929
1679715.125,0.9842596328172678,646972.125,0.9593017930834729
1629981.375,0.986219105049473,578692.9375,0.9635969426468565
