loss,r2,loss_test,r2_test
168765376.0,0.772161407164435,1437354.875,0.9095822590687542
78486824.0,0.8276195322638695,750347.3125,0.9527989076883285
71107056.0,0.9639690776048836,668945.1875,0.957919564354629
48277720.0,0.9527171242657374,493331.9375,0.9689666324571411
44955996.0,0.9272218908414402,456897.53125,0.9712585601259851
