loss,r2,loss_test,r2_test
4029117.75,0.9719274522180666,1249628.875,0.9213912790541305
3970713.75,0.975049643575519,1230291.125,0.9226077363628871
1454310.75,0.9750650109204498,758681.1875,0.9522746608910267
921708.625,0.9801823144723976,592712.3125,0.9627150428496083
