loss,r2,loss_test,r2_test
102807176.0,0.9597272791243017,1212570.125,0.9237224808658225
100178192.0,0.9676643390902311,1199578.5,0.9245397253908507
115974400.0,0.9815035731541498,1364205.25,0.9141837774168718
89597984.0,0.9768581132494423,1075433.75,0.9323491306936271
112590728.0,0.947771218886737,1265981.125,0.9203626243859078
69975200.0,0.9796991012874744,818845.1875,0.9484900080267056
75044952.0,0.9619613833292171,859638.25,0.9459239005615436
45378900.0,0.9851010572038006,555479.4375,0.9650572035635323
39823208.0,0.993000792380463,511580.5625,0.9678186898968635
