loss,r2,loss_test,r2_test
67219000.0,0.9760408634431164,687974.5,0.9567225122467202
56583096.0,0.9543743844746522,578162.5625,0.9636303024086853
48022068.0,0.9776802151195322,509777.4375,0.967932115489677
54902488.0,0.9876874720246983,562598.9375,0.9646093424613557
52307392.0,0.972141972106839,554536.5625,0.9651165173539739
45807032.0,0.9581345059522195,483570.28125,0.9695806940380877
