loss,r2,loss_test,r2_test
44827352.0,0.9282169863258447,1250029.0,0.9213661070519656
38688812.0,0.9332025619718772,1131284.125,0.9288358382194452
15167866.0,0.9341846673435747,588573.8125,0.9629753814082546
