loss,r2,loss_test,r2_test
33917952.0,0.9600405720032545,1174012.625,0.926147972453052
21951356.0,0.9683232632210202,799568.5625,0.9497026134390756
