loss,r2,loss_test,r2_test
42935284.0,0.9316432858831794,1458333.625,0.9082625767685932
29814578.0,0.944064378987506,1175594.375,0.9260484638977282
32317466.0,0.9289198955562358,1341329.0,0.9156228253639431
