loss,r2,loss_test,r2_test
41564456.0,0.7922527183205778,1380015.25,0.9131892369515294
30248254.0,0.9331377169147793,1040082.9375,0.9345729020583798
30707982.0,0.9292586240589005,1129329.5,0.9289587901481043
21115916.0,0.9611468700976227,834959.8125,0.9474763077108909
