loss,r2,loss_test,r2_test
25037576.0,0.9631110434581577,913437.25,0.9425396333612119
