loss,r2,loss_test,r2_test
38209692.0,0.9650769598561316,1208756.125,0.9239624090747046
32364372.0,0.9599742037766225,1001266.375,0.9370146869441779
13374636.0,0.9655943796936011,570085.375,0.964138408637655
