loss,r2,loss_test,r2_test
206745472.0,0.9565082358801219,1197153.25,0.9246922895816586
217085312.0,0.961229595143997,1257847.75,0.9208742736402276
185849360.0,0.9731748933057712,1108369.5,0.9302772821679347
185198128.0,0.9772045629895314,1113178.25,0.9299747894753485
196235296.0,0.9705129907592503,1152941.375,0.9274734573381067
