loss,r2,loss_test,r2_test
12482277.0,0.8821104823318041,1220883.75,0.9231995100172099
10941612.0,0.9201214041029927,1188685.0,0.9252249958388357
