loss,r2,loss_test,r2_test
358615040.0,0.9230556923541061,2241805.0,0.8589777760008265
210143008.0,0.9873597793824747,1255545.125,0.9210191190573511
222368992.0,0.9407672761759456,1341452.125,0.9156150704920477
190867184.0,0.9763694741841845,1160293.75,0.927010958787881
