loss,r2,loss_test,r2_test
150868400.0,0.016843461932255055,16179511.0,-0.017782710974303617
43696416.0,0.6973023187409353,4661667.0,0.7067548033778408
9380227.0,0.9627923346989918,1339182.625,0.9157578345760778
8128836.0,0.9746042781418287,1197601.75,0.9246640793275156
