loss,r2,loss_test,r2_test
130517872.0,0.01826403419419842,15563986.0,0.020937304439327953
8367116.5,0.9749619378237276,1241282.25,0.9219163315558008
