loss,r2,loss_test,r2_test
108627632.0,0.01243304628935249,16055585.0,-0.009987002453649696
4884180.5,0.9884019774443725,1269469.125,0.9201432122855034
