loss,r2,loss_test,r2_test
970560768.0,0.9594672080159982,915369.0625,0.9424181125987233
564454912.0,0.9870177194465547,558842.5,0.9648456507000157
463841152.0,0.9926792143124729,451582.8125,0.9715928862826481
491792480.0,0.9688671956827222,490019.25,0.9691750176321888
399200704.0,0.9905568913911673,399882.5,0.9748451289470791
514535808.0,0.9884378979580359,489374.46875,0.9692155800006904
373532928.0,0.9907731453358734,386863.75,0.9756640822243301
453990208.0,0.9863405775487385,438347.5625,0.9724254619604498
398199904.0,0.9844789788751646,386481.9375,0.9756880998426551
