loss,r2,loss_test,r2_test
65256744.0,0.9473497715894412,1306173.75,0.917834284655679
67183840.0,0.9494109152098306,1354507.625,0.9147938115363017
61774420.0,0.9595911047541035,1233228.375,0.9224229597264298
58777880.0,0.9544254443894788,1131748.0,0.9288066517811707
71118440.0,0.9532946516639337,1457341.75,0.9083249640636883
59681008.0,0.9620584835715851,1201087.5,0.9244448116509312
49379528.0,0.9665685040225589,1002993.3125,0.9369060535924616
41539364.0,0.9735096116215716,790415.25,0.9502784151693321
57418404.0,0.9382844285935477,1057447.125,0.9334805929752239
