loss,r2,loss_test,r2_test
81117448.0,0.9547732699810303,1247025.625,0.9215550316242225
81282560.0,0.9360233324584373,1290521.375,0.9188189048601142
69344448.0,0.9572329681737466,1146788.625,0.9278605109273509
72092176.0,0.9596310887943177,1247016.5,0.9215556042053885
62776332.0,0.9603323423562978,1101812.25,0.9306897813391793
59950312.0,0.9423443274214485,1040087.875,0.9345725991949272
50963656.0,0.961570338147345,921958.8125,0.942003580682546
54890780.0,0.9522508762193319,1029146.5625,0.9352608579034811
36077692.0,0.9812152496652684,716676.5625,0.9549169962881053
