loss,r2,loss_test,r2_test
95097296.0,0.865485709694809,1496581.375,0.9058565801103985
104359744.0,0.9467216481710028,1431609.375,0.9099436779862081
86352048.0,0.8818241945370247,1346931.375,0.9152704036030301
81639272.0,0.8752343411653283,1263599.375,0.9205124525887743
82959512.0,0.8436352879727012,1356199.0,0.9146874053327926
83610344.0,0.9337534485020219,1187214.5,0.9253174943654197
58792848.0,0.88036638943778,985251.625,0.938022101703879
48471876.0,0.9192456190738967,806748.375,0.9492509716950326
73788152.0,0.8062236952815461,1383298.0,0.9129827394106471
