loss,r2,loss_test,r2_test
67779088.0,0.9455085713445726,1220593.5,0.9232177668299895
69948768.0,0.9617894425601087,1260789.5,0.920689208270023
59498000.0,0.9586435674374507,1134928.375,0.9286065924857849
54010588.0,0.9573563697361902,1101951.0,0.9306810480488582
50872300.0,0.9668291058405938,1034400.5,0.9349303591436927
46304056.0,0.9654257947539073,963719.375,0.9393766022423072
44020048.0,0.9810696067318241,915258.0,0.9424250992706438
38104796.0,0.9650318519036302,847919.4375,0.94666106673412
35644320.0,0.9827800271124726,761900.8125,0.9520721309046961
