loss,r2,loss_test,r2_test
334933152.0,0.9032666375052479,1098284.375,0.9309117077142639
327453280.0,0.9260310084440524,1111607.75,0.9300735842993505
216848320.0,0.9263554531365545,794890.75,0.9499968760983676
168772608.0,0.9413954639710467,650710.1875,0.9590666465417672
