loss,r2,loss_test,r2_test
343786304.0,0.8958159538503687,1160191.0,0.9270174206645085
285749856.0,0.923239515823334,964053.875,0.9393555629954801
206018208.0,0.9415841271640865,701076.125,0.9558983452408689
175070000.0,0.941029822165637,635095.5625,0.9600489005735491
