loss,r2,loss_test,r2_test
98667952.0,0.8539499016368799,1493785.875,0.906032424494025
78227384.0,0.9192568528857087,1228817.125,0.9227004538275111
74011280.0,0.9448233942077767,1260078.125,0.9207339588749939
72101088.0,0.9277759318270943,1156721.75,0.9272356625746662
