loss,r2,loss_test,r2_test
4997622.5,0.940579435241739,1323707.125,0.9167313348404107
4365368.5,0.9380457903774537,1271425.125,0.9200201760448501
4216620.5,0.9217363059114518,1266684.25,0.9203184080596277
3729335.75,0.9370313428038336,1251867.875,0.9212504301864135
