loss,r2,loss_test,r2_test
149936032.0,0.9473565782381674,1306474.875,0.9178153470450301
167761584.0,0.9323337223330651,1445114.625,0.9090941130374818
134636256.0,0.9606361354228792,1187306.625,0.9253116970118611
135148448.0,0.9600108618855051,1168650.75,0.9264852646656212
