loss,r2,loss_test,r2_test
5666290.0,0.9521385401112705,1322043.5,0.9168359919251656
5450063.0,0.9611097360194254,1242590.375,0.9218340441516012
5207750.0,0.9622071488627562,1230440.0,0.922598372648536
5444602.5,0.953721919909366,1347385.75,0.9152418175777881
