loss,r2,loss_test,r2_test
196275184.0,0.8741161479073566,1283547.875,0.919257583715043
87719896.0,0.9678482911927977,608799.0625,0.9617030969254137
50211324.0,0.9775866231384607,384280.125,0.975826607427202
45730028.0,0.9786963684709242,373298.90625,0.9765173893467901
45121280.0,0.9810491563607195,401611.96875,0.9747363350177493
36213484.0,0.9808587632348114,345091.65625,0.9782917836364782
