loss,r2,loss_test,r2_test
186960640.0,0.9982477359764157,431667.4375,0.9728456768881778
