loss,r2,loss_test,r2_test
543854784.0,0.9751488536905171,543970.75,0.9657811644697669
572899648.0,0.9923702482310245,575086.625,0.9638237963769656
327244896.0,0.984283885093339,362384.3125,0.9772039763646495
287275840.0,0.9894227743464006,328884.28125,0.9793113187097154
