loss,r2,loss_test,r2_test
11992684.0,0.9918301374392849,411633.0,0.974105955840004
12690466.0,0.9857354629684594,412306.0,0.9740636205499016
