loss,r2,loss_test,r2_test
87370528.0,0.9436121711785869,1202971.0,0.9243263311669171
72944592.0,0.9497063995185396,1116921.875,0.9297392979569621
37812168.0,0.9703581183893714,582583.625,0.9633521954229327
33826992.0,0.9729000623957057,530634.4375,0.9666200917627784
32007056.0,0.9815078493656624,517729.28125,0.9674318974831488
