loss,r2,loss_test,r2_test
95768192.0,0.9538759403802323,1313071.25,0.9174003890455809
86911208.0,0.9590843673496375,1218168.75,0.9233702997773185
89457448.0,0.9668723490494209,1273159.5,0.9199110648667899
81630328.0,0.9733197424430797,1164548.75,0.9267432975660894
93479504.0,0.9339141224273473,1292243.25,0.9187105879087901
82883696.0,0.976309625196533,1187199.375,0.9253184447473378
79771600.0,0.9728974103247743,1142876.625,0.9281065949136036
79901888.0,0.9788514576883035,1138240.5,0.9283982421899319
76947960.0,0.9501217304453506,1075055.25,0.9323729450238025
