loss,r2,loss_test,r2_test
128324048.0,0.8794832957078638,1316683.875,0.9171731442799729
122973840.0,0.8719417212816014,1249708.875,0.9213862495791747
118034952.0,0.8891919357991889,1191771.375,0.9250308410969655
118314416.0,0.9047693791204663,1202667.125,0.9243454426871467
129094280.0,0.8653796216722173,1362419.125,0.9142961301043213
146603664.0,0.8501925128714907,1622840.5,0.8979141645591164
99645656.0,0.90869444888996,1103124.5,0.9306072291194818
105854184.0,0.9144984952601773,1200142.625,0.9245042433626096
89976568.0,0.8968172710341359,1007309.1875,0.9366345603685788
