loss,r2,loss_test,r2_test
92376160.0,-0.0003582308531657752,15587833.0,0.019437084853111464
8676929.0,0.9362889204001676,1532988.5,0.9035663548156346
7772992.5,0.9381695294428505,1371903.75,0.913699498424772
7453401.5,0.9336020485646976,1338753.125,0.9157848495007626
7735829.5,0.9267975839291026,1229728.0,0.9226431492174446
7107633.5,0.9346141689238028,1335618.625,0.9159820338247314
6982208.5,0.9389044325329554,1377514.25,0.9133465640568857
6415413.0,0.9427743395746389,1202766.125,0.9243392104086665
6203495.0,0.9456426886886355,1206217.125,0.9241221167843573
