loss,r2,loss_test,r2_test
77809448.0,-0.2625261626756932,15746991.0,0.009425234771711977
7178003.5,0.9473890696729297,1315236.375,0.9172641918870212
6583693.0,0.9493014028841155,1246908.5,0.9215624014720368
6531741.0,0.9512174913696954,1196437.875,0.9247372947345855
6435877.0,0.9467843074185435,1179846.625,0.9257809772099262
6423511.5,0.9546009749764662,1142914.25,0.9281042303075124
6162512.0,0.9544268322884519,1124974.625,0.9292327353234813
6242446.5,0.9359807135711496,1177737.875,0.9259136316764489
5901391.0,0.9450933382940088,1109726.25,0.9301919468875296
