loss,r2,loss_test,r2_test
112080744.0,0.9809161462154882,1288650.125,0.9189366245766476
106987144.0,0.984500511371185,1231379.5,0.9225392581061345
114325088.0,0.9790805941690713,1330090.0,0.9163298283796484
100350872.0,0.9861461227934741,1157666.875,0.9271762069657937
119502560.0,0.9678482013528855,1402603.25,0.9117683231370342
99648040.0,0.9828929400529399,1162192.5,0.9268915207860162
102709256.0,0.9876507069675214,1162445.75,0.9268755904845121
93703112.0,0.975844495275077,1110534.875,0.9301410805543917
88210816.0,0.9740294469493366,1050470.375,0.9339194742487817
