loss,r2,loss_test,r2_test
206570704.0,0.011725378909558715,14868630.0,0.06467905114923145
23498860.0,0.889333909319405,1353502.625,0.9148570248154044
19668414.0,0.9294557122066592,1175021.25,0.9260845167855742
17928554.0,0.9251742080100216,1144027.75,0.928034181372274
