loss,r2,loss_test,r2_test
265927888.0,0.5319637982764331,2708302.25,0.8296324810264728
186537280.0,0.5654935608167655,1894043.875,0.88085392560025
129739936.0,0.6692299830563968,1330824.625,0.9162836077306435
122947792.0,0.6468263509911996,1244283.75,0.921727517586889
