loss,r2,loss_test,r2_test
155279200.0,0.9495908368268129,1991383.25,0.8747307318732448
126878864.0,0.9228307557231201,1608763.375,0.8987996892708422
94453880.0,0.9627617181486129,1273502.75,0.9198894679739688
111840320.0,0.9524144177832659,1510184.875,0.9050008302175834
