loss,r2,loss_test,r2_test
214170192.0,0.9482638259519393,2503300.0,0.8425282840518044
181695248.0,0.8921480151182548,2089574.0,0.8685539880843229
121985440.0,0.9395749777368512,1378826.375,0.9132640172831339
117959112.0,0.9576032938547905,1300205.25,0.9182097381075196
