loss,r2,loss_test,r2_test
241540176.0,0.6914268729318087,2519278.75,0.841523115641765
136857440.0,0.8191314668264901,1415639.625,0.910948268944369
177937440.0,0.8538889508602768,1941408.75,0.877874424498239
141929776.0,0.8764653293186899,1531738.25,0.9036450040133465
