loss,r2,loss_test,r2_test
225993216.0,0.8701905531253713,2460716.5,0.8452070270507053
113097472.0,0.8803417973424805,1430170.875,0.9100341711507527
121617136.0,0.9052530410545878,1357430.875,0.9146099220107348
143372784.0,0.9002055671140952,1530764.25,0.9037062710447418
