loss,r2,loss_test,r2_test
334513600.0,0.09719342028427569,14011063.0,0.1186248970424637
28853078.0,0.9390822782695518,1379236.25,0.9132382429120642
