loss,r2,loss_test,r2_test
57165032.0,0.8611155769133798,2001321.375,0.8741055633436476
46288720.0,0.9261563598574024,1359331.0,0.9144903991893992
43038316.0,0.9294422278604875,1308948.625,0.9176597293760753
