loss,r2,loss_test,r2_test
60812176.0,0.767212733789426,1981024.5,0.8753823622974727
52312436.0,0.86500516156156,1539806.625,0.903137453827252
