loss,r2,loss_test,r2_test
299843104.0,0.16926679844966208,13497177.0,0.1509512601168408
