loss,r2,loss_test,r2_test
89616344.0,0.915457218558433,2305363.0,0.8549796341104977
