loss,r2,loss_test,r2_test
32568672.0,0.9693534597705185,1257524.75,0.9208945766337432
