loss,r2,loss_test,r2_test
43860600.0,0.8359069613953823,1676308.75,0.8945507135799446
41280420.0,0.8614555696163959,1568035.75,0.9013616867361528
