loss,r2,loss_test,r2_test
30181820.0,0.9689565134611875,1283559.125,0.919256867034664
