loss,r2,loss_test,r2_test
89979016.0,0.8467137537674768,1197254.0,0.9246859453260801
80793008.0,0.8785319705901373,1046191.25,0.9341886595466852
71390144.0,0.925001435193533,939640.25,0.9408913178796983
61158504.0,0.9456920020136977,808711.875,0.9491274508676536
53459380.0,0.9533861960092396,732209.375,0.953939892479851
44756848.0,0.9580532793720213,628936.1875,0.9604363562733402
60782868.0,0.9632038890203114,869051.25,0.9453317615434987
