loss,r2,loss_test,r2_test
32761150.0,0.9352726726063014,529210.625,0.9667096610096422
