loss,r2,loss_test,r2_test
62238544.0,0.9493153034849415,796542.9375,0.9498929447462844
