loss,r2,loss_test,r2_test
63390408.0,0.9720001202349372,712643.4375,0.9551706952385728
42491680.0,0.9855735389437442,532801.5625,0.9664837685428974
