loss,r2,loss_test,r2_test
120425928.0,0.9225671750914274,1148665.625,0.9277424345448653
32544190.0,0.9531104107351598,527869.3125,0.9667940306824813
37358344.0,0.9840757298920378,666541.0625,0.9580707961163164
