loss,r2,loss_test,r2_test
156045200.0,0.8133881078660569,1945778.125,0.8775995640100054
28822452.0,0.9850250890944784,490450.78125,0.9691478743401424
28577466.0,0.9884988174959192,504713.53125,0.968250666137786
