loss,r2,loss_test,r2_test
49019992.0,0.9861065798995496,615425.875,0.9612862360969081
