loss,r2,loss_test,r2_test
36019796.0,0.9689727948854352,560181.9375,0.9647613879777991
29036940.0,0.9779555042940323,513933.75,0.9676706627989901
43650040.0,0.9462321891170831,642454.0,0.9595860118384438
