loss,r2,loss_test,r2_test
74017248.0,0.9316667002393338,902220.125,0.9432452505218163
