loss,r2,loss_test,r2_test
35093408.0,0.9611421306498917,554096.625,0.9651441879313
