loss,r2,loss_test,r2_test
25639214.0,0.936463277964204,1174541.5,0.9261146940336424
