loss,r2,loss_test,r2_test
37639112.0,0.9284921152551573,1226870.25,0.9228229197491399
31541104.0,0.9333590256633301,1066659.875,0.9329010652382893
29055048.0,0.9307040715604851,1000127.5625,0.9370863193505383
