loss,r2,loss_test,r2_test
107449272.0,0.908235724617139,1210023.875,0.9238826547642381
53578768.0,0.9567550261256784,611664.3125,0.9615228561995924
44357696.0,0.9441502768765415,526364.0,0.9668887281609925
