loss,r2,loss_test,r2_test
59343976.0,0.961584948349944,711776.375,0.9552252413152358
44562480.0,0.9669293820239757,508851.40625,0.967990372225611
