loss,r2,loss_test,r2_test
51332828.0,0.9934369758371872,536015.75,0.9662815723930613
