loss,r2,loss_test,r2_test
171695040.0,0.9644088610110677,1264741.375,0.920440610014512
59378928.0,0.9896230252504947,568152.4375,0.9642600006164054
52082528.0,0.992666812921891,598633.25,0.9623425831329356
62598316.0,0.99330829400055,681365.1875,0.9571382709067076
