loss,r2,loss_test,r2_test
102995184.0,0.9664339750681359,989592.625,0.9377490330806129
92392328.0,0.9617234405260446,842308.3125,0.947014039293216
52853792.0,0.9857181800896258,508753.71875,0.9679965166499679
