loss,r2,loss_test,r2_test
44759908.0,0.9712180849525766,457647.78125,0.9712113644328846
