loss,r2,loss_test,r2_test
103462024.0,0.9020747920756869,1162706.875,0.9268591659938578
48919716.0,0.9601765613447284,626167.4375,0.9606105272987249
