loss,r2,loss_test,r2_test
342040032.0,0.986264968545131,633865.6875,0.9601262613546776
216269840.0,0.9933131986875953,421228.03125,0.9735023748164914
241128496.0,0.9939213786955369,472921.59375,0.9702505562155314
219906096.0,0.9934489770686625,430687.875,0.9729072982107136
209048704.0,0.9957764208400058,410436.875,0.9741811993641991
