loss,r2,loss_test,r2_test
41153524.0,-0.2902652345455925,19436446.0,-0.2226625369771209
26530662.0,0.16582342377731185,12482915.0,0.21475402977660607
2647775.0,0.9163212728774939,1298039.125,0.9183459990659021
2286441.75,0.9269998061196764,1240912.25,0.9219396105795878
2673801.5,0.9122906177404683,1299331.0,0.9182647378907822
2368263.0,0.9216674055798205,1405743.125,0.9115708124571904
2459415.0,0.9139764736965305,1176242.25,0.9260077128652792
2376828.0,0.917177902586672,1246872.5,0.9215646653484297
2239378.0,0.9265435883411122,1303394.875,0.9180090906977534
