loss,r2,loss_test,r2_test
288431424.0,0.020553449603694984,13228971.0,0.16782285477841719
26722272.0,0.9789738582899578,1260671.25,0.9206966506988858
25459174.0,0.9768717986073857,1206074.875,0.9241310697599356
25796204.0,0.9783133557196982,1207033.125,0.9240707927632454
27432968.0,0.9755432256494392,1276054.125,0.9197289818822532
25599764.0,0.9766542652461345,1201494.875,0.9244191777203308
24819630.0,0.9761735662616048,1192849.375,0.9249630369131658
21927788.0,0.9822196590972472,1064280.125,0.9330507574066363
21750456.0,0.9822824841452051,1059267.5,0.9333660893590584
