loss,r2,loss_test,r2_test
34918604.0,0.9366507342406557,1410786.75,0.9112535434599578
33457442.0,0.9401065656849524,1302275.25,0.9180795302656048
32658744.0,0.9407467566789569,1309408.75,0.917630786295231
30967854.0,0.9445417589671109,1181255.75,0.9256923411302953
28897092.0,0.9497120196952372,1114891.75,0.9298670045908917
28887952.0,0.9510615463718967,1140133.5,0.9282791526460975
28738236.0,0.9526050504395702,1090629.5,0.9313932419204908
