loss,r2,loss_test,r2_test
31544458.0,0.9362299071309338,1286736.625,0.9190569939596887
30235352.0,0.9426385657909734,1200367.0,0.9244901243939794
28841298.0,0.9468231605396491,1140640.75,0.9282472494096552
28167154.0,0.9503876263361719,1113893.0,0.9299298294346764
27528672.0,0.9511949499407317,1087414.375,0.931595488956757
