loss,r2,loss_test,r2_test
27906646.0,0.9684354245330573,1222448.0,0.9231011062018568
27993766.0,0.9760052281413075,1256282.5,0.9209727350762427
28766328.0,0.9608271121899646,1243161.25,0.9217981198937581
27537276.0,0.9669762263151722,1197353.25,0.9246797122555486
25734086.0,0.9759769129078787,1148347.25,0.9277624618466929
26863300.0,0.9784455797134088,1222109.5,0.9231223910790385
25253660.0,0.971383100003302,1110779.125,0.9301257139760654
27136098.0,0.964379098554395,1175420.125,0.9260594272558518
25161222.0,0.9703059872324381,1100120.0,0.9307962369256564
