loss,r2,loss_test,r2_test
3094813.5,0.9212995965978946,1297108.75,0.9184045255259338
3070374.0,0.9234002589336191,1302264.125,0.9180802205636311
