loss,r2,loss_test,r2_test
58575860.0,0.923320429297223,1334204.75,0.9160709723835827
54027060.0,0.9197103025434188,1237176.25,0.9221746159365783
53390276.0,0.9227420107157023,1223989.5,0.9230041321527324
54532188.0,0.9266013837394282,1248150.625,0.9214842756082464
