loss,r2,loss_test,r2_test
31125716.0,0.260116307786898,11261916.0,0.29156171630744254
89248792.0,0.7986575673587823,3990771.75,0.748957904369187
89577936.0,0.7566458634302542,4925255.0,0.6901736123019939
