loss,r2,loss_test,r2_test
50270352.0,0.06988157921893257,15486242.0,0.025827731702925516
35423404.0,0.3376661947716384,10646217.0,0.33029275546104186
2910541.0,0.9741891326962164,1323615.125,0.9167371278889072
2640361.0,0.973574328646818,1246209.625,0.9216063647088798
