loss,r2,loss_test,r2_test
88312832.0,0.9100912614378949,1975500.25,0.8757298715654006
64271816.0,0.942833479126751,1259019.25,0.9208005834310137
65014760.0,0.9427576383998788,1261095.75,0.9206699415682974
64183988.0,0.9409899266219822,1350451.375,0.9150489709878146
