loss,r2,loss_test,r2_test
70842008.0,0.9217103584087097,1469455.5,0.9075629429547891
64302492.0,0.9155124934413894,1313555.0,0.9173699662185223
67738408.0,0.9244536862306799,1390309.125,0.9125416969869005
