loss,r2,loss_test,r2_test
479913920.0,0.19006407068540665,12052331.0,0.2418402351120712
69870496.0,0.8796697199106177,1834791.75,0.8845812273994582
46079396.0,0.9557999753527392,1264632.75,0.9204474507342596
44241088.0,0.9616067878181949,1228774.625,0.9227031288996149
49685612.0,0.9601439052392674,1378465.125,0.9132867475525962
