loss,r2,loss_test,r2_test
36882584.0,-0.005039182332948755,14884020.0,0.06371095962709572
27601852.0,0.16928095495472417,10916104.0,0.31331529693909976
3182955.0,0.9053545882458833,1316322.625,0.9171958654333179
3059252.75,0.9200379500581376,1284448.5,0.9192009276589929
3062867.5,0.9073634113041639,1268783.625,0.9201863380089408
