loss,r2,loss_test,r2_test
26442606.0,0.27390621385254654,11563015.0,0.2726209460341086
2707497.0,0.9475734817966776,2207452.0,0.8611387850093061
1467019.0,0.9885596258369077,1344944.125,0.9153954111758869
1363659.25,0.9895324811262168,1251682.75,0.9212620738583881
1438297.875,0.9879590040201667,1274950.0,0.9197984330312519
