loss,r2,loss_test,r2_test
532834336.0,-0.0274259374840502,12586372.0,0.20824606204911122
88911672.0,0.9406360940547502,2198112.0,0.8617263320994295
54109248.0,0.9775554692614146,1278162.5,0.9195963405628123
60975268.0,0.9643347024317096,1453537.0,0.9085643082239196
52260024.0,0.9794623356514655,1231188.5,0.9225512780229892
59117056.0,0.9664322419486873,1410395.0,0.9112781791876442
