loss,r2,loss_test,r2_test
567643968.0,0.1792412777859267,12288800.0,0.226965039362529
62939564.0,0.7992385430491983,1285037.75,0.919163856785315
59131404.0,0.8202354101020212,1260646.0,0.9206982381142771
