loss,r2,loss_test,r2_test
1976244.0,0.944728233861652,1437786.125,0.9095551152034271
2371422.75,0.9368294679024067,1525946.625,0.9040093312252133
