loss,r2,loss_test,r2_test
24576180.0,0.9792316686250655,1164996.5,0.9267151272438783
23136316.0,0.9782669248390742,1109184.75,0.930226010510366
