loss,r2,loss_test,r2_test
26227940.0,0.7554603475327323,1087616.875,0.9315827499313131
