loss,r2,loss_test,r2_test
24542150.0,0.8621416371446762,1193378.125,0.9249297683215552
23341234.0,0.8819688559489752,1153887.125,0.9274139791748413
