loss,r2,loss_test,r2_test
2629685.25,0.9530563173763903,1364013.0,0.9141958708017653
