loss,r2,loss_test,r2_test
23512410.0,0.9471144634689865,1166203.375,0.9266392115816555
22119768.0,0.9516010535180643,1110875.25,0.9301196672153593
