loss,r2,loss_test,r2_test
28004664.0,0.9735946166518551,1250607.125,0.9213297513800892
27524666.0,0.9732405254522364,1289847.375,0.9188612990790485
