loss,r2,loss_test,r2_test
224947040.0,0.9780434459582616,1283483.625,0.9192616195705845
270864832.0,0.9622370971800286,1586091.75,0.9002258618152248
235893952.0,0.9755321316523621,1324878.25,0.916657670387264
