loss,r2,loss_test,r2_test
213388752.0,0.9578072065600161,1234332.125,0.9223535262925124
215179664.0,0.9665364207216622,1248380.0,0.9214698429702399
194330880.0,0.9716087412073595,1133626.75,0.9286884658144968
159842864.0,0.972349263714191,939386.8125,0.9409072556868462
