loss,r2,loss_test,r2_test
7787948.0,0.9136180361857588,1436789.75,0.9096177993440133
7692499.0,0.9243997537265514,1236797.375,0.9221984461745778
7274102.0,0.9288607932555356,1217085.375,0.9234384462809679
7018936.0,0.9177517965900759,1138211.625,0.9284000615533581
6244672.0,0.93267736944187,1072933.375,0.9325064183270552
4690889.5,0.9431260305076284,902046.3125,0.9432561839348823
