loss,r2,loss_test,r2_test
12948347.0,0.9534365646951748,1228576.625,0.9227155835428144
