loss,r2,loss_test,r2_test
252408672.0,0.9707119122859714,1306950.5,0.91778541817791
432457184.0,0.9227223236882054,2061814.875,0.8703001830396182
232062496.0,0.9795089397464501,1047979.625,0.9340761512631952
197241888.0,0.992064600928169,917769.5,0.9422671130549943
