loss,r2,loss_test,r2_test
20633304.0,0.7611711347159198,2260178.25,0.8578219979111052
11191204.0,0.8936155934093367,1270041.125,0.9201072293258286
11591248.0,0.8872972879860357,1377117.625,0.9133715183359279
10946434.0,0.9115941591172115,1191588.875,0.9250423256992206
9538361.0,0.9346871372341036,1145038.875,0.9279705788368456
8312047.5,0.9529261897843909,1021428.25,0.9357463845437499
