loss,r2,loss_test,r2_test
182679904.0,0.9469626666245478,1261922.625,0.9206179324288226
184234048.0,0.9791733927158591,1319358.75,0.9170048760045453
163949760.0,0.9710884198612416,1168088.125,0.926520654870902
171308240.0,0.9496559961605774,1198769.875,0.9245905980560465
153298784.0,0.9772712479396296,1089411.625,0.9314698472707615
129673912.0,0.9730676141492529,917622.25,0.9422763722586563
