loss,r2,loss_test,r2_test
118720760.0,0.9249070253011185,1129972.375,0.9289183407330762
95738624.0,0.9482379305335166,1040255.125,0.9345620659436257
51810852.0,0.9655083751012195,613991.1875,0.9613764827561033
33164346.0,0.9762731592457901,471989.15625,0.9703092135016662
26561468.0,0.9918862201566856,497873.59375,0.9686809371410412
