loss,r2,loss_test,r2_test
39851264.0,0.9232628327173736,602504.8125,0.962099039820059
35519584.0,0.9427070946328612,547134.9375,0.9655821209729635
37381796.0,0.9469617360323663,585052.0625,0.9631969144764887
21252266.0,0.9806120829647891,443218.71875,0.9721190357241146
