loss,r2,loss_test,r2_test
84257312.0,0.8015898623145414,1035134.6875,0.9348841677594635
53109556.0,0.8870758927496765,665208.8125,0.9581546055128383
26955446.0,0.9086694077014055,432956.0,0.9727646196809723
25525120.0,0.9144339165724304,429469.65625,0.9729839295374695
24746788.0,0.875574075146362,436253.53125,0.9725571864461711
