loss,r2,loss_test,r2_test
79075648.0,0.8794941702191515,924376.6875,0.9418514761164606
25089684.0,0.9781564829117375,447354.625,0.9718588629576566
24141746.0,0.9918930609850203,436261.3125,0.9725566961558401
36249268.0,0.9665454232212313,551156.0625,0.965329168287671
18413358.0,0.985057201783085,422132.3125,0.9734454876105629
