loss,r2,loss_test,r2_test
39968896.0,0.9523596231575653,481665.84375,0.9697004933977452
27077762.0,0.9795484930819898,405581.84375,0.9744866079399742
24098180.0,0.9749133693297025,393773.65625,0.9752294113491585
