loss,r2,loss_test,r2_test
76470072.0,0.9266493381383647,1135496.875,0.928570824266311
48426140.0,0.9626187105203076,723607.75,0.954480980314928
27088628.0,0.9929988611343274,485103.4375,0.9694842502322039
36507844.0,0.9634149440219051,659727.1875,0.9584994319506318
19286924.0,0.9854339404423895,460229.1875,0.9710489808542774
18318124.0,0.9902726249816428,463677.21875,0.9708320804728857
