loss,r2,loss_test,r2_test
110704336.0,0.7662624217700207,1213599.0,0.9236577596269012
29988866.0,0.9484237902593685,493676.03125,0.9689449879094374
17801508.0,0.9721627635399519,422960.28125,0.9733934083588291
