loss,r2,loss_test,r2_test
563554048.0,0.2072380232014578,13370617.0,0.15891258998939028
