loss,r2,loss_test,r2_test
109543128.0,0.8943150987054904,1575927.25,0.9008652558382173
