loss,r2,loss_test,r2_test
135877472.0,0.8318741638642466,2968641.0,0.8132557021640191
62569652.0,0.9244729107433328,1372384.25,0.9136692729946385
