loss,r2,loss_test,r2_test
560100672.0,0.17809709736657775,12908625.0,0.18797441633018874
