loss,r2,loss_test,r2_test
6189208.0,0.9286241504441646,1253008.125,0.921178711053335
2378033.25,0.9704599400029437,654279.0,0.9588421537150549
1674996.75,0.9773505772511331,525138.0,0.9669658488813914
