loss,r2,loss_test,r2_test
47389348.0,0.9735378335845362,485303.78125,0.969471651778867
45287064.0,0.9857657810933845,500888.34375,0.9684912935873583
