loss,r2,loss_test,r2_test
5741665.0,0.9692960454478454,1356223.25,0.9146858842962904
4965533.5,0.98842512686234,1335596.25,0.9159834380632221
4231161.0,0.9886343134167297,1127873.125,0.9290503986108718
3416659.5,0.9897134598323866,963437.625,0.9393943172030776
2715249.25,0.9892037866771096,754959.0625,0.9525088075864194
2398264.0,0.9854643174135029,726577.625,0.9542941585292231
693571.1875,0.9992870508116574,473217.46875,0.9702319474511074
