loss,r2,loss_test,r2_test
21582224.0,0.9707393723559861,436970.40625,0.972512089959992
