loss,r2,loss_test,r2_test
60548092.0,0.870052393960732,1248272.625,0.9214765960976545
