loss,r2,loss_test,r2_test
39934328.0,0.032522237263383325,15073610.0,0.05178477409515869
1284806.25,0.9742125051672328,925292.875,0.941793840732538
