loss,r2,loss_test,r2_test
54268460.0,0.809875452650602,1126800.0,0.9291179123192934
37459852.0,0.8745864623863575,828759.8125,0.9478663166806207
28763412.0,0.9319808841639832,701267.75,0.9558862942827592
26328722.0,0.9715323087917809,705965.3125,0.9555907940197031
21071484.0,0.9714579796605393,545850.9375,0.9656628870690541
