loss,r2,loss_test,r2_test
50236240.0,0.9432838421266669,1255384.0,0.921029245878108
44118736.0,0.9521961273754285,1126055.625,0.9291647410818735
39336388.0,0.9604688820714136,1046709.125,0.9341560781131748
24796996.0,0.978969053833566,637133.5,0.9599207018008166
18066314.0,0.9819929512842343,531217.4375,0.9665834188923529
16868562.0,0.9828221159860052,500145.65625,0.9685380125376586
