loss,r2,loss_test,r2_test
60248836.0,0.9444203944092383,1226480.375,0.9228474481061169
42425672.0,0.9574700030773936,863283.25,0.9456945979936852
31720442.0,0.9567301133899409,689415.125,0.9566318901134288
31593032.0,0.9342378168718435,704107.3125,0.955707671300086
22979138.0,0.9570928456080421,499500.03125,0.9685786207389803
