loss,r2,loss_test,r2_test
1262257.25,0.9914821484291496,1284946.0,0.919169633716954
1219014.0,0.9857929607331599,1307598.625,0.9177446523837285
739515.875,0.9935442812675473,919153.125,0.9421800719557353
626102.4375,0.994252414302651,773575.875,0.9513377038157005
477145.40625,0.9931290801829518,645535.875,0.9593921421558875
475538.75,0.990623410826664,638425.0625,0.9598394531645447
388020.21875,0.9953837621604816,640832.375,0.9596880198498836
