loss,r2,loss_test,r2_test
45634880.0,0.8654223123229643,1134767.0,0.9286167388571155
40694676.0,0.8953781867998895,1020851.1875,0.9357826912893906
24381198.0,0.9488987818898784,655351.25,0.9587747016146658
21786328.0,0.9553777478221077,584480.0625,0.9632328988825093
