loss,r2,loss_test,r2_test
610206.375,0.9736058892376256,741608.5625,0.9533486236409537
592810.5,0.9759680389724361,709284.125,0.955382022273029
