loss,r2,loss_test,r2_test
1412260.125,0.9906055183971529,716175.25,0.9549485312474809
1108941.75,0.9916243949867634,604302.875,0.9619859308265947
1010265.375,0.9894242664601507,530061.875,0.9666561069568654
1207158.625,0.993781795812346,607025.375,0.9618146707268528
869329.8125,0.9916717490616266,567994.4375,0.9642699378347349
530652.0625,0.9947683638753734,493125.46875,0.9689796188443276
