loss,r2,loss_test,r2_test
2076416.5,0.9657079064607463,577651.6875,0.9636624423142088
1349455.375,0.9759355523987803,591938.0625,0.9627637490562847
813272.9375,0.991308568653901,531931.75,0.9665384869323312
921042.75,0.9867907019587339,561344.0625,0.9646882835987812
562813.3125,0.9974006086151878,534285.3125,0.9663904301908038
401970.28125,0.9976420316500761,526556.5,0.9668766211276922
