loss,r2,loss_test,r2_test
101322352.0,0.043070547909664136,14777961.0,0.07038257972736173
9792994.0,0.8893143033695007,1137116.0,0.9284689732090065
3018025.0,0.9745715238516136,509634.71875,0.9679410932264353
2493358.0,0.9800846582288183,467335.53125,0.9706019521070222
2333735.75,0.9801843826843093,452323.0625,0.9715463198386532
