loss,r2,loss_test,r2_test
72034784.0,0.9852486457554327,554093.4375,0.965144390124576
72277360.0,0.9748407182961811,569068.0,0.9642024095953478
51195432.0,0.9881420051808217,409567.5,0.9742358887621881
59056792.0,0.9619364063662548,490794.53125,0.9691262494103892
40528048.0,0.9860324075864878,336135.6875,0.9788551637181014
