loss,r2,loss_test,r2_test
34575368.0,0.9710819516164173,510408.1875,0.9678924413009405
23886806.0,0.9687394083341972,369308.6875,0.9767683958916071
23963654.0,0.9647275336669132,388862.78125,0.9755383341838534
21519028.0,0.9696615521763418,352779.28125,0.9778081885861035
23105756.0,0.9642131430776867,377570.625,0.976248674134647
