loss,r2,loss_test,r2_test
51040624.0,0.9361572456942805,1254374.75,0.9210927373958365
48625100.0,0.945507264615362,1193054.875,0.9249501049390215
45443712.0,0.9571566656825217,1120347.0,0.9295238386431334
36590192.0,0.9840869864207867,839431.5,0.9471950106916206
