loss,r2,loss_test,r2_test
75950632.0,0.9516949944006895,1273716.125,0.9198760445390854
71824448.0,0.9582464845649207,1289555.75,0.918879653446915
74167072.0,0.9583514863550026,1399305.625,0.9119757657092331
61171900.0,0.9642382393095786,1097565.875,0.9309569023141693
52426460.0,0.9681349270902061,1002741.375,0.9369218957973313
50761024.0,0.976992051842086,1023908.1875,0.9355903828920935
44132740.0,0.9591851395173207,938331.6875,0.9409736290611864
