loss,r2,loss_test,r2_test
42641588.0,0.9335134014150284,1211805.625,0.9237705689504644
40060272.0,0.9363982447825666,1169032.75,0.9264612252901628
29087612.0,0.964191425986182,864048.5,0.9456464673733431
