loss,r2,loss_test,r2_test
61555868.0,0.93926534657993,1262852.5,0.9205594414589255
61537120.0,0.9352915048843338,1256131.875,0.9209822030193315
55460828.0,0.9314546003703648,1210709.875,0.9238394977564829
47875572.0,0.9057022965467945,1043871.75,0.9343345680928267
53493872.0,0.8715961099117446,1304781.75,0.9179218584289172
