loss,r2,loss_test,r2_test
37001208.0,-0.007794946901245492,14930429.0,0.06079157360573195
31139670.0,0.10008586101404782,12407966.0,0.21946881388976158
3202662.5,0.9045716627793987,1331373.375,0.9162490834319492
3176153.25,0.9004182763805494,1324039.25,0.9167104360824887
