loss,r2,loss_test,r2_test
59502664.0,0.04583306407303389,15223855.0,0.042333471185373894
6189543.5,0.9361551731740624,1604471.875,0.8990696303437626
5496839.0,0.9281944161344691,1327555.5,0.9164892498005702
5190804.0,0.9326304969483186,1292567.125,0.918690223610987
