loss,r2,loss_test,r2_test
3609406.5,0.9036945768840098,1384224.875,0.912924433257102
3235399.0,0.9250551403048,1286983.75,0.9190414496585966
2815693.0,0.947259002034305,1291780.75,0.9187396868913409
