loss,r2,loss_test,r2_test
509397504.0,0.21718074713062452,12632345.0,0.20535403788714246
82107392.0,0.9273600168850022,1351822.625,0.914962705238564
