loss,r2,loss_test,r2_test
31275290.0,0.9424075547177264,1254156.375,0.9211064683994449
