loss,r2,loss_test,r2_test
36668636.0,0.9450406145342829,1301796.25,0.9181096521909462
