loss,r2,loss_test,r2_test
31438606.0,0.9084954762441444,1145337.875,0.9279517690185004
22988132.0,0.9232873263581941,912631.75,0.9425903018328344
16679947.0,0.9447754355396856,699300.8125,0.9560100249923588
13257484.0,0.9734594016648879,578064.6875,0.963636467131288
11735284.0,0.9723656594111856,530309.1875,0.966640553761071
9786652.0,0.9757419631618097,467261.28125,0.9706066239351713
8613865.0,0.9797075741516702,451383.71875,0.9716054099778219
8157150.5,0.980420481886569,438663.53125,0.9724055830132826
