loss,r2,loss_test,r2_test
9603844.0,0.9849241709555593,467857.125,0.970569141445318
9566343.0,0.9833902295433391,460250.65625,0.9710476308742
