loss,r2,loss_test,r2_test
27319976.0,0.9479927187495991,1144479.5,0.9280057706057963
25706976.0,0.9521971335086294,1104759.75,0.9305043633173701
11410275.0,0.9762993446083251,563716.375,0.9645390525832176
10551668.0,0.9796933424393806,535244.8125,0.9663300724390883
7224121.0,0.9880251845720844,446623.1875,0.971904877098595
