loss,r2,loss_test,r2_test
35313032.0,0.9660524359654284,1209909.5,0.923889854299527
40750724.0,0.9333395309928866,1434793.375,0.9097433863634459
21947942.0,0.9588145541032589,831791.75,0.9476755955886723
11182855.0,0.9782101905009865,513225.125,0.9677152349500178
