loss,r2,loss_test,r2_test
13817777.0,0.9771890971821283,601750.1875,0.9621465079932352
7291411.5,0.9860440277103589,420451.65625,0.9735512131007391
