loss,r2,loss_test,r2_test
85151792.0,0.9064810079296005,1046445.25,0.9341726823354073
57087448.0,0.9738117603480301,688104.125,0.956714361210262
57893436.0,0.9260433698877255,769989.75,0.9515632934415423
24516188.0,0.9660856232359201,458268.375,0.9711723278442657
21495608.0,0.980218866871896,525598.0625,0.9669369086571704
17701904.0,0.9799788176595489,460716.65625,0.9710183190919843
17383584.0,0.9869536254627408,447228.0,0.9718668247927225
