loss,r2,loss_test,r2_test
30535740.0,0.9762625406131964,528252.125,0.9667699541469215
50159872.0,0.9351251512036882,800632.1875,0.9496357073111996
24453704.0,0.9723993169808561,488299.625,0.969283191022253
28817568.0,0.9678457937856402,626905.375,0.9605641087790797
15312344.0,0.9828016464915224,452644.9375,0.9715260741454319
