loss,r2,loss_test,r2_test
56101600.0,0.9563134275693104,736434.9375,0.9536740819218023
35375708.0,0.9513173922542197,516083.75,0.9675354168109672
39172672.0,0.9537223329345496,561683.9375,0.9646669092718689
75184152.0,0.9008307864437813,969869.0625,0.9389897542587047
26980090.0,0.9451441689574728,470853.65625,0.9703806392737901
24031578.0,0.9725944690921742,489871.8125,0.9691842951076496
19247096.0,0.9752704142886046,433024.34375,0.972760321034387
