loss,r2,loss_test,r2_test
491216352.0,0.9402292782120918,1435926.625,0.9096721050409817
446927744.0,0.944990614095547,1331921.125,0.9162146256052515
355839776.0,0.957692205266144,1194043.0,0.9248879508347767
332566976.0,0.9659447444430835,1179622.875,0.9257950510737438
264502912.0,0.9537870957607562,927314.6875,0.9416666594369347
150210304.0,0.9305756478924171,521457.625,0.9671973664416952
