loss,r2,loss_test,r2_test
366331232.0,0.9621242249713337,1260349.125,0.920716914168513
350084192.0,0.963964700460484,1227666.875,0.9227728087053275
