loss,r2,loss_test,r2_test
123315816.0,0.9514241944088414,1105679.5,0.9304465072399362
113148544.0,0.9438641359542382,1000814.375,0.9370431185243779
93178216.0,0.9538247039708492,824039.6875,0.9481632420197114
99523840.0,0.9358122193499351,877241.6875,0.9448165391779996
73043848.0,0.9488001735935244,647582.0625,0.959263427108844
95531664.0,0.8980502489397321,860884.3125,0.9458455085447842
