loss,r2,loss_test,r2_test
192594800.0,0.9338361283401956,1439915.375,0.9094211787320483
173479504.0,0.945766519545871,1226697.75,0.9228337694106397
132196520.0,0.9556658430530388,1114768.75,0.9298747435221999
94963256.0,0.9798130953197651,859175.5625,0.9459529958599074
71423744.0,0.9868348104646387,615124.125,0.9613052175374084
69624032.0,0.9806358038506007,596722.9375,0.9624627500952219
