loss,r2,loss_test,r2_test
132884232.0,0.9266460826362041,1232135.875,0.9224916870962094
126051880.0,0.9334008662633563,1162868.0,0.926849019883448
102020704.0,0.9368261278194552,948777.375,0.9403165335412782
103369080.0,0.9678602339015171,934712.125,0.9412013208869014
78552432.0,0.9858669026594636,735562.3125,0.953728968294934
68975152.0,0.9704088007914914,636993.375,0.9599295131632462
