loss,r2,loss_test,r2_test
4847198.5,0.9297557507723895,1454234.25,0.9085204402707244
3741652.75,0.9943280242061031,1216636.0,0.9234667135755317
3664172.25,0.9920855221211146,1197081.125,0.9246968258336947
3159956.25,0.9862857945050645,1156488.5,0.9272503364019059
2932044.5,0.980583628721125,1082728.5,0.9318902563911103
2998141.75,0.9750073682227816,1114822.625,0.9298713439917698
2463387.25,0.951567439188259,994670.375,0.9374296090522857
2256409.25,0.9697231723841709,905654.75,0.943029195676197
1913596.0,0.9516181726983846,790850.75,0.9502510134630366
