loss,r2,loss_test,r2_test
96843872.0,0.9630916438136914,1136300.75,0.9285202583833845
104750928.0,0.9470934903684192,1206323.25,0.9241154501525757
79356824.0,0.9759457477604025,916785.9375,0.9423289831733097
69774816.0,0.98536842944426,811864.0,0.9489291635335785
62746744.0,0.9973594826517578,712757.125,0.9551635432548365
46818404.0,0.9929415892883781,560085.125,0.964767477554567
