loss,r2,loss_test,r2_test
3902359.0,0.9056652019252927,1253095.75,0.9211731843333516
3990114.75,0.9138840472492412,1262780.375,0.9205639774438596
3492099.5,0.9079651351931542,1212380.75,0.9237343933580608
3337496.25,0.9284285724108006,1166748.375,0.9266049294968617
2827351.0,0.9691867821446081,917698.3125,0.942271582999344
