loss,r2,loss_test,r2_test
3975928.5,0.9302362217375897,1246913.0,0.9215621220124192
2755913.5,0.9444161939667498,1106145.125,0.9304172124378306
2495370.5,0.937272555415945,1017655.5,0.9359837178635737
2231746.5,0.9554561003269717,981717.875,0.938244401814218
3022444.5,0.9129408792017237,932186.9375,0.9413601671962105
2021377.125,0.9526489963372011,731843.1875,0.953962925796755
1716790.0,0.9684673683971258,656855.5,0.9586800745265881
