loss,r2,loss_test,r2_test
144402528.0,0.9587174326940819,1255779.125,0.9210043860137964
186877008.0,0.9540356438577716,1630046.25,0.8974608755701587
182746448.0,0.9361015164252153,1634271.375,0.897195082236649
141578928.0,0.9603732015710276,1234500.375,0.92234294403575
