loss,r2,loss_test,r2_test
124720480.0,0.9848357499688167,1277891.25,0.9196134174513572
127993520.0,0.9728670337033192,1315511.375,0.9172469054506273
115079920.0,0.982198037818099,1207963.25,0.9240122795006926
