loss,r2,loss_test,r2_test
248919296.0,0.8965959485630377,1831426.875,0.8847928873471479
189807520.0,0.8640105554388897,1473408.75,0.9073142535133307
183165280.0,0.9261185860711884,1271771.125,0.9199983947493985
170460704.0,0.8953048767539618,1262338.625,0.9205917586163822
