loss,r2,loss_test,r2_test
293112928.0,0.5064511025110106,2198221.25,0.8617194506877373
234965568.0,0.7419952568509058,1489477.625,0.9063034283135188
247487504.0,0.9024844320728392,1738600.5,0.8906321893974212
214085328.0,0.8725350407228718,1375817.625,0.913453294087185
223049248.0,0.8920630473188581,1580874.375,0.9005540674824116
375868288.0,0.7649700736396923,2966580.0,0.8133853528218766
198335264.0,0.8271180239857706,1346976.75,0.9152675578486976
