loss,r2,loss_test,r2_test
199540992.0,0.9065141826878235,1784202.875,0.8877635512473064
158983808.0,0.912335132893776,1389935.125,0.91256521999437
