loss,r2,loss_test,r2_test
215017504.0,0.7839932052572676,2110193.25,0.8672569165969738
108105144.0,0.8922109316098867,1234505.125,0.9223426593705845
114512064.0,0.9101976337838984,1250092.375,0.9213621232001292
