loss,r2,loss_test,r2_test
148717488.0,0.8259066707025523,1252001.875,0.9212419911065947
158526000.0,0.8611262131589683,1345157.875,0.9153819690492614
187907488.0,0.8729768154139197,1622770.0,0.8979185868427566
160083696.0,0.7795337794212674,1368918.125,0.9138873138840771
139408320.0,0.8384073602026547,1190172.625,0.925131410317111
