loss,r2,loss_test,r2_test
134042344.0,0.9783846824672975,1362540.375,0.9142884975545369
