loss,r2,loss_test,r2_test
148732704.0,0.9582174295668502,1307486.75,0.9177516966223513
192769760.0,0.9710904082530332,1805627.375,0.8864158367051951
141544608.0,0.962406993255332,1224276.5,0.9229860875457659
194908240.0,0.9003220054596521,1540925.125,0.9030670941458357
