loss,r2,loss_test,r2_test
127500480.0,0.9007433322079909,1220900.5,0.9231984508330303
126797344.0,0.9082225827994913,1218235.125,0.9233661176996745
126214544.0,0.9072191061397232,1220955.0,0.9231950211704472
123227600.0,0.8818318552560377,1193185.125,0.9249419097097668
