loss,r2,loss_test,r2_test
126033960.0,0.9013603197596571,1272562.75,0.9199485975568066
165287744.0,0.9373979051415181,1600574.5,0.8993148182153706
113963264.0,0.8994157767881434,1173314.875,0.9261918620478925
