loss,r2,loss_test,r2_test
254676320.0,0.8062765639551314,1954491.75,0.8770514238749727
154747808.0,0.9152330809876165,1266650.75,0.9203205025296843
146774128.0,0.9314647817618549,1185322.375,0.9254365232153117
