loss,r2,loss_test,r2_test
48338528.0,0.4507570716568762,7848890.0,0.5062604477923176
6516131.0,0.9702872529706095,1624067.625,0.8978369651314834
7198833.0,0.9584415542343897,1470227.875,0.9075143499799867
6535353.5,0.9832757485149135,1443349.625,0.9092051434661763
