loss,r2,loss_test,r2_test
181051888.0,0.8876905603025765,1630290.0,0.897445538798739
152665472.0,0.9271540190492495,1370528.375,0.9137860187473429
140046896.0,0.9360218507601117,1246774.5,0.9215708380385327
145667872.0,0.9373005803547912,1307750.75,0.9177350818737581
