loss,r2,loss_test,r2_test
22332656.0,0.9272338045321662,1370398.75,0.9137941629155071
19996098.0,0.9393554321524378,1254505.75,0.9210844965104945
19499662.0,0.9440104765819483,1236852.875,0.9221949655701105
18966962.0,0.9430357432332005,1251235.25,0.9212902296089369
