loss,r2,loss_test,r2_test
14036204.0,0.916348634088614,1318487.75,0.9170596690610594
12536445.0,0.9233983631434317,1211938.5,0.923762209948318
13387419.0,0.9162962118807808,1282516.25,0.9193224756767291
12059456.0,0.9245926127848383,1185161.125,0.9254466526602052
12019529.0,0.9243817193561334,1182126.25,0.9256375717457803
