loss,r2,loss_test,r2_test
14822302.0,0.9138124755942287,1417582.375,0.9108260468152952
13926010.0,0.9404358546106303,1262874.625,0.9205580468775877
17077492.0,0.9431858393823165,1437059.375,0.9096008455951357
13469712.0,0.9358991719361778,1250401.875,0.9213426567787354
