loss,r2,loss_test,r2_test
21984802.0,0.8958375332047506,1363126.0,0.9142516670171956
21210564.0,0.8966371836135453,1281411.125,0.919391993730353
21195048.0,0.9014697948307222,1252929.5,0.9211836426854761
21390448.0,0.9046148820433542,1250984.625,0.9213059910180765
20381772.0,0.9003539483911437,1210527.125,0.9238509964054938
20280132.0,0.9067207178326367,1197991.875,0.9246395307994665
22537470.0,0.8810139186656455,1463108.875,0.9079621838528147
