loss,r2,loss_test,r2_test
134182168.0,0.1838501681888396,12122047.0,0.23745462886932556
17800778.0,0.7955081012051943,1293508.0,0.9186310286064602
17366842.0,0.8496013256736914,1260743.375,0.9206921097127236
17560230.0,0.8627306718983233,1285662.625,0.9191245580363675
16852282.0,0.8131930506606934,1231069.125,0.9225587921726119
16597288.0,0.859093217561024,1212287.125,0.9237402888376013
16281774.0,0.844104255134991,1183109.375,0.9255757337810694
