loss,r2,loss_test,r2_test
135322208.0,0.9788118306006164,1367306.75,0.9139886760686704
246328592.0,0.9101912507116112,2317752.5,0.8542002604668774
