loss,r2,loss_test,r2_test
193599712.0,0.9736042658756212,1812817.375,0.8859635408336316
