loss,r2,loss_test,r2_test
29336576.0,0.9742035996275343,1238740.25,0.9220762330030438
31007432.0,0.9688347521801187,1302566.125,0.9180612266410257
25175792.0,0.9649798922632484,1120514.875,0.9295132800556791
21577380.0,0.9780817762221856,957214.875,0.9397857756873411
