loss,r2,loss_test,r2_test
30239894.0,0.9612636285452986,1288147.625,0.918968230669696
24795438.0,0.9623017527584826,1102739.75,0.9306314277446766
