loss,r2,loss_test,r2_test
29373558.0,0.9501732811472369,1300457.625,0.9181938617322413
