loss,r2,loss_test,r2_test
22275594.0,0.9117359685323533,1190029.0,0.9251404531516564
20094596.0,0.9143509324742216,1055439.0,0.9336069235794724
