loss,r2,loss_test,r2_test
29360328.0,0.9635075460104645,1251966.875,0.9212442025074588
27012234.0,0.9458750289523619,1202200.25,0.9243748078383733
