loss,r2,loss_test,r2_test
29444716.0,0.9760558457608951,1264246.875,0.920471724228
26106896.0,0.9759034784364831,1169420.0,0.9264368684681459
