loss,r2,loss_test,r2_test
33317340.0,0.9566899488918745,1458265.75,0.9082668397340805
25708414.0,0.9460564703225045,1195775.5,0.924778958420413
25735266.0,0.9668437982383165,1195955.25,0.9247676443270411
23258040.0,0.9360303404137719,1075448.75,0.9323481924127589
