loss,r2,loss_test,r2_test
31930434.0,0.9224802029244578,1471512.625,0.9074335294232634
21725230.0,0.9408079703201653,1083957.0,0.9318129739628453
21556634.0,0.9296819540911175,1091716.0,0.9313248860413137
