loss,r2,loss_test,r2_test
11090416.0,0.9857583674528584,1332095.5,0.9162036611647725
10130254.0,0.9825797554969415,1219160.625,0.9233079004235932
10684218.0,0.982730810543797,1304677.375,0.9179284197466598
9823129.0,0.9858182321695046,1287211.5,0.9190271282796139
