loss,r2,loss_test,r2_test
284733184.0,0.95448519775917,1428485.625,0.9101401748854177
232659536.0,0.9559066361351487,1193665.125,0.9249117204282049
