loss,r2,loss_test,r2_test
520114400.0,0.9222002924582403,1614716.25,0.8984252161956507
415832768.0,0.9391634489472702,1381449.25,0.9130990403108996
368345984.0,0.9377969118307541,1327246.125,0.9165087138412252
