loss,r2,loss_test,r2_test
12156089.0,0.9469548085916644,1524389.875,0.9041072489566915
9429231.0,0.9396786882698266,1249833.625,0.9213784027299299
7144074.0,0.9326210779188971,1183509.5,0.9255505657843546
