loss,r2,loss_test,r2_test
267585648.0,0.9309361771255757,1253833.75,0.9211267688936718
