loss,r2,loss_test,r2_test
302672160.0,0.898335908486804,1221794.625,0.9231422146898155
375484960.0,0.9406482888268153,1538012.75,0.903250299392041
269282848.0,0.8595813566524153,1128512.875,0.9290101674119475
