loss,r2,loss_test,r2_test
81156672.0,0.9312010890640294,1185743.25,0.925410036362507
69814520.0,0.9408742123770695,1013032.3125,0.936274541732276
