loss,r2,loss_test,r2_test
183310512.0,0.9707083414777035,1295166.75,0.9185266908462615
155260144.0,0.9801952351971438,1143777.0,0.9280499562115216
