loss,r2,loss_test,r2_test
7888235.5,0.9255317656303615,996098.875,0.9373397482210956
