loss,r2,loss_test,r2_test
59214408.0,0.8097824558184429,1225057.25,0.922936972321271
59171792.0,0.8297330772807003,1286464.625,0.9190741022111639
58566200.0,0.8312292294869903,1284827.25,0.9191771002761059
55675112.0,0.831817254079531,1214875.75,0.9235774506396245
