loss,r2,loss_test,r2_test
59914456.0,0.9362731995813132,1221700.25,0.9231481510197304
57346388.0,0.9321956105243292,1211533.125,0.9237877113135711
53972436.0,0.9361624837674625,1153662.0,0.9274281265280426
57026432.0,0.9232088359703285,1246995.0,0.9215569589773356
