loss,r2,loss_test,r2_test
68715936.0,0.9330610008451409,1279340.125,0.9195222722976877
73765536.0,0.9066939689258018,1310346.625,0.9175717891275048
67206008.0,0.9243454744884756,1204543.75,0.9242273861267517
62138092.0,0.946628897451769,1201691.375,0.9244068153343196
