loss,r2,loss_test,r2_test
3569500.75,0.8776771193070949,1386017.375,0.9128116669234835
3397611.25,0.8882681922274512,1283620.125,0.9192530484081929
3863601.0,0.8361407292799249,1477975.25,0.9070269958202385
3670318.5,0.8590715817006798,1433765.125,0.9098080563391461
