loss,r2,loss_test,r2_test
2748133.0,0.9726554198253736,1337591.125,0.9158579549916579
2389451.5,0.9761916439859528,1335945.5,0.9159614737342999
2230037.75,0.9854123391618215,1439010.25,0.9094781235076322
2077494.875,0.9868591754173849,1431972.25,0.9099208490482771
