loss,r2,loss_test,r2_test
2891533.75,0.9469303386485849,1353359.375,0.9148660403501436
2668731.75,0.9451318468254971,1238613.0,0.9220842400232795
2500143.25,0.9529145788052544,1380351.5,0.9131680856222094
3521757.25,0.9125296636262586,1434034.75,0.9097911071556786
