loss,r2,loss_test,r2_test
213139984.0,0.9719490422270426,428297.34375,0.9730576746399494
