loss,r2,loss_test,r2_test
160897648.0,0.9406497117329312,1440728.0,0.9093700574701207
149378976.0,0.9475550855134752,1289264.75,0.9188979514062687
147860064.0,0.937262463205551,1302094.0,0.9180909198289579
169464112.0,0.9533577537877875,1546703.625,0.9027036016441673
137726384.0,0.9353556075549834,1280703.75,0.9194364891741614
