loss,r2,loss_test,r2_test
114427296.0,0.9664013387088803,1227907.375,0.9227576811622764
133412520.0,0.923683125202444,1328114.0,0.9164541181668664
