loss,r2,loss_test,r2_test
139547856.0,-1.564707804705331,30770522.0,-0.9356397727109598
6285214.0,0.8836955360491778,1382867.0,0.9130098518209139
6073191.0,0.8846813519378225,1296531.5,0.918440844010083
