loss,r2,loss_test,r2_test
6393317.0,0.8068708835433458,1323021.875,0.91677444803355
