loss,r2,loss_test,r2_test
4327876.0,0.9798078485623914,1542119.0,0.902991986645248
3898609.0,0.9749778140879245,1305171.75,0.9178973107876555
