loss,r2,loss_test,r2_test
144139824.0,0.9721860320217547,1657304.875,0.8957461515047115
113197528.0,0.9436564079491885,1304407.375,0.9179453953993344
112109400.0,0.9539328661370446,1302056.875,0.9180932668015868
