loss,r2,loss_test,r2_test
1162197120.0,-2.075898665687336,13691585.0,0.13872181721519083
166859936.0,0.9293429093340956,2051871.0,0.8709257041449672
129625360.0,0.9232629873423985,1488844.75,0.9063432457161132
114965928.0,0.946217557848968,1378305.375,0.913296791802721
