loss,r2,loss_test,r2_test
67900504.0,0.03472213861418372,13361488.0,0.1594869272930005
6653310.0,0.9607290918148681,1180642.375,0.9257309175429612
7066619.0,0.9199138803332889,1351554.0,0.9149796113319865
