loss,r2,loss_test,r2_test
5296840.5,0.9024367576856718,1291395.125,0.9187639441435133
5514544.0,0.8931903913139676,1359120.0,0.9145036570807974
5066913.0,0.9206717375770639,1243679.875,0.9217655002273165
