loss,r2,loss_test,r2_test
88903944.0,0.9199047150641871,1271093.5,0.9200410332903897
83853576.0,0.9326390220334096,1197560.25,0.9246666828298752
80018704.0,0.9385043171938988,1149953.375,0.9276614287769858
62894172.0,0.945395525648839,906092.0,0.9430016872637105
37692116.0,0.9634625101221109,563178.4375,0.9645728882080177
29972854.0,0.970583221154287,447727.0625,0.9718354356920087
27155992.0,0.9773195361932898,413664.4375,0.9739781657838739
27553462.0,0.9704990568738003,433714.6875,0.9727168925651325
