loss,r2,loss_test,r2_test
100556568.0,0.033629024444283284,15389785.0,0.031895524254359264
7086214.0,0.93280295033055,1258243.0,0.9208494078256035
6866206.5,0.9363249072386448,1326113.5,0.9165799678975809
5490973.0,0.9460131959414049,1118097.375,0.9296653446789408
5292878.0,0.945843306101552,1078494.625,0.9321565927783919
