loss,r2,loss_test,r2_test
18939326.0,0.9689843104906193,1262835.625,0.9205604984899466
17711118.0,0.975580796503621,1238160.625,0.9221126905820392
16083874.0,0.975824635469658,1132751.5,0.9287435244272193
15872685.0,0.9677123317705904,1063613.875,0.9330926725695242
16135088.0,0.9641488646456639,1059297.375,0.9333642064948215
13421871.0,0.9770432395218172,963186.6875,0.9394101211740876
13402140.0,0.975235018507354,985955.6875,0.9379778123726921
12667139.0,0.973528741450208,865897.375,0.9455301593188287
