loss,r2,loss_test,r2_test
46037524.0,0.9034870968015601,1874975.5,0.8820534477541031
41292376.0,0.9034490631335748,1724763.0,0.8915026521921523
28619226.0,0.9167072963646078,1350676.5,0.9150348141105125
22968938.0,0.9241085216068402,1218449.375,0.9233526412081083
15503845.0,0.9441257021809338,988807.0,0.9377984515086482
13422610.0,0.9480114565832268,877161.0625,0.9448216041690655
12949733.0,0.9533194914796081,852151.125,0.9463948762363207
11889447.0,0.9500166918367138,830348.1875,0.9477664032406979
