loss,r2,loss_test,r2_test
17482918.0,0.9458217714372387,1443254.5,0.9092111335269684
14846812.0,0.9594492778528105,1183561.75,0.9255472741446489
14056459.0,0.9610324433443063,1144930.125,0.9279774220237403
13306988.0,0.9654039951108182,1077867.875,0.9321960210802509
14277406.0,0.9634132945376663,1106474.75,0.930396494427152
12759459.0,0.9671899736074488,1023770.5,0.9355990534124516
10844558.0,0.9712182819710895,845649.5625,0.9468038663992098
