loss,r2,loss_test,r2_test
48459576.0,0.9701992520695263,402186.25,0.9747002105887489
