loss,r2,loss_test,r2_test
31045704.0,0.9529374782484505,1324202.125,0.9167001969929216
