loss,r2,loss_test,r2_test
273229504.0,0.06779158486767556,12540471.0,0.21113341413751707
