loss,r2,loss_test,r2_test
33108870.0,0.7761047793905886,1254213.125,0.9211029004991806
34163376.0,0.769746922445551,1321752.25,0.9168543240886715
31351866.0,0.801945946391347,1173346.375,0.9261898744968365
30021074.0,0.811450318378788,1106175.75,0.9304152935736831
28185294.0,0.852279572945044,1011702.875,0.9363581727591623
