loss,r2,loss_test,r2_test
32509212.0,0.9245252677198552,1194956.375,0.92483048809211
31886168.0,0.9261791496466911,1227077.75,0.9228098766125997
27597428.0,0.9395164233614982,1072961.375,0.9325046596338366
25768940.0,0.9416286460486752,988805.4375,0.9377985488870959
