loss,r2,loss_test,r2_test
1720553.5,0.9368356886492623,1293772.75,0.918614384116547
1660177.125,0.9415489844455552,1246353.75,0.921597298687901
1522836.875,0.9483298442067332,1282591.375,0.919317751261429
1245039.375,0.9600826598756749,1162890.5,0.9268476070331826
