loss,r2,loss_test,r2_test
37305496.0,0.942952239935622,1407182.75,0.9114802414827972
33087824.0,0.9573804296158822,1167831.625,0.9265367871678225
31123886.0,0.9621042782427809,1097182.75,0.9309810039279228
28965068.0,0.9633653862813475,1027127.4375,0.9353878757966655
