loss,r2,loss_test,r2_test
4237996.0,0.8425327332301553,1280419.125,0.9194543967665211
4251259.0,0.8400140572887319,1265044.875,0.9204215135733933
3543406.75,0.8695849038015251,1224789.25,0.9229538374530833
2979450.0,0.8916392071462602,1205992.0,0.9241362829022474
