loss,r2,loss_test,r2_test
39983508.0,0.9083596128124277,1609791.625,0.8987349978252094
27297232.0,0.9514267917616455,1143851.625,0.9280452653018754
25361560.0,0.9544542162369477,1059973.5,0.9333216806176359
24065296.0,0.9551027765599096,996484.875,0.9373154606510731
