loss,r2,loss_test,r2_test
2276581.75,0.9735932811498073,1292995.5,0.9186632735501992
1986565.0,0.982862773653131,1308961.875,0.9176589002968977
