loss,r2,loss_test,r2_test
57175584.0,0.9395951321716562,1235657.0,0.9222701931631772
51441624.0,0.9619145656687613,1112769.875,0.9300004813796278
