loss,r2,loss_test,r2_test
58929256.0,0.9246740048836306,1207946.625,0.9240133303027664
59877376.0,0.9134649826472276,1243629.25,0.9217686943693422
54496440.0,0.9249655880313183,1155982.875,0.9272821404295878
52950336.0,0.920163838067761,1118656.75,0.9296301752847188
