loss,r2,loss_test,r2_test
3460699.75,0.8778840014571271,1345865.0,0.915337481810339
3167864.5,0.897510970735683,1259109.375,0.9207948953733043
