loss,r2,loss_test,r2_test
227494768.0,0.9552508587035968,1207354.375,0.9240505864589732
236548624.0,0.9473842815169159,1227489.75,0.9227839587578495
254495680.0,0.9806160822510616,1469277.25,0.907574146165955
249436624.0,0.9297172506536552,1269342.125,0.9201511979505392
218321824.0,0.9433618246723663,1148949.125,0.9277246031464248
263739392.0,0.920287385326252,1352854.75,0.9148977972872294
