loss,r2,loss_test,r2_test
11762131.0,0.9753790018750166,2357385.75,0.8517071166853422
8044834.5,0.9505016284507996,1327075.375,0.9165194599488998
7760191.0,0.9760538588361308,1420070.375,0.9106695476561569
8052024.0,0.9479555433062474,1222632.125,0.9230895253911551
7723013.0,0.954960828634936,1206195.375,0.9241234916485929
7395064.0,0.9643699348328526,1208418.0,0.9239836778852548
7286714.0,0.9739075618697675,1247122.5,0.9215489446036995
7128435.5,0.9750087515560961,1240112.125,0.9219899344377662
7088552.0,0.956521376622055,1128425.125,0.9290156743515812
