loss,r2,loss_test,r2_test
260633024.0,0.9278513762148763,1472806.5,0.9073521447897036
205488032.0,0.9542893612357298,1212845.75,0.9237051492562165
199314912.0,0.9646154304611373,1187746.25,0.9252840433118011
213558000.0,0.9590570700289647,1203788.125,0.9242749193471076
190582624.0,0.9691978063699633,1132709.0,0.9287461996153751
186330496.0,0.9695590939126946,1087336.875,0.9316003635599555
187638544.0,0.9690691308843198,1084721.375,0.9317648959094005
