loss,r2,loss_test,r2_test
260983024.0,0.838577493890508,1317753.0,0.9171058836438268
284864352.0,0.8267048378111264,1550880.5,0.9024408552636226
243825760.0,0.8722785001318902,1266921.375,0.9203034852923775
291332000.0,0.8522671965586075,1444805.875,0.9091135423364445
292092512.0,0.8581164419365116,1442783.25,0.9092407726831072
218774240.0,0.8831509338301844,1134260.75,0.9286485925708609
210032656.0,0.8961917399079862,1080015.625,0.9320609114112482
