loss,r2,loss_test,r2_test
14630962.0,0.7887878594744546,2422838.0,0.8475897887524769
7653703.5,0.9241793345042242,1246284.75,0.9216016374099902
7237754.0,0.923030891289393,1253001.125,0.9211791458637378
7051626.5,0.9212814353479637,1240313.125,0.9219772916152417
6935625.0,0.9217498812578135,1240185.125,0.9219853398329312
6674129.0,0.9238949490222507,1194889.125,0.9248347119796579
8083057.0,0.9166396228286002,1475445.375,0.9071861514910462
