loss,r2,loss_test,r2_test
20235526.0,0.9061153646251913,2286303.75,0.8561785609403842
12378415.0,0.9534029528229946,1334613.375,0.916045263545826
12208427.0,0.9478330950024723,1381610.875,0.9130888630891728
11167463.0,0.9608827525257432,1205727.125,0.9241529458417077
11385692.0,0.9640150311892127,1181781.375,0.925659277098205
10844211.0,0.9638998376631289,1185925.25,0.9253985988315513
10516498.0,0.965741934613953,1161095.875,0.9269605010735005
9985530.0,0.9612172415840717,1229937.375,0.9226299824589945
