loss,r2,loss_test,r2_test
11350194.0,0.9750076209566564,1585906.75,0.900237503061108
9090744.0,0.9771378451750955,1295440.0,0.9185095025124563
8805594.0,0.9794567916040888,1284543.25,0.9191949688510774
8743947.0,0.9845824353976691,1393835.0,0.9123199015593415
8495376.0,0.978057192524025,1244820.25,0.9216937623117556
7501080.5,0.9845530856870542,1296531.0,0.9184408689111666
7215342.5,0.9878852530826068,1346273.0,0.9153118173591208
