loss,r2,loss_test,r2_test
7841747.5,0.3351667726592754,1267059.0,0.920294822382139
7311531.0,0.47915125910242085,1277246.5,0.9196539824020047
6712390.5,0.30459815691193004,1210631.75,0.9238444194851607
7115233.0,0.3950748336115678,1232456.5,0.9224715186200428
6443093.0,0.2830427994746525,1201931.875,0.924391696369078
