loss,r2,loss_test,r2_test
112959832.0,-0.9403750450579549,25397968.0,-0.5976757656648306
