loss,r2,loss_test,r2_test
52362160.0,0.14396361144055136,13224228.0,0.16812123499204634
