loss,r2,loss_test,r2_test
72593928.0,0.1547386487570226,12975958.0,0.18373888540655992
9203761.0,0.9232435539156753,1794177.5,0.8871360883754943
