loss,r2,loss_test,r2_test
131756208.0,-2.531299565567315,30766144.0,-0.9353643628410668
4980853.0,0.17307728025815516,1306790.375,0.9177954914700345
