loss,r2,loss_test,r2_test
434948064.0,0.7964436624304204,797447.1875,0.9498360654056184
254660800.0,0.9157591876621531,450334.75,0.9716713974072169
