loss,r2,loss_test,r2_test
42272456.0,0.917161701382139,1180017.375,0.9257702323664888
