loss,r2,loss_test,r2_test
54547316.0,0.9141151076504473,1396663.25,0.9121419945719754
49220680.0,0.9486998424986892,1198578.75,0.9246026112921875
