loss,r2,loss_test,r2_test
53629392.0,0.9346907053875806,1267493.75,0.9202674760552312
51984564.0,0.9155837351406025,1284568.25,0.9191934032549317
52799640.0,0.9671713946998814,1291952.375,0.9187288915412553
