loss,r2,loss_test,r2_test
65173892.0,0.7944219923963165,1282550.875,0.9193202952356853
60737856.0,0.8507277387886594,1181485.5,0.925677873862288
