loss,r2,loss_test,r2_test
62398636.0,0.9422484708961606,1190570.25,0.9251064081680541
63809772.0,0.9401367411498261,1198425.375,0.9246122653015637
