loss,r2,loss_test,r2_test
55778668.0,0.9475617007466557,1221546.0,0.9231578430924334
58529536.0,0.9521671668087832,1305044.375,0.9179053347728625
