loss,r2,loss_test,r2_test
59860576.0,0.7291503672030408,1242458.875,0.9218423069918503
54197636.0,0.7460164414348953,1142301.125,0.9281428027561871
