loss,r2,loss_test,r2_test
75711072.0,0.9513596961920381,1265600.0,0.920386594151609
73980064.0,0.949180961621246,1211722.625,0.9237757971586431
77451000.0,0.9364812591963965,1290975.875,0.918790316030194
