loss,r2,loss_test,r2_test
24174978.0,0.9708134234998943,1134539.25,0.9286310644854875
7858922.5,0.9810363533329547,443854.25,0.9720790584795891
