loss,r2,loss_test,r2_test
33108870.0,0.7761047793905886,1254213.125,0.9211029004991806
30201244.0,0.8136841542709902,1102666.375,0.930636054837383
28468924.0,0.8036644780959731,1073006.625,0.9325018170188613
10248467.0,0.9669743442690941,486573.28125,0.9693917921563838
10195143.0,0.9664967204970694,502917.65625,0.9683636347080554
