loss,r2,loss_test,r2_test
191404528.0,0.9066055211803652,1162606.375,0.9268654867415304
83465328.0,0.9788291134428172,550890.3125,0.9653458855823477
