loss,r2,loss_test,r2_test
193259056.0,0.9513322192327419,1035651.0625,0.934851691878867
144369008.0,0.9788211356237709,837755.75,0.9473004217834824
167241728.0,0.9823751939457219,1087723.0,0.9315760754686596
80745840.0,0.9955235332702494,509264.4375,0.9679643873075678
111922024.0,0.9920293594226647,724545.75,0.9544219732388529
