loss,r2,loss_test,r2_test
2114400.0,0.6410621330348674,608701.9375,0.9617092088382441
1492937.125,0.7898279188292069,617046.625,0.9611842811705881
1124608.375,0.843222152921536,552855.0,0.9652222953067675
