loss,r2,loss_test,r2_test
11362500.0,0.9547629582385451,1298897.25,0.9182920183120057
2451500.5,0.9849226981756004,538610.8125,0.9661183350279687
