loss,r2,loss_test,r2_test
56797280.0,0.970556893350168,447690.375,0.9718377437900134
54863696.0,0.9825901643679952,440945.25,0.9722620528203141
