loss,r2,loss_test,r2_test
3383425.5,0.961775651473277,547993.875,0.9655280876172676
2768680.0,0.9779702928319204,539218.3125,0.9660801185509658
