loss,r2,loss_test,r2_test
15618580.0,0.9400960441159281,1297586.5,0.9183744672901185
15586581.0,0.9395728619437205,1238496.25,0.9220915795438753
14829141.0,0.9395645225824598,1194610.875,0.9248522236927526
14569490.0,0.9345156235266908,1183449.875,0.9255543063955931
14593703.0,0.9318557208718029,1165483.75,0.9266844746815069
13803267.0,0.9287870680915837,1122898.125,0.9293633623392755
13394408.0,0.9239150675663466,1089950.0,0.9314359866666295
12905117.0,0.9199944702533419,1059427.625,0.9333560085707695
11939558.0,0.9180077349538672,1019746.8125,0.9358521632677149
