loss,r2,loss_test,r2_test
13253071.0,0.9187317716222739,1263851.25,0.9204966080959681
12498895.0,0.9250403205330422,1224344.875,0.9229817857093884
12643670.0,0.9201381651000715,1230765.625,0.9225778783781053
14975847.0,0.9033205869636571,1420350.125,0.9106519520360253
11911010.0,0.9262301436295963,1192909.375,0.92495926153097
12207746.0,0.9262196490152369,1211080.625,0.9238161727089059
11245798.0,0.9297947647116217,1122635.125,0.9293799037240895
10583821.0,0.9324361326938949,1053713.125,0.9337154910595648
9999155.0,0.9357227957903599,1001059.0,0.9370277247681832
