loss,r2,loss_test,r2_test
15556295.0,0.9508032692875814,1271314.75,0.9200271099861402
14868765.0,0.9543106606780474,1224408.0,0.9229778170682086
14894724.0,0.9503026989633839,1227164.125,0.9228044371683863
14016180.0,0.9639831568015531,1171174.625,0.9263264985125008
13752742.0,0.9607859680638826,1148901.75,0.9277275818167026
13418421.0,0.9710934432988431,1151470.875,0.9275659753368293
12634062.0,0.9689692628088902,1103085.625,0.9306096805951614
11267253.0,0.9672582294452007,1011385.5625,0.9363781330330364
10607500.0,0.9667476515099754,976969.375,0.9385430966533883
