loss,r2,loss_test,r2_test
17445270.0,0.9431955503780484,1419775.0,0.91068812034338
15905668.0,0.9620671245393422,1323151.375,0.9167662877232544
14519970.0,0.9642232645341859,1203053.5,0.9243211372848747
14288427.0,0.9642642838554172,1185282.75,0.9254390169308143
13934337.0,0.9673221556838636,1163229.625,0.9268262753928538
13443583.0,0.9665983047383083,1125661.5,0.9291895241730885
12686823.0,0.9683488543175716,1063082.375,0.9331261083532212
13136960.0,0.9636039198873431,1111622.625,0.9300726538557182
11408418.0,0.9600305854304723,984551.5,0.9380661463800004
