loss,r2,loss_test,r2_test
14803701.0,0.9099002855529175,1294133.75,0.9185916643045486
14204644.0,0.9581172933884794,1307207.625,0.9177692541150096
14098161.0,0.9208912521828033,1266874.75,0.9203064108629491
15173196.0,0.9064799996120644,1358742.5,0.9145274291186499
12570890.0,0.941129234120522,1163722.5,0.9267952645876012
11983914.0,0.9528571669926453,1117580.5,0.9296978647445939
13676409.0,0.9229555319680196,1239926.625,0.9220015959090203
10994649.0,0.9728158202335686,1062066.25,0.9331900303644615
10311787.0,0.961557241013972,990699.3125,0.9376794178256631
