loss,r2,loss_test,r2_test
23466888.0,0.7500984528826015,1636493.625,0.897055301978052
19233126.0,0.7408641163381421,1240684.625,0.9219539228198756
18803388.0,0.7253330841600971,1221121.0,0.923184582833765
18042540.0,0.7462107678950656,1237741.375,0.9221390671710867
17007716.0,0.7467780541575879,1185649.75,0.9254159197343212
16287146.0,0.7489025265524569,1129532.25,0.9289460328656755
15844010.0,0.7329515156694384,1062594.0,0.9331568258851228
15184386.0,0.7411149560250815,1018262.8125,0.935945512154607
14715072.0,0.7431429381136596,984237.875,0.9380858689243194
