loss,r2,loss_test,r2_test
211267296.0,0.9401606359026409,728520.5625,0.9541719383401264
164675232.0,0.938149740194835,588343.9375,0.9629898373389962
146827744.0,0.9587910137679025,513185.75,0.9677177171958012
