loss,r2,loss_test,r2_test
296891776.0,0.9343177364762534,1089519.75,0.9314630441086156
203338144.0,0.9716525222454869,794059.0,0.9500492012002714
114744544.0,0.9828599372009291,451681.15625,0.9715867007050607
110273776.0,0.9851000320195741,454662.875,0.9713991342190824
129667736.0,0.9765055373518384,519685.1875,0.9673088642860974
