loss,r2,loss_test,r2_test
192154896.0,0.9377700091305833,1383175.125,0.9129904650337806
135433408.0,0.9794671764044596,1154346.375,0.9273850847189378
122961736.0,0.9787384226873086,1110196.75,0.9301623522477916
110791664.0,0.9768713471658576,1059270.75,0.9333658810917762
62329344.0,0.9901352518302826,672462.125,0.9576983301493928
