loss,r2,loss_test,r2_test
137428816.0,0.9714890745535147,1293128.375,0.9186549103082374
91836480.0,0.9813050180486494,910064.5,0.9427517911192715
79278208.0,0.9912627711069104,824098.75,0.9481595292893892
78716144.0,0.9605013573494613,738397.9375,0.9535505974857212
55917364.0,0.9799583080085824,588328.3125,0.9629908201970988
