loss,r2,loss_test,r2_test
50716964.0,0.9685683608876492,577137.0,0.9636948171468228
