loss,r2,loss_test,r2_test
142490240.0,0.9067582706525255,1254574.625,0.9210801602681528
195598288.0,0.9000340762018579,1737781.875,0.890683681854719
107202800.0,0.9081776330956001,1022616.4375,0.9356716408945113
77025280.0,0.935615392771587,742377.0,0.9533002868457553
65635028.0,0.9503926135301358,623640.1875,0.9607695110795851
