loss,r2,loss_test,r2_test
140703600.0,0.9359259862168361,1310831.875,0.9175412720612784
130994120.0,0.9482285171630255,1204468.125,0.9242321473936859
107819552.0,0.9694988126099131,1037887.625,0.9347110017092847
62933976.0,0.9938418498606735,618454.0,0.9610957477173554
