loss,r2,loss_test,r2_test
150532544.0,0.9672928494313098,1376657.5,0.9134004568366486
139782992.0,0.9780087999878977,1226966.75,0.9228168625250006
94322776.0,0.9805172713115701,836651.375,0.9473698987356054
77518632.0,0.9900507114608985,702664.1875,0.9557984456656109
56241140.0,0.9864345688064432,520791.46875,0.9672392708865241
