loss,r2,loss_test,r2_test
51779124.0,0.9739690541876496,543890.75,0.965786197826082
72063712.0,0.9638665895396993,798529.5625,0.9497679701859714
