loss,r2,loss_test,r2_test
49557824.0,0.5807300194888005,8625165.0,0.45742836028683687
11039307.0,0.9252404687090005,1230936.125,0.922567156176853
10949764.0,0.9368928463253194,1199533.75,0.9245425343723576
10617493.0,0.9291842714529109,1180576.625,0.9257350531215245
10423197.0,0.9318777494168936,1158336.75,0.9271340651987915
10478101.0,0.919164630946508,1143457.875,0.9280700337239984
