loss,r2,loss_test,r2_test
154080016.0,0.9650100589757146,1456636.125,0.9083693584806414
132941552.0,0.9695623967950768,1212283.25,0.9237405230424541
151063888.0,0.9460499299267345,1288004.125,0.9189772576672444
141228320.0,0.9538997121033769,1213518.125,0.9236628531151397
131375024.0,0.9725325569536016,1217283.5,0.9234259854462165
123987816.0,0.9707568407826419,1091594.875,0.9313325099341793
121897000.0,0.9715573106762758,1085241.75,0.9317321535873972
