loss,r2,loss_test,r2_test
5288125.5,0.9943300810314919,1526224.75,0.9039918345193265
3858475.75,0.9751397996977349,1138190.75,0.928401359766392
3894964.0,0.972865830411887,1117016.75,0.9297333286475454
3720311.0,0.9762916617426038,1131352.5,0.9288315268715274
