loss,r2,loss_test,r2_test
151097344.0,0.9492213950806078,1500677.875,0.905598877599624
171210944.0,0.9417516549302807,1702017.625,0.8929334625039987
111660112.0,0.9506845561638129,1147366.5,0.9278241613987014
120230192.0,0.9310345495073116,1227268.625,0.9227978625090449
