loss,r2,loss_test,r2_test
200095968.0,-1.4888214501630204,30336784.0,-0.908355201789919
51569448.0,0.3119386945888367,8315850.5,0.47688601770460337
10352380.0,0.8639166532947387,2088914.875,0.8685954423889212
6108567.0,0.9433205165774412,1364854.5,0.9141429371646521
6129143.5,0.958391185796361,1300620.125,0.9181836442704076
5597961.5,0.9572335131284482,1251409.0,0.9212792985151987
7670223.0,0.9182776636693029,1698018.5,0.8931850397725871
6594309.0,0.9342838512413463,1513823.0,0.9047719719365641
4969435.0,0.962815832236168,1193256.875,0.924937393668414
