loss,r2,loss_test,r2_test
32598768.0,0.9245783894570889,1299173.75,0.9182746272097128
31868496.0,0.9146493285874554,1269148.125,0.9201634124142398
32672062.0,0.9241026391704541,1310271.125,0.9175765385388976
29664988.0,0.9242084146364868,1179055.625,0.9258307334455769
