loss,r2,loss_test,r2_test
253591264.0,0.18051152375613222,12225671.0,0.23093619724437964
26570762.0,0.9269526802775324,1367225.125,0.9139938131943275
23218036.0,0.9577522267555566,1240967.75,0.9219361133843156
22765696.0,0.9604251158961634,1237693.375,0.9221420928080305
20897464.0,0.9703711521818364,1164783.0,0.9267285608398645
