loss,r2,loss_test,r2_test
16129832.0,0.34365302584488766,11806771.0,0.25728737079152897
2162860.25,0.8991370281019986,1285961.25,0.9191057654437875
2155680.25,0.8957658057285051,1231545.625,0.9225288083882097
