loss,r2,loss_test,r2_test
39665904.0,-0.5394855706079926,18747358.0,-0.17931483022726424
3660696.0,0.7973414353418263,1506557.125,0.9052290337274883
3204912.5,0.8409751048236813,1349837.625,0.9150875841279359
2400482.25,0.8779477132745495,1264524.125,0.9204542816060247
2370217.0,0.8819997352273927,1206831.375,0.9240834824463536
