loss,r2,loss_test,r2_test
40648160.0,-0.24612266312580533,18885718.0,-0.18801844896488817
2653202.5,0.9303702414976699,1267914.125,0.920241037440607
2063304.75,0.9532582559000122,1165934.625,0.9266561169989592
