loss,r2,loss_test,r2_test
32814972.0,0.7785208405536943,1234302.875,0.9223553685683202
