loss,r2,loss_test,r2_test
53635132.0,0.8967028084036789,1230884.75,0.9225703918611241
