loss,r2,loss_test,r2_test
95599112.0,0.8621360692211496,1503873.5,0.9053978457074058
