loss,r2,loss_test,r2_test
54200808.0,0.9694083775349641,1132299.625,0.9287719497782402
