loss,r2,loss_test,r2_test
7696451.0,0.9229342067351837,1315755.375,0.917231545921518
7410408.0,0.9349489020156474,1335202.25,0.9160082280243409
