loss,r2,loss_test,r2_test
390000608.0,0.05719168551411824,15235489.0,0.04160164181662629
45537216.0,0.8159483994691414,1691336.125,0.8936053989767996
35185808.0,0.8713270896967894,1319054.875,0.9170239871063853
34961704.0,0.8917113832857039,1298845.625,0.9182952657172774
39550928.0,0.8542916886040581,1556804.0,0.9020682301715218
