loss,r2,loss_test,r2_test
372349952.0,0.08523276734271157,14529996.0,0.08598114837470949
38086104.0,0.9183590723724723,1350095.375,0.9150713702983867
35077840.0,0.9252154007384249,1236958.25,0.9221883338109665
35017452.0,0.9254045287725849,1234081.375,0.9223693017715195
38398332.0,0.9169495879624181,1356682.25,0.9146570188255191
