loss,r2,loss_test,r2_test
5599712.5,0.7339273250177005,3027728.5,0.8095387531052718
2091669.5,0.8998201304692203,1650680.625,0.8961628618812253
2257870.25,0.8979811306577568,1847613.25,0.8837746860960837
1460207.0,0.9327397406650048,1251479.625,0.9212748585502241
1471252.5,0.93517810777225,1324786.25,0.9166634556710676
