loss,r2,loss_test,r2_test
29145640.0,0.022749447899152786,15249024.0,0.04075023836156355
23602534.0,0.20786780735379085,12481947.0,0.2148150108344441
4798106.0,0.8918346170094578,3279169.25,0.7937217138860218
2347444.25,0.9281487141211148,1718850.5,0.8918745863529707
2032619.25,0.9494354615883656,1463371.875,0.9079456270138933
2177687.25,0.9299158377443255,1544750.75,0.9028264427891989
1756254.5,0.9520834642317628,1245278.75,0.9216649258973778
