loss,r2,loss_test,r2_test
64339000.0,-0.8545292740692971,31126250.0,-0.9580169780703234
6982681.0,0.7844985761218051,3041788.0,0.8086543197632763
3712994.5,0.8882044347973899,1894306.75,0.8808373830674836
2689832.75,0.9178165350768189,1511688.125,0.9049062744068933
2900963.5,0.9114591041606472,1701678.75,0.8929547775873901
