loss,r2,loss_test,r2_test
58808772.0,0.926252526275711,989445.125,0.9377583089818322
