loss,r2,loss_test,r2_test
62794872.0,0.9646683632627598,1345196.75,0.9153795182649936
40946484.0,0.9853088393437727,906611.0625,0.9429690413271202
