loss,r2,loss_test,r2_test
7417554.5,0.8937795892370157,1296802.875,0.9184237716958659
7033510.0,0.897471517356102,1307890.0,0.9177263297206484
