loss,r2,loss_test,r2_test
227459024.0,0.9496868783410016,1207358.875,0.9240503101313283
211171328.0,0.9598579165554806,1202609.0,0.9243490892875817
