loss,r2,loss_test,r2_test
188387072.0,0.9531140855046605,1217534.625,0.9234101756544255
192264032.0,0.9503779339385822,1216484.625,0.9234762401663885
217554672.0,0.9401160483323237,1345426.625,0.9153650629331835
