loss,r2,loss_test,r2_test
240960144.0,0.9006571153407348,1318824.75,0.9170384599803598
275763136.0,0.9756559544295429,1544617.75,0.902834805612091
