loss,r2,loss_test,r2_test
2520123.5,0.942609560583882,1264369.625,0.920464008754526
2331156.25,0.9490142021166432,1204231.625,0.9242470304682386
1859701.125,0.9616961124878327,1096305.75,0.9310361779585308
1448135.375,0.9758871497301982,992084.75,0.9375922611811323
