loss,r2,loss_test,r2_test
4743974.0,0.6366303295394508,5598697.0,0.6478102984503603
1035837.25,0.9523003508127861,1183853.625,0.9255289155693933
908249.75,0.9616440512234816,1099150.25,0.9308572417103524
973742.375,0.9379995509719,1183956.875,0.9255224120142592
950065.75,0.937500464121852,1163510.375,0.9268086183935866
