loss,r2,loss_test,r2_test
1892546.0,0.9592062912021939,1167551.5,0.9265544021880472
1857918.75,0.9581139398219272,1239891.75,0.9220037980184156
1708747.25,0.9667823996315104,1098276.875,0.930912170657997
1546696.375,0.9713472402737866,1061676.75,0.9332145316861634
