loss,r2,loss_test,r2_test
33149264.0,0.8814055295713769,1243856.0,0.9217544238880655
27140684.0,0.9144344373013722,1049706.875,0.9339675054567284
