loss,r2,loss_test,r2_test
49641568.0,0.8446838425309859,1299759.875,0.918237761193833
50263184.0,0.8129394213338976,1419477.625,0.9107068300852914
40876800.0,0.8569467552171073,1128426.125,0.9290156122246485
39142648.0,0.8527745648532443,1120702.375,0.9295014736084327
28486196.0,0.9193318805428077,924420.4375,0.9418487241059836
