loss,r2,loss_test,r2_test
67633528.0,0.9095213159781148,1620192.0,0.8980807613662178
50923516.0,0.924816592182723,1441552.5,0.9093181970727631
31909112.0,0.9487043457926465,1056796.625,0.9335215187809341
28441966.0,0.9507463403981479,995158.3125,0.9373989148783554
25831998.0,0.9610155281962658,949548.3125,0.9402680395590103
