loss,r2,loss_test,r2_test
12697996.0,0.6287305815175108,6616300.0,0.5837973354227928
3215982.0,0.9505880755162398,1313398.5,0.9173798044600425
3182056.5,0.9507253772843317,1277161.375,0.9196593318299205
3163612.5,0.9499002692232079,1253024.0,0.9211777172880391
3120220.5,0.9508668638399752,1249664.0,0.9213890738419688
3023145.75,0.9485313476946527,1274688.875,0.9198148637571676
2617024.0,0.9673038094750501,1032797.75,0.9350311810028603
