loss,r2,loss_test,r2_test
377630656.0,0.9554726898687015,389209.5,0.9755165207564194
341691232.0,0.9570240953779415,359986.96875,0.9773547837448611
365821792.0,0.9711937331176526,383326.59375,0.9758865894197809
399337088.0,0.9740206218526203,417804.625,0.9737177267576632
421669504.0,0.9365112071687202,438297.0625,0.9724286376895326
366927808.0,0.9705406560460486,422139.875,0.9734450157322194
267265632.0,0.9501172642636506,339276.75,0.9786575722250697
260005232.0,0.9387452791076124,355556.75,0.9776334698290903
