loss,r2,loss_test,r2_test
56595248.0,0.7256585122443786,1310112.75,0.9175864975358304
54295940.0,0.7303597046049681,1225255.0,0.9229245299558884
53186180.0,0.732286264784602,1226686.125,0.922834509850404
53576832.0,0.7291948890540674,1249619.875,0.9213918425961649
54279976.0,0.7309146236525241,1270871.375,0.9200550024284692
50893344.0,0.7458466302754554,1148704.5,0.9277399916504767
50400176.0,0.7465908445503311,1135343.25,0.9285804902547341
49401088.0,0.7573800654791935,1120677.0,0.9295030825196924
48483904.0,0.760641482362626,1087375.375,0.9315979357744135
