loss,r2,loss_test,r2_test
4866170.0,0.9383558502136498,1556421.75,0.9020922745899409
3531588.25,0.941651556776293,1281247.5,0.9194022862315862
3434323.0,0.9472222963847758,1246805.125,0.9215689116009167
3475902.25,0.9390770937460358,1259476.75,0.9207717858159592
3399941.5,0.9446638368849104,1229064.5,0.9226848940629275
3671609.5,0.9503152736692448,1226767.375,0.9228293969939645
3311483.0,0.9429187634619621,1181084.0,0.9257031334018958
3259270.5,0.952695919430127,1127998.25,0.9290425284759811
3466252.5,0.9201354190843427,1265961.75,0.9203638466370593
