loss,r2,loss_test,r2_test
5976173.0,0.9345845151188543,1476038.125,0.9071488557887712
4957006.0,0.9423592755044926,1403718.375,0.911698176848097
4855380.5,0.9424408858597613,1460262.125,0.908141251177877
4860129.0,0.9394841236606126,1500857.25,0.9055875902477227
4665630.0,0.9411534519298212,1412728.625,0.9111313761241192
4661062.5,0.9361182152276208,1217247.0,0.9234282846752111
4522454.0,0.9381196844307129,1241631.75,0.9218943427183415
4354897.5,0.9412012699222565,1203868.75,0.9242698500288878
4877020.5,0.9342063737417039,1599700.375,0.8993697867390794
