loss,r2,loss_test,r2_test
30314674.0,0.9781447228456603,473417.625,0.9702193533390991
