loss,r2,loss_test,r2_test
80449376.0,0.9416526686066768,1145895.125,0.9279167223961318
69606128.0,0.9516466844059295,1005897.0625,0.9367233843712274
