loss,r2,loss_test,r2_test
42395268.0,0.9518243782049277,587720.4375,0.9630290577347751
31086076.0,0.9714359626678619,448471.46875,0.9717886098467077
