loss,r2,loss_test,r2_test
16542260.0,0.919745068974661,1425186.5,0.9103477127419933
16640965.0,0.9011555771102163,1286120.875,0.919095718230277
14878858.0,0.9155580364363309,1191541.375,0.9250453119408318
14261613.0,0.9226634778463576,1179022.875,0.9258327928295516
