loss,r2,loss_test,r2_test
13857016.0,0.9658588189997983,1267203.0,0.9202857705153764
13547488.0,0.9649395183422149,1242776.625,0.9218223217325041
13049379.0,0.9523337753099296,1222837.25,0.9230766268176819
13664515.0,0.941714510993007,1293278.875,0.9186454439351232
