loss,r2,loss_test,r2_test
21127802.0,0.8980456980798037,1252557.25,0.9212070667955936
20543736.0,0.9000872354152795,1264648.5,0.9204464601036791
20116048.0,0.9029394231671041,1223204.5,0.9230535271597761
20192522.0,0.9148876338400702,1185051.25,0.9254535754547654
