loss,r2,loss_test,r2_test
13803760.0,0.9674851042226632,1246699.5,0.9215755495127178
13151163.0,0.9588794695255954,1192261.875,0.9249999869748502
12881966.0,0.9634729541890287,1182243.125,0.9256302212525235
13728337.0,0.9354363185604649,1245529.375,0.9216491688175887
