loss,r2,loss_test,r2_test
15617776.0,0.9471254970972147,1257365.875,0.9209045795643711
14920778.0,0.9519512440050907,1221875.25,0.9231371320247151
14322095.0,0.9526241255437856,1175015.0,0.9260849087852299
13981395.0,0.955466922457494,1158622.0,0.9271161224999567
