loss,r2,loss_test,r2_test
20251382.0,0.9515431030819237,1309363.125,0.9176336597326886
19765046.0,0.9523787729309587,1243920.5,0.9217503641472772
19226834.0,0.9553193405824951,1237195.0,0.9221734319332542
19061092.0,0.9521064835531684,1197469.625,0.9246723897305449
