loss,r2,loss_test,r2_test
17209340.0,0.8373798547363189,1256251.375,0.9209746777542419
16594705.0,0.8275674625126244,1224948.125,0.9229438383727084
16658962.0,0.8058617994628368,1249757.125,0.9213832113853017
16211709.0,0.8138262019224083,1224326.375,0.9229829451104069
