loss,r2,loss_test,r2_test
204979360.0,0.02967717607507181,14843167.0,0.06628089030421924
194698624.0,0.05307319632652585,14108756.0,0.11247951594745231
27089462.0,0.9124903022110368,1669433.625,0.894983181423162
22055274.0,0.9498194858166511,1322715.0,0.916793747951334
21988752.0,0.9476350959566828,1317667.375,0.9171112695039361
22647030.0,0.9504194244160571,1363318.25,0.914239575260789
21042802.0,0.9577020424219502,1252218.375,0.9212283845950384
21137020.0,0.9580403183498198,1258655.625,0.9208234492310441
