loss,r2,loss_test,r2_test
205936576.0,0.11158641233744893,14263769.0,0.1027282583464455
114152288.0,0.5872559087722857,7645524.0,0.5190532968552224
67444376.0,0.9028049404001103,1931485.375,0.8784986431508442
76059656.0,0.9136614995798689,1529461.125,0.9037882484926645
70038280.0,0.9085257780397816,1691565.75,0.8935909486148913
69503016.0,0.8809714636010151,1847562.125,0.8837778995681279
65189780.0,0.8934499352134964,1741170.75,0.8904705111708651
65863976.0,0.8791357600856079,1902087.25,0.8803479610448863
