loss,r2,loss_test,r2_test
127051320.0,0.8467934969051072,1271517.75,0.9200143444794249
120043552.0,0.8690875793340327,1243795.75,0.9217582159104791
101539856.0,0.8827072925684609,1080769.75,0.9320134680512877
88267536.0,0.8888414164940563,949283.1875,0.9402847134006007
74130008.0,0.9067414466782789,786514.3125,0.9505238039294469
55305480.0,0.9502055798872824,593400.25,0.9626717700353239
52360072.0,0.9486308950308873,554927.0625,0.9650919539122002
