loss,r2,loss_test,r2_test
4653724.0,0.9225591796396375,1348312.375,0.9151835382298069
4413651.0,0.925602943503997,1313648.125,0.9173641054243948
4751815.0,0.9204564700433714,1215531.625,0.9235361938673052
4471550.5,0.9227858141854899,1187528.5,0.9252977464816037
4259909.0,0.9230740660540653,1204050.0,0.9242584465058106
2672139.0,0.9441880443212403,858184.25,0.9460153592448783
1777356.625,0.9623056842782258,761137.4375,0.9521201500025028
1727595.75,0.9617873419614084,694558.875,0.9563083203763386
1612701.25,0.96623978265457,638473.1875,0.9598364283167332
