loss,r2,loss_test,r2_test
72374360.0,0.031140837389927678,15347325.0,0.03456654458777786
4464509.0,0.9798852868678711,1331639.75,0.9162323346310524
3128676.75,0.9846847369612247,1218064.375,0.9233768619613336
2975296.75,0.9797457691929768,1087043.75,0.9316187999931926
2495454.5,0.986456478097838,1049239.25,0.9339969236268394
2026736.875,0.9915877281541685,903860.4375,0.9431420662707767
1791094.125,0.9927190253825603,782924.5,0.9507496228329421
1320386.25,0.9941654279621409,656453.1875,0.9587053801482515
1259748.875,0.9945090654529939,642040.625,0.9596120122163427
