loss,r2,loss_test,r2_test
189767264.0,0.7942783639916378,1605608.875,0.8989981323124757
154482400.0,0.8563240668733643,1399513.875,0.9119626548931239
135910800.0,0.8694555205264307,1192188.25,0.9250046264674441
122712384.0,0.8744590143789653,1127487.875,0.9290746371165239
113684424.0,0.8770443205093291,1095792.25,0.9310684668264965
95980944.0,0.92290431212035,1075116.625,0.9323690841756195
79337688.0,0.9344562803297998,796612.125,0.9498885934438203
54329220.0,0.9746294379010532,611551.1875,0.9615299720454844
46514476.0,0.9796811822100658,563412.3125,0.964558179445086
