loss,r2,loss_test,r2_test
313461856.0,0.25912443305813115,11925960.0,0.24978967108632433
36545744.0,0.945308116956454,1284872.0,0.9191742878851513
38226092.0,0.9508632751748559,1329727.0,0.9163526449201219
34035144.0,0.9560139793382564,1152299.0,0.927513871543776
33268816.0,0.9532068255363549,1136225.0,0.9285250229108848
