loss,r2,loss_test,r2_test
31491398.0,0.9526815365878057,1206975.5,0.9240744128975759
32141414.0,0.9528557345497758,1262100.5,0.9206067426004859
30595542.0,0.9578624026412088,1154748.375,0.9273598017027874
28877336.0,0.9584265381221151,1038779.25,0.9346549126544395
