loss,r2,loss_test,r2_test
40807604.0,0.7970318628466944,1318213.25,0.9170769400383363
39282600.0,0.8151204101840053,1245574.25,0.9216463398485294
39006512.0,0.8112138366171491,1233764.0,0.92238927118596
37341116.0,0.8205489023808304,1212850.25,0.9237048629367214
39894392.0,0.7966444670033467,1334949.0,0.9160241631356794
36856672.0,0.8248017539819308,1233089.875,0.9224316749978928
32537276.0,0.9429485672367841,1083912.125,0.9318158023707723
