loss,r2,loss_test,r2_test
35689876.0,0.8729342160668386,1220538.5,0.9232212242324997
27108988.0,0.9196880760646896,966598.875,0.9391954710829619
