loss,r2,loss_test,r2_test
40696344.0,0.9579660813429409,1217805.75,0.9233931312675411
36540168.0,0.9612560307428447,1090522.375,0.9313999844273002
42011564.0,0.9481208950779166,1340363.375,0.9156835697770582
33201478.0,0.9530090094426745,1026753.9375,0.9354113694066153
30953836.0,0.9561230869814538,977054.875,0.9385377223850926
