loss,r2,loss_test,r2_test
28835258.0,0.9291972898242314,1270855.75,0.9200559836566137
26340428.0,0.9347013327597212,1204885.75,0.924205869986498
28181966.0,0.9289290592864236,1284707.25,0.9191846424111226
24731328.0,0.941229873854893,1151677.5,0.9275529773129858
27697386.0,0.9283723455997057,1254702.125,0.9210721389500325
24423638.0,0.9411441606637981,1122834.875,0.9293673339263153
22569024.0,0.9496077410842452,1043471.5625,0.9343597385831399
20911314.0,0.9518408244057611,958959.1875,0.9396760434285719
