loss,r2,loss_test,r2_test
42030940.0,0.9338468193247418,1270812.125,0.9200587307803044
40203548.0,0.9393777120729719,1160105.375,0.927022813032733
38892912.0,0.9403350723093037,1098901.75,0.9308728698320774
