loss,r2,loss_test,r2_test
36585484.0,0.9346423527490495,1360612.0,0.9144098147842311
33335900.0,0.9429255775968295,1261883.875,0.9206203749206145
35044028.0,0.9270253308122316,1357686.875,0.9145938176053912
28012966.0,0.950821474328773,1102239.375,0.9306629116270597
