loss,r2,loss_test,r2_test
31353446.0,0.9496646803106598,1278210.125,0.9195933553537904
