loss,r2,loss_test,r2_test
121266208.0,0.4207011198627624,1114910.125,0.9298658461664862
121602160.0,0.647508121207079,1136374.625,0.9285156206484922
52672976.0,0.9067876967708564,608643.8125,0.9617128620452912
47233796.0,0.92218091040272,564693.3125,0.9644776008431749
43741712.0,0.9320956662623359,528343.8125,0.9667641872499144
37133568.0,0.9566296690139772,488174.34375,0.9692910727877259
43702692.0,0.9264289747705122,523807.46875,0.9670495439722675
36430732.0,0.9577654060049117,472027.5625,0.9703067962839129
37688828.0,0.9482066792656041,510258.78125,0.9679018341581169
