loss,r2,loss_test,r2_test
3630837.5,0.9267793377407829,1188613.5,0.9252294886245084
3051970.75,0.9532620979263176,1183521.375,0.9255498090411326
2611363.0,0.9775360628098215,1090979.125,0.9313712495253952
1777642.0,0.984206894097228,970111.0,0.9389745345294228
1464552.125,0.9878281298438751,981908.75,0.9382323842264777
1407923.375,0.9802941216839488,996390.625,0.9373213901751108
1194235.375,0.9853039215831161,757215.75,0.9523668463612891
1025067.5,0.9861229354229223,680443.5625,0.9571962522882738
834788.625,0.9894827113767647,629110.0,0.9604254232625276
