loss,r2,loss_test,r2_test
130971336.0,0.9501547854972234,1348432.0,0.915175998244421
80111416.0,0.9462622352627372,883830.4375,0.9444020669125741
54275496.0,0.9702731896629299,616170.9375,0.961239363321658
46565996.0,0.9787551492642473,523992.125,0.9670379328798951
49366680.0,0.9867785019230805,549888.125,0.9654089267055813
41542964.0,0.9857016415997457,481355.78125,0.9697199981727873
35406480.0,0.9883295546361867,461992.0625,0.9709380889487894
42155736.0,0.9894148477067783,508813.4375,0.967992757907693
35032380.0,0.9805815580816155,429860.34375,0.9729593535871225
