loss,r2,loss_test,r2_test
8060595.5,0.9766559553859194,1249400.875,0.9214056141727216
6149076.5,0.9653901552996265,1048579.625,0.9340384203245335
3886593.75,0.9588605342622802,939694.5625,0.9408879041269095
2895022.75,0.9667207538955214,838416.25,0.947258884774068
1158657.25,0.9927975857139263,701764.625,0.9558550389252335
966851.625,0.9932517558617275,617773.0625,0.9611385781438857
1194319.875,0.9869963449702315,607674.5,0.9617738365309693
846941.125,0.9951369463149922,562005.4375,0.9646466825166822
797865.625,0.9946230297747845,560889.625,0.9647168688959301
