loss,r2,loss_test,r2_test
696565696.0,0.17899419574365438,12467907.0,0.21569819551539826
106754472.0,0.8317734441561517,1890772.5,0.8810597093570414
83249656.0,0.8739515463199994,1489615.0,0.9062947911008579
74281136.0,0.9194197681511738,1406187.25,0.9115428733429296
78434864.0,0.9196386469960677,1488705.5,0.9063520082855279
71182032.0,0.9167545746993326,1340291.125,0.9156881095930924
67181456.0,0.9041752920288627,1235265.25,0.922294832808782
72698856.0,0.9167929378662629,1371915.125,0.9136987795975346
66808568.0,0.9102230082408866,1241719.0,0.9218888548883841
