loss,r2,loss_test,r2_test
588296832.0,0.3921605670965367,9906141.0,0.3768477200003124
119137600.0,0.9369479132405322,2276003.25,0.8568265304878068
83266480.0,0.9443560994598422,1399667.5,0.911952999979085
73920416.0,0.9659412596752626,1289777.5,0.918865705018023
75204336.0,0.9737582959312302,1344213.25,0.9154413905243716
72370736.0,0.9699194844035197,1262238.125,0.92059809162709
72327720.0,0.966794519980843,1240377.25,0.9219732528866432
72799200.0,0.9767888554177623,1294480.25,0.9185698675079627
89029720.0,0.9300743320397369,1433508.25,0.9098242217645841
