loss,r2,loss_test,r2_test
595182016.0,0.29769206383462454,11317274.0,0.2880794814374025
130577632.0,0.8834392273111105,2471751.5,0.8445128733674753
76817344.0,0.9368965057618905,1365901.875,0.9140770475044231
78362736.0,0.9388686918747514,1385503.875,0.9128439741834197
72892848.0,0.9444366872158765,1282510.5,0.9193228326411528
73612544.0,0.9436539720474006,1297987.875,0.918349222931911
73494440.0,0.9453788981517396,1279215.25,0.9195301373351964
75338968.0,0.9454218430787817,1309914.625,0.9175989604180774
96676760.0,0.9248211210315058,1732717.375,0.8910022832975155
