loss,r2,loss_test,r2_test
580787072.0,0.3575034675202414,11308062.0,0.28865893807025633
98007896.0,0.9297915306689566,1864578.0,0.8827074960769854
66251448.0,0.9161002041598297,1351312.125,0.9149948250759695
62684476.0,0.9166139715529391,1288341.375,0.918956039169015
60951420.0,0.9204460956876903,1252115.25,0.9212348662882878
60248140.0,0.9167117757723898,1255063.125,0.921049438386107
67963864.0,0.8875612847934267,1432611.75,0.9098806221610439
61842204.0,0.9286556283269723,1249928.75,0.9213724130922705
70910544.0,0.9225664592028856,1403331.25,0.9117225264974755
