loss,r2,loss_test,r2_test
565502400.0,0.21572888933078527,11290256.0,0.289779022769004
91893168.0,0.8781395851025061,1918496.625,0.8793157259799511
64189076.0,0.9223405248865443,1381829.875,0.9130750859721108
70060416.0,0.9125562187039311,1517035.5,0.904569886322077
56566384.0,0.930880912515392,1255772.875,0.9210047892486087
56768644.0,0.9310486236478459,1271697.75,0.9200030214892542
58487852.0,0.9296704746391664,1299213.625,0.9182721118459294
58543128.0,0.9301149231764048,1304882.125,0.9179155346819405
53491340.0,0.9358627411674069,1217503.375,0.9234121563310307
