loss,r2,loss_test,r2_test
624616000.0,0.26825848729291923,11459663.0,0.27912236671898727
110802576.0,0.9368280308450728,1907191.875,0.8800268577392419
87312416.0,0.9740230457858334,1485670.75,0.9065429106961957
78529648.0,0.977969217111364,1348859.5,0.9151491084073395
75919184.0,0.9819833987008344,1313359.75,0.9173822452225373
73851952.0,0.9754821565503489,1255767.125,0.921005139073348
75143048.0,0.9718372780740129,1267898.625,0.9202420005255465
71672216.0,0.9808160528270679,1232294.75,0.9224816944511542
70682816.0,0.9799693867933362,1218127.875,0.9233728664564036
