loss,r2,loss_test,r2_test
568383488.0,0.31439707980931053,11065184.0,0.3039373482159562
86833848.0,0.7975327926563185,1759876.0,0.8892938370435886
64488648.0,0.8800825862189293,1390291.625,0.9125427952917432
65849652.0,0.8506331091328054,1469253.5,0.9075756465934747
55517028.0,0.8911874050157474,1258875.75,0.9208095903667465
54648556.0,0.8999918807429192,1236947.75,0.9221889844118976
57137500.0,0.912565751241577,1265266.125,0.9204076034328411
69150544.0,0.9017183052039466,1466745.125,0.9077334361208268
53756296.0,0.9012455951561645,1215940.75,0.923510451725469
