loss,r2,loss_test,r2_test
632666560.0,0.24141633020260378,11103032.0,0.3015565155660356
128099040.0,0.7672941042732417,2103831.75,0.8676570870187434
81703536.0,0.9025982408615254,1360157.125,0.9144384155588199
77957144.0,0.9258093217962882,1317343.375,0.9171316627490644
77743784.0,0.9259979244032813,1281176.25,0.9194067713589524
80878136.0,0.9123389678053493,1269201.5,0.920160049005452
78388896.0,0.9362507821711014,1373813.125,0.9135793938366162
94660096.0,0.8901048370689227,1443439.375,0.9091994922237385
75014840.0,0.9370923759364785,1273269.625,0.9199041374737864
