loss,r2,loss_test,r2_test
108515264.0,0.9073070772991634,1235159.625,0.9223014846532576
104609896.0,0.895905826097479,1278900.25,0.9195499451711977
