loss,r2,loss_test,r2_test
213047888.0,0.8825338036539021,2495517.5,0.8430178287319428
108074192.0,0.895180657022995,1289449.5,0.9188863368840974
106637640.0,0.8900539754647606,1277246.625,0.9196539606172087
103567808.0,0.9037303042408644,1241085.0,0.9219287436812442
99916304.0,0.9005724872006223,1203756.0,0.9242769485290868
