loss,r2,loss_test,r2_test
137780224.0,0.8873030739940175,1716463.0,0.8920247614236188
89437304.0,0.9133700847111891,1206572.125,0.9240997897630063
