loss,r2,loss_test,r2_test
269044256.0,0.8931640552189465,2777388.25,0.8252865833056902
131064584.0,0.9700176865334968,1307375.25,0.9177587018942556
