loss,r2,loss_test,r2_test
119738448.0,0.9552863458028505,1296350.0,0.9184522646381383
132204016.0,0.9639393298846145,1436178.25,0.9096562638088894
124354848.0,0.9518253453412374,1326954.5,0.9165270550960806
