loss,r2,loss_test,r2_test
132523024.0,0.9195990677382976,1356134.0,0.9146915003575966
135734448.0,0.9245175989555459,1416158.625,0.9109156172605885
126249848.0,0.9152070169236424,1205810.75,0.9241476887062584
151866176.0,0.922404284682729,1647101.875,0.8963879815849147
141634960.0,0.9363709594459999,1533415.875,0.9035394667601011
