loss,r2,loss_test,r2_test
124655288.0,0.6376451119264737,1252668.25,0.9212000785629028
132390256.0,0.6167407010367659,1335472.0,0.9159912636204522
