loss,r2,loss_test,r2_test
125750248.0,0.8104485547374728,1255956.625,0.9209932258000169
119977136.0,0.7961086142879813,1224361.0,0.9229807701120145
120122608.0,0.7936640021598753,1221909.875,0.9231349589490289
