loss,r2,loss_test,r2_test
345961568.0,-0.024291305356317183,15344131.0,0.03476739740804169
58061280.0,0.8371298297423833,2633385.25,0.8343451888334729
