loss,r2,loss_test,r2_test
357641440.0,0.02233723130393206,15480538.0,0.026186522569423887
