loss,r2,loss_test,r2_test
331634784.0,0.03904867427460845,15430967.0,0.02930494732958766
56791516.0,0.9390134415095561,2631764.25,0.8344471621087879
