loss,r2,loss_test,r2_test
86054496.0,0.6723401477153927,3116257.5,0.8039697937894745
