loss,r2,loss_test,r2_test
5768912.0,0.8653184610402401,1328256.0,0.9164451858403686
4784832.0,0.9019261730357335,1231425.875,0.9225363449460193
3153007.0,0.9366037096852232,1232958.0,0.92243996746472
2194465.0,0.9417968044293157,1225329.625,0.922919834998113
1461760.875,0.9656136795928536,894896.5625,0.9437059482310874
1369280.75,0.9566057984677461,1055387.625,0.9336101507641239
983064.5,0.9638447807052283,897072.25,0.9435690853309724
973324.375,0.9632362834405765,931151.8125,0.941425283658151
742485.3125,0.9732190075395031,843416.375,0.9469443436482995
