loss,r2,loss_test,r2_test
4634265.0,0.9086132707077428,1238421.25,0.922096303659715
4061541.75,0.9232580964344891,1120376.375,0.9295219944070862
3367025.5,0.9098712208638788,946379.125,0.9404674035315836
2749399.5,0.9269168011419842,800300.6875,0.9496565604513058
2039694.25,0.9536027074689724,631427.1875,0.9602796582504529
1764485.625,0.9673627199886224,577343.8125,0.9636818101560595
1947769.875,0.9569460919190977,590005.125,0.962885341984186
1526264.5,0.9792431341412884,557586.875,0.9649246320180365
1279147.375,0.9786724514644294,574688.8125,0.9638488259055457
