loss,r2,loss_test,r2_test
122851120.0,0.9792126623291242,1206317.125,0.9241158232684155
93194920.0,0.9909841672977817,1041480.625,0.9344849824369639
66835580.0,0.9951741966882005,731447.0625,0.9539878437263744
67364784.0,0.9809074501067675,757961.3125,0.952319947238771
52602688.0,0.9894601085831746,590298.5625,0.9628668819057098
50878744.0,0.9878210623494648,591086.8125,0.9628172992131827
44742128.0,0.9905705683261042,529208.875,0.9667097699658516
51057392.0,0.9930137478460869,579254.75,0.963561599289206
41080780.0,0.9869989479089282,500578.1875,0.9685107991951146
