loss,r2,loss_test,r2_test
107913360.0,0.8823565603902064,1127274.375,0.9290880651457464
77282352.0,0.9151139643819225,882170.5625,0.944506481366769
78261504.0,0.9299310511585896,841303.875,0.9470772318769771
64135912.0,0.945002713721817,690028.3125,0.9565933171036894
54443696.0,0.9637109138178878,658925.0625,0.9585498889375406
50229184.0,0.9607680999563862,560675.1875,0.9647303575817644
58319264.0,0.9488178460779146,647572.1875,0.9592640487862958
35596672.0,0.9778613083220229,451601.59375,0.9715917043548563
40624248.0,0.970977578749268,480469.09375,0.9697757763781103
