loss,r2,loss_test,r2_test
36043732.0,0.5679883665239231,7051157.5,0.5564423029136284
38549716.0,0.5333340539678464,7453030.5,0.5311622133981089
9760928.0,0.860636681563973,3032686.0,0.809226900911994
2482048.0,0.9648751313537527,1113294.875,0.9299674522768507
1573775.125,0.9693199744447714,905588.375,0.9430333700178424
1357169.25,0.9729946926309572,791578.0,0.9502052699187222
1097878.0,0.9826753432665799,602937.125,0.9620718443232412
1095164.0,0.9792384208905937,623627.875,0.9607702812278983
870636.125,0.984391525937214,638192.75,0.9598540669146427
