loss,r2,loss_test,r2_test
60421828.0,0.1119908746030217,14422197.0,0.09276228565731948
6274317.0,0.8554306804268537,1420681.75,0.9106310843095735
