loss,r2,loss_test,r2_test
100953792.0,0.9514107266717179,1101451.75,0.9307124637879874
