loss,r2,loss_test,r2_test
63816020.0,-1.6629795131287444,14438649.0,0.09172730174353083
