loss,r2,loss_test,r2_test
144788512.0,0.8912845437075161,1192043.5,0.9250137209160473
49812648.0,0.8784170581804258,491389.4375,0.9690888282807042
57963544.0,0.9289927978482161,620642.1875,0.9609580970027166
