loss,r2,loss_test,r2_test
929924.8125,0.993834569908096,606830.5625,0.9618269263296579
