loss,r2,loss_test,r2_test
46801480.0,0.9946502898233436,542155.0625,0.965895380815177
