loss,r2,loss_test,r2_test
18685670.0,0.9432797838091614,1000595.875,0.9370568600539582
