loss,r2,loss_test,r2_test
70640808.0,0.9359706166513463,1273967.75,0.9198602294081624
65401496.0,0.94022518413951,1203504.25,0.9242927795816122
56344432.0,0.9491397639572045,1075944.5,0.9323170089242793
24082090.0,0.9731301697936983,589150.8125,0.9629390848475821
22110622.0,0.964706549883009,576322.0625,0.9637460823114951
19605122.0,0.970517218610431,521064.6875,0.9672220865968325
18862936.0,0.9777692624946998,520980.125,0.967227403612468
19693522.0,0.968281013754871,545024.8125,0.9657148572934813
