loss,r2,loss_test,r2_test
37815312.0,-0.04319811399160933,15118549.0,0.048957811810109275
2751727.5,0.9115176433103995,1189779.25,0.9251561598866594
2511573.5,0.9404528645132856,1137303.625,0.9284571676935428
2109492.0,0.9361765586624724,925758.375,0.9417645656928435
1759643.25,0.9323208816346056,723525.875,0.9544861337070596
1399728.375,0.9639663862560071,530147.3125,0.9666507377460819
1320864.0,0.9548667254018869,562930.1875,0.964588509264668
