loss,r2,loss_test,r2_test
41753004.0,-0.16149713446361003,15326356.0,0.035885556196562196
3853782.5,0.9166338890297561,1437305.5,0.9095853586035367
3422263.0,0.9421888958845908,1210267.875,0.9238673062105053
3355016.0,0.9441481985769097,1170201.875,0.9263876882219475
3417372.5,0.9236444298506221,1191684.125,0.9250363289404694
2808765.25,0.936096207408076,1000775.125,0.9370455848215365
1761720.625,0.9744887062264198,627241.6875,0.9605429486428432
1899598.625,0.9687863050620721,744396.4375,0.9531732531444933
1563075.5,0.9768891994588956,592189.0,0.9627479603437494
