loss,r2,loss_test,r2_test
61788408.0,0.9325614785219307,1252562.75,0.9212067172529332
59675872.0,0.9375409374875497,1268487.5,0.9202049604187998
43036160.0,0.9544824257507729,907077.5,0.9429396946198291
62879088.0,0.9281081976493534,1301685.25,0.9181166350648546
35828708.0,0.9603057364295088,786530.5,0.9505227852259083
32604938.0,0.9622086497945568,689167.0,0.9566474976924532
26002566.0,0.9719411931546352,585420.9375,0.9631737149231229
21231654.0,0.9766103884929935,475180.4375,0.9701084632116669
20093652.0,0.9800474149250302,450858.0,0.9716384823572333
