loss,r2,loss_test,r2_test
71685848.0,0.9680615950556661,835789.4375,0.9474241207294892
54407876.0,0.9895925679701785,655561.6875,0.9587614624042098
43391784.0,0.9924697930911046,535557.0,0.9663104358669005
36654540.0,0.9924454404020943,495349.1875,0.968839732927293
