loss,r2,loss_test,r2_test
1913831.75,0.9698796497148136,823953.125,0.9481686849621425
1448000.5,0.9714853447368657,613690.75,0.9613953809580256
1390003.75,0.9727496075139187,624257.5,0.9607306746445929
1173681.625,0.9759956506602618,604379.625,0.9619811037578334
1218082.25,0.9716023962370534,640103.9375,0.959733845974018
