loss,r2,loss_test,r2_test
653730.25,0.8622539439217258,565950.5625,0.9643985143538437
637558.25,0.8767025496964306,509817.34375,0.9679296059411291
560440.625,0.8833922333345686,516271.9375,0.9675235726021851
