loss,r2,loss_test,r2_test
5189874.0,0.9142219616632323,1284054.75,0.9192256871739851
4646647.5,0.9166054629190947,1214742.75,0.9235858165847058
4435343.5,0.9261625785456401,1173505.0,0.926179903628153
2941506.0,0.9374764008695772,795449.6875,0.9499617156266719
2040243.25,0.9642202866929239,527938.5625,0.9667896804520602
1540906.125,0.9757987776681581,472629.34375,0.9702689416242133
