loss,r2,loss_test,r2_test
69372248.0,-0.00020107335777241886,15373919.0,0.032893607684661985
4091091.0,0.923368114071015,1179802.75,0.9257837431873956
1249035.375,0.9748144601549417,661622.5625,0.9583802006456195
