loss,r2,loss_test,r2_test
38587760.0,0.9803839622350988,498503.0,0.9686413400141536
34708308.0,0.9848431545512109,492317.125,0.9690304683358183
