loss,r2,loss_test,r2_test
105343016.0,0.8833434663791072,1163975.75,0.9267793349957261
89923360.0,0.9066092907314098,1050565.25,0.9339135088782067
39645892.0,0.9123465636692375,500432.59375,0.9685199586492714
36402320.0,0.9209534434973909,455171.84375,0.9713671177055723
