loss,r2,loss_test,r2_test
5744082.0,0.8943777566386726,1253724.5,0.9211336444714057
1155468.625,0.9679374794260691,749473.75,0.9528538593856359
1096822.625,0.9694535645534432,766756.0,0.9517667122354135
910857.25,0.9743178440132573,703747.6875,0.9557302943380711
