loss,r2,loss_test,r2_test
98461792.0,0.9782077267572448,1184786.375,0.9254702371300135
80150000.0,0.9692269678411394,985536.875,0.9380041573552396
45645232.0,0.9857781549248803,587610.8125,0.9630359552087351
36156336.0,0.9822360251266394,477544.1875,0.9699597710518283
42682212.0,0.9838302316947116,553389.3125,0.9651886837467131
28231400.0,0.9833247494024252,395826.34375,0.9751002836837999
