loss,r2,loss_test,r2_test
97141696.0,0.6021903349803868,1196550.5,0.9247302075072656
96263856.0,0.5194357956197666,1188941.5,0.9252088578449481
70039544.0,0.5013267485118145,876010.75,0.9448939707914669
46818936.0,0.8178688315353053,585759.1875,0.9631524352439247
33870616.0,0.9288967441128074,443388.78125,0.9721083404877012
