loss,r2,loss_test,r2_test
7192664.0,0.9299528606659921,1275350.25,0.9197732605363497
7432654.0,0.9171661258704988,1248244.5,0.9214783647545257
1667265.0,0.9901182193965625,557812.8125,0.9649104209260964
1628112.25,0.9836268705604869,577717.9375,0.9636582768947398
1478415.5,0.9897613805383874,539781.875,0.9660446672413802
