loss,r2,loss_test,r2_test
103424824.0,0.9677235340135424,1146167.875,0.9278995626548665
34898400.0,0.9819885884629771,461055.90625,0.9709969789322181
38163336.0,0.9890452755528467,478535.09375,0.9698974338329682
