loss,r2,loss_test,r2_test
3674465.5,0.9366180866282898,1455897.375,0.9084158218467153
3343004.5,0.9347430057021597,1266352.0,0.9203393017676691
3061807.25,0.9355496743531119,1195335.25,0.9248066516432534
2820395.5,0.9397643177942316,1169306.875,0.92644398509969
3007111.25,0.9314114526711894,1123585.625,0.9293201122777475
2215612.75,0.9523704935193041,995633.4375,0.9373690281826408
1761672.625,0.9626522906800907,1133387.125,0.9287035433838086
754863.5,0.9880938384927875,748015.3125,0.9529456092248346
886290.875,0.9822941683402852,801734.9375,0.9495663409569357
