loss,r2,loss_test,r2_test
25780624.0,0.979132566148934,1220139.75,0.9232463119862913
25731246.0,0.9791594498470838,1211567.5,0.923785553678778
24499262.0,0.9788374624360262,1165164.625,0.9267045592769654
20002128.0,0.9805233174015401,961277.9375,0.9395301799561669
12486167.0,0.9860176813525938,649553.9375,0.9591393828272835
12823958.0,0.9842056165896843,665583.75,0.9581310189050269
10619782.0,0.9872142541553072,572424.375,0.9639912728571418
