loss,r2,loss_test,r2_test
129893848.0,0.8299481743518704,3011740.25,0.8105445071055436
76992352.0,0.9414332748618697,1694120.25,0.8934302601341473
63275548.0,0.9631527774164625,1349108.375,0.9151334480867336
61672140.0,0.9632971019827321,1325357.125,0.9166275443428655
