loss,r2,loss_test,r2_test
612293568.0,0.06529783204880901,12669007.0,0.20304783193299047
108995032.0,0.9026850003944172,1535698.875,0.9033958557701506
112666384.0,0.8737606404800924,1628612.25,0.8975510816932231
