loss,r2,loss_test,r2_test
524988832.0,0.1542903883953397,13038148.0,0.1798268062277728
124092544.0,0.8631008741611061,3110980.25,0.8043017486236311
55423728.0,0.9054300941451906,1507804.625,0.9051505585994614
46614244.0,0.9163710225048106,1244608.5,0.921707088635366
46250688.0,0.9179456275406122,1251288.375,0.9212868903813113
