loss,r2,loss_test,r2_test
93464312.0,0.9064245501549195,1475778.375,0.9071651929145106
83125448.0,0.9076206352055931,1309412.25,0.9176305721491549
79627664.0,0.8961254931829388,1322287.875,0.91682061828876
90999704.0,0.8712696970920332,1623078.875,0.8978991582798609
