loss,r2,loss_test,r2_test
581042240.0,0.09467856881419312,13240538.0,0.16709524753261973
139959392.0,0.7303453904496313,3163369.0,0.801006198536424
66927484.0,0.8908989156913019,1529716.75,0.9037721705012616
58178088.0,0.9132271629818216,1366151.875,0.9140613232484968
55372108.0,0.912257486628326,1258236.125,0.9208498314431457
85102760.0,0.8488737196285486,1820899.625,0.8854551209328977
