loss,r2,loss_test,r2_test
610293504.0,-0.028680381859444326,13386972.0,0.15788369875210595
141808000.0,0.8445097371055686,3110563.5,0.8043279601035371
57462032.0,0.9468888877585895,1276728.5,0.9196865555314874
60657820.0,0.9202666164579243,1367475.0,0.9139780892055963
