loss,r2,loss_test,r2_test
130130056.0,0.8131697852887809,3067058.75,0.8070646736446788
73665920.0,0.926568101739057,1659787.25,0.8955900003234936
59800480.0,0.9568873254116111,1295478.625,0.918507068977317
81239560.0,0.9145802641724972,1737345.125,0.8907111702615778
