loss,r2,loss_test,r2_test
130651424.0,0.7801638174038606,3192212.0,0.7991918139827859
46499116.0,0.9323211003791586,1313244.0,0.917389531682681
47449208.0,0.906269820397546,1294390.625,0.9185755050734101
