loss,r2,loss_test,r2_test
611557696.0,0.0917252603595694,13358736.0,0.15966000122706236
66226364.0,0.8397243226906449,1396881.875,0.912128235035084
62252516.0,0.8533462197107909,1296175.375,0.9184632408726698
64158112.0,0.8418332326218191,1297539.875,0.9183774063831724
60844076.0,0.8613542102598567,1260374.5,0.9207153218100484
