loss,r2,loss_test,r2_test
75253728.0,0.9671042000221173,1625446.0,0.8977502484880545
60826392.0,0.9684263280425968,1290085.25,0.9188463483209879
82111608.0,0.9365904761084174,1736167.125,0.8907852718862425
64208512.0,0.9588372495013849,1363831.25,0.9142072947751912
