loss,r2,loss_test,r2_test
106749656.0,0.8874928927500065,1227866.125,0.9227602851809393
146685888.0,0.8319018116714396,1603859.25,0.8991081797307883
110632224.0,0.9159433579101138,1384285.625,0.9129206094598451
90122392.0,0.919007785854455,1046034.0625,0.9341985479083861
