loss,r2,loss_test,r2_test
107085160.0,0.8255508942613147,1149846.625,0.9276681490509394
