loss,r2,loss_test,r2_test
136767328.0,0.9669327205012633,1484750.125,0.9066008233519671
108326912.0,0.9687080758595609,1186803.375,0.9253433554015896
113051160.0,0.9643571211688683,1327189.75,0.9165122569700093
