loss,r2,loss_test,r2_test
91028864.0,0.9127718826645269,1331918.0,0.9162148260807229
85518056.0,0.9010812107980763,1217992.0,0.9233814167776286
75257376.0,0.9317051219162673,1120689.375,0.9295023023181176
71231496.0,0.9286110883933184,1040200.3125,0.9345655163452826
