loss,r2,loss_test,r2_test
126365624.0,0.9827558862852825,1358257.5,0.9145579169719297
108398848.0,0.9770413676194601,1161934.0,0.926907787483044
