loss,r2,loss_test,r2_test
68806544.0,0.9396663208418741,977555.4375,0.9385062435271444
