loss,r2,loss_test,r2_test
153044816.0,0.8953920172006086,3427818.25,0.784370862631068
55881760.0,0.9681302435755317,1279239.125,0.9195286258267097
51839744.0,0.9530259264109944,1236838.5,0.9221958595683436
