loss,r2,loss_test,r2_test
108315296.0,0.8991978797554058,1592909.125,0.8997970172775683
