loss,r2,loss_test,r2_test
68569256.0,0.8211985937743502,1299344.5,0.9182638847987059
70480688.0,0.781287486348808,1353403.375,0.9148632770689908
69422704.0,0.7775105582399496,1323936.0,0.916716938209732
