loss,r2,loss_test,r2_test
50353908.0,0.9310347254709753,1410247.375,0.9112874723079739
43759812.0,0.9302664919095012,1251232.625,0.9212903915679
46264204.0,0.911165627581278,1271512.75,0.9200146587751198
