loss,r2,loss_test,r2_test
642992896.0,0.01020645115435903,14927340.0,0.060985881376698914
67175928.0,0.9392026719313672,1433194.875,0.909843939052759
61716916.0,0.9436610819098843,1315577.5,0.9172427353621257
57105952.0,0.9451124521171232,1224751.875,0.9229561842384696
