loss,r2,loss_test,r2_test
63537016.0,0.7259507522444901,1293990.25,0.918600704062206
59247728.0,0.7375504654961267,1209306.375,0.9239277932629255
61289496.0,0.7442524071895782,1264352.625,0.9204650682807032
