loss,r2,loss_test,r2_test
77176920.0,0.8781895406179696,1736505.0,0.8907640106275003
