loss,r2,loss_test,r2_test
191598000.0,0.9277935846499445,1974000.0,0.8758242293742158
198698240.0,0.9375074100325653,1757458.0,0.8894459519401238
