loss,r2,loss_test,r2_test
142723376.0,0.8998066471757175,3286430.25,0.7932649702140966
79820064.0,0.9654518281050164,1713896.375,0.8921862345105672
65210812.0,0.9647794943095894,1387909.375,0.9126926630794537
60946632.0,0.9692976205922417,1294710.375,0.9185553961993327
