loss,r2,loss_test,r2_test
4697669.0,0.8779090352196108,1234031.875,0.9223724109152527
