loss,r2,loss_test,r2_test
157193072.0,0.9379499145134946,1733895.875,0.8909281448575515
145128624.0,0.9575694231797818,1399014.5,0.9119940833001042
123440784.0,0.9694985775055756,1252971.625,0.9211809979131135
120749504.0,0.9728518420181868,1180775.125,0.9257225603878358
