loss,r2,loss_test,r2_test
4553571.0,0.9178128635191038,1375346.625,0.913482910088394
4379841.0,0.9257383013915983,1298647.75,0.9183077080132729
