loss,r2,loss_test,r2_test
3979916.0,0.9786146420856455,1430349.75,0.910022908967211
3766615.25,0.9726444844416484,1265179.25,0.9204130656407341
