loss,r2,loss_test,r2_test
100923528.0,0.9680570374842704,1174190.0,0.9261368065951799
