loss,r2,loss_test,r2_test
114198328.0,0.7749742760807546,1415405.875,0.9109629692498837
105378976.0,0.3593168929875019,1277060.125,0.9196656974811274
