loss,r2,loss_test,r2_test
118776776.0,0.9365683044411219,1283007.5,0.9192915692403832
141128736.0,0.9680161123849599,1543159.75,0.9029265263106465
