loss,r2,loss_test,r2_test
2303414.75,0.9760984097249472,1248738.5,0.921447284379308
1897098.75,0.9792973053755363,1232669.5,0.9224581200299299
1434172.0,0.982685645048912,1109054.875,0.9302341693082984
1385371.0,0.9821040144240772,1018370.75,0.9359387140802293
