loss,r2,loss_test,r2_test
129468432.0,0.9202698245752678,1621036.625,0.8980276308265609
118494400.0,0.9318980765455525,1456465.375,0.9083800961768794
94819272.0,0.9445137119205413,1316740.375,0.9171695925908973
58143596.0,0.9721639234320111,1029925.6875,0.9352118511990387
52576728.0,0.9774096726647646,981066.4375,0.9382853786364028
46353520.0,0.9797250355615766,883959.0,0.9443939821312284
43945796.0,0.9875315291669543,831335.0625,0.9477043232281733
