loss,r2,loss_test,r2_test
5026220.5,0.8585350157803648,1337345.75,0.9158733908651958
4736692.0,0.8614365970996056,1223406.0,0.9230408401423144
4429109.0,0.8642821833000021,1152429.625,0.9275056693734415
3697925.0,0.8930612103679634,1088200.75,0.9315460231356474
2543239.5,0.9360112763977428,951459.8125,0.9401477978890053
1989471.25,0.9600487527952786,879161.3125,0.9446957793720636
