loss,r2,loss_test,r2_test
2880951.0,0.9432115137693655,1248192.875,0.9214816110572882
2850337.5,0.9433075976839758,1242363.125,0.9218483333809788
2683075.5,0.9503416736620304,1238055.0,0.9221193406864597
2613580.0,0.9482048130716453,1182174.25,0.9256345629805844
2244114.25,0.9552428580954497,1110709.5,0.930130091979663
