loss,r2,loss_test,r2_test
10590106.0,0.9579809238774099,1431401.125,0.9099567774062132
9675168.0,0.963365682765573,1329321.375,0.9163781654144456
9355842.0,0.9588377362035905,1244438.875,0.9217177620829905
8647229.0,0.9726419924295272,1263565.875,0.9205145648605254
