loss,r2,loss_test,r2_test
134030192.0,0.9291699321476954,1237436.75,0.9221582353451218
149076736.0,0.9378142185114786,1354884.5,0.9147701055290149
128904072.0,0.9190529969597514,1186409.5,0.9253681280512503
