loss,r2,loss_test,r2_test
35453432.0,0.5757945346486186,5940795.5,0.6262903533332231
5795493.0,0.9826173763933126,1273304.875,0.9199019211949148
5607922.0,0.9832608023216358,1240962.75,0.9219364273264947
6367808.5,0.9739484113603495,1314358.5,0.9173194230693837
6287146.0,0.9870811685760577,1404339.875,0.9116590839620271
6132106.5,0.97573974951772,1281105.875,0.9194112024581497
5297140.0,0.984807180203498,1175320.25,0.9260657002896349
