loss,r2,loss_test,r2_test
42835484.0,0.5057547168133788,6187949.5,0.6107429911498397
6721831.5,0.9274268789677332,1234465.375,0.9223451485291905
6467159.0,0.9313954127988772,1218190.0,0.9233689609306833
