loss,r2,loss_test,r2_test
7353731.5,0.9704812258179368,1275730.5,0.9197493416071685
7270483.0,0.9683958306791098,1275137.0,0.9197866652598953
6785461.0,0.9743400457628948,1200345.75,0.9244914665137571
