loss,r2,loss_test,r2_test
112081504.0,0.9620705821464051,1290078.25,0.9188467828363793
