loss,r2,loss_test,r2_test
1156436096.0,0.33612877700887467,10232570.0,0.3563134416676149
156064752.0,0.9366777340438402,1385038.625,0.912873242259896
142673904.0,0.9523800190963744,1248610.625,0.9214553367477787
139793088.0,0.9674466028600491,1288169.25,0.9189668773144237
139270592.0,0.9686718852080141,1287044.375,0.9190376357850937
