loss,r2,loss_test,r2_test
29646214.0,0.9528755586803005,1127904.125,0.929048454435771
