loss,r2,loss_test,r2_test
24954172.0,0.957503138242722,1174445.25,0.9261207535024749
