loss,r2,loss_test,r2_test
27985790.0,0.9269732956519869,1277823.125,0.9196177041557518
26812350.0,0.933543480649149,1228247.0,0.9227363115517758
24864618.0,0.9492302561532243,1151671.625,0.9275533453021665
23410800.0,0.957029938904395,1106636.625,0.9303862959811336
