loss,r2,loss_test,r2_test
85053360.0,0.9209566778041025,1183178.125,0.9255714068898309
46727920.0,0.9590063238104005,739451.375,0.9534843302956817
96711896.0,0.9209347117360942,1296956.625,0.9184140979664668
33732248.0,0.9763040720839049,525880.4375,0.9669191447942347
24675956.0,0.98079202203118,463507.28125,0.9708427737561816
