loss,r2,loss_test,r2_test
133546376.0,0.9438288340127275,1561631.0,0.9017645867406554
92976776.0,0.9123409564332609,1113635.375,0.9299460330849219
58693888.0,0.9643417315677036,722781.3125,0.9545329701531926
49362244.0,0.9471967734933593,613010.8125,0.961438153667161
34624584.0,0.9599706282589082,468115.59375,0.9705528794207267
34890632.0,0.9543518376729354,499370.5625,0.9685867672109398
