loss,r2,loss_test,r2_test
120370896.0,0.9236128665360492,1144868.625,0.9279812891621001
49312000.0,0.9601188307755827,567441.9375,0.96430469137169
50391140.0,0.9648764035288021,629175.75,0.9604212860561612
33266138.0,0.9728177377644506,493678.96875,0.9689448014481093
42070764.0,0.9805593724509227,617656.625,0.9611459088932308
