loss,r2,loss_test,r2_test
62104568.0,0.9643891488596806,750418.6875,0.9527944209752401
51821136.0,0.9801769228675413,649480.25,0.9591440199649754
35865080.0,0.9909692173940527,519824.84375,0.9673000782133853
