loss,r2,loss_test,r2_test
82809032.0,0.8330717996534627,1165189.625,0.9267029873268251
38237848.0,0.9158336207510142,592084.3125,0.962754549183334
36897576.0,0.9390761026604603,542261.625,0.9658886792369203
31406334.0,0.9220957956701399,551275.1875,0.9653216744044746
27418438.0,0.9425184348682356,461811.28125,0.9709494585057515
28557446.0,0.9277755936935448,486100.0,0.9694215658596078
25123384.0,0.9496081535873422,455602.0625,0.9713400548918372
