loss,r2,loss_test,r2_test
111469056.0,0.7662458654238635,1213734.25,0.9236492537670132
48730328.0,0.8844697817728785,670501.9375,0.9578216341829361
44216712.0,0.8522860091255005,654778.875,0.9588107073916032
