loss,r2,loss_test,r2_test
27854782.0,0.983672389648119,463248.75,0.9708590325329439
25786284.0,0.9899277335896673,469045.4375,0.9704943894134226
