loss,r2,loss_test,r2_test
206948000.0,-1.0468682484038245,29374356.0,-0.8478131796341717
108345616.0,0.01031997485667302,15857583.0,0.0024683197687463965
16419542.0,0.8243755621147243,2194458.0,0.8619561799794495
10886208.0,0.8726468479255358,1288861.375,0.9189233272050941
10732744.0,0.8747667228160229,1259058.625,0.920798087383304
