loss,r2,loss_test,r2_test
27301554.0,0.8230678282425002,1558178.375,0.9019817773826687
28496116.0,0.8134196243702224,1527220.0,0.9039292287760721
27023340.0,0.82890463099873,1468064.125,0.9076504600468422
25694914.0,0.8490970153215148,1385599.625,0.9128379529666765
