loss,r2,loss_test,r2_test
38510932.0,0.924021982333838,2260060.25,0.8578294345603203
42130444.0,0.92429783558135,2139497.75,0.8654134904303377
44978344.0,0.9238243573783496,2166478.25,0.8637162466247351
38365940.0,0.9171757973896215,2018765.375,0.8730082523852529
