loss,r2,loss_test,r2_test
16789192.0,0.9667202991220422,1412716.0,0.911132175242079
15487420.0,0.963611643958359,1302875.5,0.9180417617165874
15547043.0,0.9697613765363573,1303868.5,0.917979296079712
15219776.0,0.9677350517641152,1277792.5,0.9196196298711057
