loss,r2,loss_test,r2_test
14665208.0,0.900375938347079,1422701.125,0.9105040572226047
11960307.0,0.9291393686535259,1258035.625,0.9208624491654481
12239843.0,0.9189566286294768,1257401.0,0.920902364079801
11667064.0,0.9272294733226689,1221750.125,0.9231450062151745
