loss,r2,loss_test,r2_test
144271744.0,0.1309282195532807,11472823.0,0.2782946087932794
23818032.0,0.9093615340668746,1600056.25,0.8993474179073413
22862514.0,0.9283121677389525,1398670.25,0.9120157345501314
21691022.0,0.9326015860980295,1334895.125,0.9160275481290908
22574562.0,0.9246576635557604,1376632.25,0.913402053580629
