loss,r2,loss_test,r2_test
17053858.0,0.9429525660676321,1419767.625,0.9106885886481139
17114788.0,0.9444658604704097,1388363.875,0.9126640694536622
15252941.0,0.9633163605617633,1261532.0,0.9206425025218345
15644091.0,0.9573715983663751,1283853.125,0.9192383752407943
