loss,r2,loss_test,r2_test
18744870.0,0.9649348608000705,1557251.125,0.9020401056920961
15297373.0,0.9739584995905657,1275972.625,0.919734103973753
14999710.0,0.9741703269231696,1248462.5,0.9214646518093571
15613559.0,0.9700217308604548,1298881.125,0.9182930298131855
