loss,r2,loss_test,r2_test
81251016.0,0.934812071849328,1193215.5,0.9249400022148884
73660408.0,0.9408222007378244,1075071.125,0.9323719442700885
