loss,r2,loss_test,r2_test
112481016.0,0.5307612227713137,7626489.5,0.5202506606324553
35692220.0,0.8485191200861552,1981662.125,0.8753422534933539
29024298.0,0.8980800718574747,1448137.375,0.9089039659197856
28816766.0,0.9076819837686922,1408624.25,0.9113895716946373
