loss,r2,loss_test,r2_test
95277968.0,0.5361026314262933,6844663.5,0.569431976343878
27162536.0,0.9075096451623542,1694125.0,0.893429961231607
21734950.0,0.9506785550539893,1309251.75,0.9176406649853451
21179218.0,0.957056154106761,1261938.25,0.9206169553131869
