loss,r2,loss_test,r2_test
111264552.0,0.33772752361693215,8496641.0,0.4655132694377965
33574740.0,0.8212154897049151,1843688.5,0.8840215769276757
30549482.0,0.8738573748465014,1513953.125,0.9047637841139005
30200214.0,0.8862379790232934,1467749.125,0.9076702799562544
