loss,r2,loss_test,r2_test
114979280.0,0.4675749094694852,8306843.0,0.4774526411957267
26035382.0,0.8348236889239905,1667074.25,0.8951316153753347
21087600.0,0.8372530251787723,1306572.5,0.9178092005436119
20242106.0,0.8465551369146034,1251967.25,0.9212441828971522
