loss,r2,loss_test,r2_test
120458936.0,0.4553590214935169,9085266.0,0.4284854464005329
21548346.0,0.9304903426911132,1683199.125,0.8941172566309528
15872663.0,0.9452173324572638,1275839.5,0.919742487004956
16542672.0,0.9451654850623028,1330080.125,0.9163304354604483
