loss,r2,loss_test,r2_test
88155136.0,0.6612431288725672,6080045.0,0.6175307750197688
22580970.0,0.9212693233087165,1674724.875,0.8946503327295123
19052738.0,0.9513407355069833,1363932.0,0.91420095777706
20482576.0,0.9493501442924591,1433687.875,0.9098129232197886
