loss,r2,loss_test,r2_test
122511632.0,0.3735922750120346,9062168.0,0.4299384194782221
22188756.0,0.9105693558026784,1708777.875,0.8925082101052372
17319198.0,0.9471209258604455,1343899.25,0.9154611402036125
18069282.0,0.9389337536704738,1347695.375,0.9152223430022931
