loss,r2,loss_test,r2_test
3517453.0,0.8879554970950174,1273304.5,0.9199019430061659
3455592.75,0.8806670408130027,1281940.875,0.919358672864395
