loss,r2,loss_test,r2_test
52621404.0,0.9410288346560935,1312404.625,0.9174423265851878
45101100.0,0.9474432919052468,1198600.5,0.924601250154181
