loss,r2,loss_test,r2_test
258119904.0,0.7791543453565083,2882315.0,0.8186860813222449
116970096.0,0.8914569877169266,1364094.0,0.9141907664772209
