loss,r2,loss_test,r2_test
258897808.0,0.9328792627668724,2894483.5,0.8179206382322888
120981768.0,0.940244029183645,1285803.75,0.9191156687025701
