loss,r2,loss_test,r2_test
296491968.0,0.871637908421801,3028090.0,0.8095160091363283
148201216.0,0.9602057190897801,1445097.125,0.9090952223059898
