loss,r2,loss_test,r2_test
141489360.0,0.8909065558972387,1308577.875,0.9176830490225288
