loss,r2,loss_test,r2_test
239883200.0,0.897785301983255,2623930.25,0.834939942864125
