loss,r2,loss_test,r2_test
94185152.0,0.9058723599379335,1344525.25,0.9154217604850539
