loss,r2,loss_test,r2_test
234188448.0,0.26143692318469836,2762943.75,0.8261952115036596
90509216.0,0.8334690397756743,1315074.125,0.9172744091321466
89707152.0,0.8601249708616192,1258793.125,0.9208147945555162
