loss,r2,loss_test,r2_test
131105496.0,0.9663869025065775,1407137.375,0.9114830970856562
