loss,r2,loss_test,r2_test
100208936.0,0.931029970290857,1358572.5,0.9145381049920709
