loss,r2,loss_test,r2_test
82240936.0,0.9833325101088171,977249.5625,0.9385254747159879
54356388.0,0.9864534079594439,671075.75,0.9577855381072846
