loss,r2,loss_test,r2_test
97942616.0,0.9256851118478429,1151231.5,0.9275810287730993
