loss,r2,loss_test,r2_test
333456960.0,0.9423022552526701,1226458.375,0.922848842093816
237599136.0,0.9328894997824272,849473.875,0.946563289606537
171091552.0,0.9563614483932185,622815.0,0.9608214162802537
143331600.0,0.9699765505569015,525208.9375,0.9669613885104023
129563072.0,0.9687306418503302,479948.03125,0.9698085547342001
207341376.0,0.9353517733383417,734348.0,0.9538053542517385
124765352.0,0.9786286193274819,474860.96875,0.9701285582164223
114063800.0,0.9833420492241423,429767.375,0.9729652031990095
108870288.0,0.9788817026869774,410183.09375,0.9741971633835254
