loss,r2,loss_test,r2_test
316273408.0,0.9075347696318918,1063402.875,0.933105946873836
323223136.0,0.9246412502361178,1110082.875,0.9301695078070153
209751824.0,0.9282055739728585,765531.0625,0.9518437656318772
169538304.0,0.9497293557418867,652990.6875,0.9589231926678423
122377448.0,0.9752935215854945,474127.65625,0.9701746894447933
125385872.0,0.9740132729805591,493854.21875,0.9689337758613159
120598936.0,0.9718108158822379,469390.90625,0.9704726588359122
132168800.0,0.9872926315083752,485028.40625,0.9694889694939237
130309424.0,0.9673174320957484,516323.5625,0.9675203300012752
