loss,r2,loss_test,r2_test
913773440.0,0.1561598822939636,13313175.0,0.16252604117058556
94446552.0,0.9224005538063409,1357976.5,0.9145756012480761
81650232.0,0.9355506864164066,1190013.625,0.925141412588862
84074328.0,0.9295078798850225,1247586.0,0.9215197909082333
85964664.0,0.9349634039508251,1236322.375,0.9222283246241326
