loss,r2,loss_test,r2_test
210838464.0,0.9837131751221541,1256322.0,0.9209702488158975
205816288.0,0.9883884199955433,1230420.25,0.9225996170662214
253566048.0,0.9144462235363857,1463604.125,0.9079310302632315
246398528.0,0.9487911715532574,1481326.625,0.9068161799948335
261344880.0,0.9405825215505772,1514006.125,0.9047604597416101
183948656.0,0.9574232432664957,1130996.0,0.9288539563914232
167407856.0,0.9686760075085952,1039662.125,0.9345993709742051
162366880.0,0.9778386078026557,1000706.1875,0.9370499197419638
131065328.0,0.9751593648911637,840353.25,0.9471370258479516
