loss,r2,loss_test,r2_test
20431024.0,0.8991765069186501,2346946.0,0.8523638173488786
11481483.0,0.9575882665111777,1244836.75,0.9216927362516113
10896938.0,0.9574718999502625,1231437.875,0.9225355978160026
10431070.0,0.9658090703798098,1156143.875,0.9272720145286573
9991353.0,0.9598132042241215,1218280.5,0.9233632640325243
6688131.0,0.9723131972350436,989023.5625,0.9377848263328794
5991507.0,0.968641284881054,1002120.0,0.9369609863520367
