loss,r2,loss_test,r2_test
213292720.0,0.9588952439296569,1239300.125,0.9220410143544913
225576192.0,0.956495068518259,1311597.125,0.9174931292093684
209903360.0,0.9653160436490024,1221569.125,0.9231563938013136
206230368.0,0.9718455901410699,1190908.25,0.9250851342411935
290156064.0,0.8681345957584784,1667727.875,0.8950904804654694
232065600.0,0.9235444017000174,1339810.5,0.9157183474137919
152037104.0,0.9831362440942241,880990.75,0.9445807009070799
157316016.0,0.984788636654275,904970.625,0.9430722303561997
135188096.0,0.9576400946203698,794926.3125,0.9499946417396273
