loss,r2,loss_test,r2_test
372204864.0,0.9224115113629853,2322251.25,0.8539172720513626
228516224.0,0.9427499178258762,1311912.25,0.9174733028698353
221677264.0,0.949489920619077,1286105.75,0.9190966747464985
205272368.0,0.9718188128178863,1152851.375,0.9274791256871594
175541840.0,0.9808920962858306,1007399.125,0.9366289031769355
149069504.0,0.9828242582591863,889198.3125,0.9440643980685325
137776160.0,0.989494812963551,798871.1875,0.9497464835954957
