loss,r2,loss_test,r2_test
87370528.0,0.9436121711785869,1202971.0,0.9243263311669171
72944592.0,0.9497063995185396,1116921.875,0.9297392979569621
39839624.0,0.968772330933747,604526.4375,0.9619718672468254
35718936.0,0.9711366336026493,556784.25,0.9649751231896404
30846184.0,0.9831581357493165,497479.53125,0.968705726215311
26260930.0,0.9881145127610674,427545.0,0.9731049990618009
