loss,r2,loss_test,r2_test
273367520.0,0.9577204224065287,1472751.5,0.9073556088467496
260260112.0,0.9690780470660512,1440304.625,0.9093966909602489
130182408.0,0.9949884034787401,690815.625,0.9565437934196909
188564896.0,0.9895683095144496,929266.25,0.9415438939682133
144375184.0,0.9747391003367406,801402.75,0.9495872328198194
109362528.0,0.99569592138149,571049.25,0.964077771681532
104275544.0,0.9930762128623564,535543.625,0.9663112774571412
