loss,r2,loss_test,r2_test
4628371.5,0.9935656994700335,1263299.875,0.9205312974191563
4046199.25,0.9932322903359313,1206220.0,0.9241219381208905
3988782.0,0.988855351604332,1161987.0,0.9269044342481676
2936435.25,0.9955432462498658,940545.8125,0.9408343502783094
2571700.75,0.9941876514451413,820434.3125,0.9483900376385075
2965533.25,0.9826411812271925,764841.4375,0.9518871516167432
2332789.25,0.9911163561939053,659616.6875,0.9585063801616048
