loss,r2,loss_test,r2_test
189326720.0,0.9510487564123231,1215192.0,0.9235575548696467
189083808.0,0.9576052306149722,1253553.25,0.9211444064513792
160543872.0,0.9590279388085369,1108042.75,0.930297840102118
130489672.0,0.9631851039508885,783351.625,0.9507227521652355
129539512.0,0.9661366032286502,800082.875,0.9496702646455567
122466904.0,0.9788570158096978,792871.9375,0.9501238698220374
95168072.0,0.9843276126242599,637278.3125,0.9599115889251089
105959928.0,0.9855889724218003,711644.4375,0.9552335404478522
