loss,r2,loss_test,r2_test
20586622.0,0.90958217740266,1232074.5,0.9224955498086203
