loss,r2,loss_test,r2_test
328041568.0,0.9575071489390456,1562553.375,0.901706553998111
209913792.0,0.9264866000080599,1048902.625,0.9340180948487052
191843312.0,0.9390274597313709,969844.25,0.9389913158665535
