loss,r2,loss_test,r2_test
474549056.0,0.8938753640775661,1943810.75,0.8777233117456503
318766464.0,0.8529794021757517,1297549.25,0.9183768187795592
253791936.0,0.8889391876925362,1150819.875,0.927606930152241
233853120.0,0.8917093032877716,1107032.125,0.9303614178617823
173740464.0,0.9269661679720499,930575.5625,0.9414615315351965
