loss,r2,loss_test,r2_test
20594892.0,0.9806141480353069,1371181.5,0.9137449264369255
19522244.0,0.9699566694021482,1452659.25,0.9086195199521651
13833976.0,0.9690711669613552,1238783.0,0.9220735522121483
11953465.0,0.9869457237998994,1190959.375,0.9250819232695859
