loss,r2,loss_test,r2_test
15600911.0,0.9605845823803346,1467547.0,0.9076829958608438
13472194.0,0.9640506474962375,1284089.875,0.9192234812393598
12512662.0,0.9655843768675854,1173350.375,0.9261896312465068
11467890.0,0.9663364459604626,1128027.75,0.9290406731444901
