loss,r2,loss_test,r2_test
18881048.0,0.9541426908690301,1269642.375,0.920132313954275
12300143.0,0.9740973861480846,1213906.5,0.9236384150252285
