loss,r2,loss_test,r2_test
4701312.5,0.9719889112314861,919497.4375,0.9421584099577897
3086136.75,0.9850662470571334,823126.875,0.9482206661043976
3374223.75,0.9882596864295095,793009.8125,0.9501151933924245
5322012.0,0.9662911965455737,756179.9375,0.9524320082214096
3149675.5,0.9762349009333429,583705.25,0.963281637977938
1604502.75,0.9918257619150965,464595.0,0.970774345942235
2102446.0,0.99079772924974,482438.5,0.9696518899111763
1407934.25,0.9939508817130949,480812.3125,0.9697541864127327
