loss,r2,loss_test,r2_test
202300672.0,0.9026047985718202,1513994.0,0.9047612132356637
170648864.0,0.9266980452204117,1262121.375,0.9206054267767154
166675376.0,0.9339903252117354,1220987.375,0.9231929898438361
164681648.0,0.9361706044360827,1204788.125,0.9242120162848269
163582496.0,0.9286703599209,1224975.25,0.9229421274839946
