loss,r2,loss_test,r2_test
623245056.0,0.07896209627133466,13620890.0,0.14316900212403294
65837028.0,0.8389539632253671,1389529.0,0.9125907726726256
62160968.0,0.853925446113363,1297694.25,0.9183676922806737
63903160.0,0.8423864375890321,1295377.0,0.9185134566080866
60483608.0,0.8609056088516571,1255191.125,0.9210413826158986
60721180.0,0.8618807394095709,1264362.875,0.9204644328476965
66290972.0,0.8673943924006761,1409873.75,0.9113109665625999
59316760.0,0.8694297417375507,1240781.875,0.9219478015485033
