loss,r2,loss_test,r2_test
631972224.0,0.16126621850324308,13554202.0,0.14736410979593473
133571808.0,0.8996378660428768,2881910.0,0.8187115647081257
67080404.0,0.9106514902134651,1385590.25,0.912838537713669
62236208.0,0.8966758517974901,1244988.125,0.9216831994791462
60012484.0,0.9014198878787152,1222471.625,0.9230996184494019
58826764.0,0.8951812427264023,1193569.125,0.9249177533790127
