loss,r2,loss_test,r2_test
83321872.0,0.8677068446163752,1873031.75,0.8821757174199134
54630720.0,0.9399349321948157,1257335.125,0.920906510183791
52893432.0,0.9382424370436727,1219064.75,0.9233139398589583
52456312.0,0.9442693613540918,1208999.0,0.9239471316956549
52257404.0,0.9401210279153536,1204377.25,0.9242378554813281
52194776.0,0.9382432934709911,1202077.125,0.9243825557637794
91182976.0,0.8316961980320483,2012209.875,0.873420623553516
