loss,r2,loss_test,r2_test
124991272.0,0.856775859867429,2957805.0,0.81393733873896
76529944.0,0.900839710496503,1795330.125,0.8870635820525796
55018940.0,0.918068528059812,1304659.5,0.9179295429881406
51681380.0,0.9218901224062365,1243140.125,0.9217994615153388
57317616.0,0.9222588306162217,1348971.375,0.915142070660609
54015340.0,0.9083343262160187,1303418.25,0.9180076240603932
