loss,r2,loss_test,r2_test
615544704.0,0.138623318185088,13496408.0,0.15099961840787857
79971256.0,0.9613197942257632,1724811.625,0.8914995943839986
66054308.0,0.9608774709790348,1403025.75,0.9117417532457602
60261040.0,0.9687157606569855,1283955.875,0.9192319115572426
58037036.0,0.9712143251010242,1230655.875,0.9225847853081292
60271504.0,0.972458134749123,1271654.25,0.9200057608727897
57902180.0,0.976167329809013,1224871.0,0.9229486843530894
