loss,r2,loss_test,r2_test
580716224.0,0.17536814149920033,13382947.0,0.15813696964860402
159923248.0,0.8786260707410826,3707056.25,0.7668052366278053
95035136.0,0.938480682496965,2123602.5,0.8664133928649691
61998424.0,0.9755303027630617,1317301.75,0.917134276739229
70727104.0,0.9585065127705279,1510657.0,0.9049711308411886
58753436.0,0.9754577603663523,1237634.875,0.922145767828028
60645852.0,0.9741528551995587,1291264.75,0.9187721542242082
