loss,r2,loss_test,r2_test
546499264.0,0.07126050318019517,13693289.0,0.13861469843760388
57646780.0,0.9326691565178407,1341205.875,0.915630564669765
95829136.0,0.7976446281531138,2235768.0,0.8593575445391792
53029388.0,0.914870559669929,1259848.375,0.9207484074661896
63256840.0,0.8738978064334442,1506303.0,0.905245023061728
