loss,r2,loss_test,r2_test
5685432.0,0.9221924078961408,1289752.0,0.9188673040295681
1035887.75,0.9865111857457102,861495.3125,0.9458070645484647
1090918.25,0.9860700629883329,691965.25,0.9564714738373309
964615.0,0.986436651797278,669307.1875,0.9578967891271521
