loss,r2,loss_test,r2_test
50852196.0,0.9412072911514955,1278820.75,0.9195549469571859
38153124.0,0.9609043693336867,1000102.875,0.9370878795420691
36111484.0,0.9611445698821806,964663.8125,0.9393171893119342
29366232.0,0.974432394148155,756238.5,0.9524283215042578
