loss,r2,loss_test,r2_test
30747382.0,0.9375278551899854,886354.0,0.9442433259482022
