loss,r2,loss_test,r2_test
36041128.0,0.9210067410694802,937869.6875,0.9410026944476644
22755974.0,0.9592270947976549,625097.625,0.9606778236535332
22132540.0,0.9525980538473753,600219.9375,0.9622427753180623
20773048.0,0.9560085788944658,578888.0625,0.9635846723103254
23837608.0,0.9483285613695936,611527.3125,0.961531474414835
