loss,r2,loss_test,r2_test
36059956.0,0.9403115077744686,1208386.375,0.9239856723790342
35321700.0,0.9308618226983428,1155645.375,0.9273033623211736
22976962.0,0.9519505572926046,885430.0625,0.9443014434380379
16799680.0,0.9789750566357804,672198.5,0.9577149124742791
