loss,r2,loss_test,r2_test
3153265.5,0.9366918897300951,1279539.5,0.9195097336596126
2804100.0,0.9417481961694645,1173933.625,0.9261529351272836
2509819.5,0.9433055790353806,1140597.0,0.9282500015553152
2218884.5,0.9479430577560206,1067373.75,0.9328561587017872
1789369.0,0.9564172661144275,1008690.5,0.9365476611939909
1678135.75,0.9581113756588616,924708.0,0.9418306420749671
1681897.25,0.9560571379537907,820411.0,0.94839151053978
1195532.0,0.9688857637953014,740326.8125,0.9534292588459026
1280694.875,0.9709968959047893,631754.375,0.9602590801175546
