loss,r2,loss_test,r2_test
74735752.0,0.8396306038923741,1231881.5,0.9225076909919934
71524624.0,0.9649529027416943,1232116.75,0.9224928927664859
45059636.0,0.9412063573509866,832673.25,0.9476201479168121
35008912.0,0.9190757681328483,632688.8125,0.9602002970914677
28665920.0,0.9419656999578989,546892.25,0.9655973833453168
27760518.0,0.89300107210413,535090.875,0.9663397582573291
