loss,r2,loss_test,r2_test
55626788.0,0.9677199766379971,1087365.125,0.931598589316925
40762708.0,0.9462788015804193,829911.75,0.9477938564186325
30475838.0,0.9748702932583387,650148.125,0.9591020088374973
40030552.0,0.9825186671385541,808853.8125,0.9491185226485398
27494152.0,0.970796650003761,581167.6875,0.963441264030005
24531974.0,0.9821618208540055,518449.3125,0.9673866065332656
24074296.0,0.9675107272055191,510466.1875,0.9678887905490419
