loss,r2,loss_test,r2_test
3636787.25,0.8935029423203712,1118949.5,0.9296117467698465
2653600.25,0.9295856147997271,995981.8125,0.9373471143142345
1279157.125,0.9748849193069109,802299.375,0.94953083387972
919260.875,0.9830665999427822,781602.0625,0.9508328074715188
894540.375,0.9854588549447808,672535.3125,0.9576937255433519
946247.625,0.9826153680873223,598106.125,0.9623757399569032
