loss,r2,loss_test,r2_test
2652641.25,0.9523589181063455,1269026.125,0.9201710843641593
2371829.5,0.9535967727120839,1155087.375,0.9273384679028321
1229866.25,0.9758676922446957,709919.0625,0.9553420749038044
1059459.625,0.9787661107012832,713367.6875,0.9551251381574056
