loss,r2,loss_test,r2_test
79532584.0,0.9517310285213169,1238760.375,0.9220749712995674
60312416.0,0.9659017824544639,1069749.125,0.9327067259235817
52611684.0,0.9781259443761677,952023.375,0.9401123422665963
31755016.0,0.9823466367389172,655206.3125,0.9587838183557922
26932190.0,0.9875085896700151,564749.25,0.9644740768232347
26394348.0,0.9821054276759895,563059.3125,0.9645803842344596
