loss,r2,loss_test,r2_test
59501952.0,0.7701639070092443,4528590.0,0.7151260677923794
15952468.0,0.9486085096946266,1298686.25,0.9183052894783907
14119610.0,0.9553565604207552,1170847.375,0.9263470802993528
13901417.0,0.9568882616976789,1157432.25,0.927190964848982
13868852.0,0.9570723980739256,1149104.875,0.9277147959133283
