loss,r2,loss_test,r2_test
22159970.0,0.9380314019095423,1527724.125,0.9038975200739998
19403068.0,0.9441242986667233,1340881.375,0.9156509821232435
18492620.0,0.9477254475836068,1258211.0,0.9208514161819893
19480278.0,0.9517521936501935,1313251.625,0.9173890443082559
17733688.0,0.95327319696225,1190811.25,0.9250912400729966
17512120.0,0.9531453354801263,1167006.5,0.9265886920606006
