loss,r2,loss_test,r2_test
56869316.0,0.8821955953554464,2759301.0,0.8264243784992232
55003296.0,0.8801586992636864,2126776.25,0.8662137574917239
52887408.0,0.8813572634727687,2131508.75,0.8659160417463166
47730200.0,0.8960130942643727,1914794.75,0.8795485804981299
43763536.0,0.8934489882339206,1883447.75,0.8815205011149607
40767384.0,0.9040647339265258,1668859.125,0.8950193232174768
