loss,r2,loss_test,r2_test
656476672.0,0.9645179550637148,1115600.75,0.9298224102410516
509775328.0,0.9946354851827399,964468.1875,0.9393295039541556
384411072.0,0.9974589526134816,731597.9375,0.9539783522149522
333259008.0,0.9720784179755275,623769.1875,0.9607613884305175
234373936.0,0.9784318327823714,472915.25,0.9702509581070791
