loss,r2,loss_test,r2_test
742062464.0,0.7385194612117096,1250161.375,0.9213577834312994
729227136.0,0.7408640708563816,1215416.0,0.923543467304246
547893568.0,0.7895627471370722,905315.9375,0.9430505115917974
434311200.0,0.8473436298896847,749259.6875,0.9528673293113772
421963680.0,0.8829851910473246,722175.875,0.9545710549515297
