loss,r2,loss_test,r2_test
68989528.0,0.9329955738037452,1039039.9375,0.9346385146610178
60139000.0,0.9083801446643045,1004930.875,0.9367841614984068
