loss,r2,loss_test,r2_test
1820068.375,0.9727790289614054,904550.4375,0.9430986617716176
