loss,r2,loss_test,r2_test
5094145.0,0.9531632502505355,1260070.875,0.9207344149277858
5196719.0,0.9604779495214094,1193156.125,0.9249437401732358
5012839.5,0.9615331307149414,1156764.0,0.9272330020076739
3189236.5,0.9837646464491789,738727.3125,0.9535298744078221
