loss,r2,loss_test,r2_test
64829512.0,0.948028882921915,1159570.875,0.9270564376569858
54908668.0,0.952200473576101,1036401.8125,0.9348044639091998
55764512.0,0.9182924398028239,1067176.0,0.9328685958003948
41619072.0,0.9469281760662613,811223.25,0.9489694659297028
35148428.0,0.9436690936716492,682494.5,0.9570672365405078
