loss,r2,loss_test,r2_test
116511112.0,0.9253074309795934,1532624.5,0.9035892448041372
116415312.0,0.9310351284862893,1459586.0,0.9081837912682713
82111728.0,0.9507733197489769,1226873.375,0.9228227227924057
57062680.0,0.9688874373758543,1030501.0625,0.9351756577983702
53196912.0,0.9703019461703151,997909.4375,0.9372258522488613
42320404.0,0.9862887576063066,826351.5625,0.9480178137012184
42257520.0,0.9772866507461829,825747.6875,0.9480558034297
33661360.0,0.988614467802905,627285.0625,0.9605402228421069
