loss,r2,loss_test,r2_test
1756604.25,0.9557965260798945,1147364.625,0.9278242779770027
