loss,r2,loss_test,r2_test
327593888.0,0.2820480628427565,11228633.0,0.2936555187322921
38408852.0,0.9325441594295487,1244294.125,0.9217268693010102
38829860.0,0.9226687642659949,1223742.875,0.9230196579999175
36567348.0,0.9370215785549486,1188388.625,0.9252436395669816
37474176.0,0.9519855662156191,1310987.375,0.9175314819324101
36115124.0,0.9155554767392954,1119697.125,0.9295647276855786
20554170.0,0.9564580834534309,747348.6875,0.9529875355307613
