loss,r2,loss_test,r2_test
89065152.0,0.9647192163942939,956794.9375,0.9398121904705857
