loss,r2,loss_test,r2_test
114659240.0,0.8878252665346642,1188236.25,0.9252532198267781
86148400.0,0.8969651489419205,966233.625,0.939218443954018
