loss,r2,loss_test,r2_test
95976984.0,0.9730874180013238,1142757.25,0.928114108342564
97918376.0,0.9720588624780669,1127364.25,0.9290824132747968
51049432.0,0.9900112711748871,685402.4375,0.9568843092913453
44772484.0,0.9911963410772617,624326.125,0.9607263581590106
32636332.0,0.9939421532867299,474716.59375,0.9701376434301542
