loss,r2,loss_test,r2_test
1308631.5,0.6824565020888869,599396.1875,0.9622945921832525
791968.75,0.7877592796198587,496245.90625,0.968783328977633
