loss,r2,loss_test,r2_test
2310786.75,0.9939852110427135,1240574.0,0.9219608771108956
782061.8125,0.9941035194612452,632581.6875,0.9602070325475427
824782.1875,0.9928682749278465,611145.75,0.9615554739580486
