loss,r2,loss_test,r2_test
4347083.0,0.9753417983542907,1264919.5,0.9204294129027676
1701850.625,0.9810184714668317,660802.5,0.9584317915856926
1500260.25,0.9825345775884714,595431.25,0.962544009766932
