loss,r2,loss_test,r2_test
23222938.0,0.7806946532676213,1434151.75,0.9097837476787607
19948180.0,0.8255356283913933,1202915.875,0.9243297869962217
19426960.0,0.8352219333481499,1179058.5,0.9258305484896088
18660806.0,0.8642895566719911,1147590.5,0.9278100784832743
17681562.0,0.8868727748790033,1100084.375,0.9307984709739296
16951286.0,0.8959285785529834,1115060.0,0.9298564206751267
15449060.0,0.9276437086579188,1016387.1875,0.9360634949896979
15007056.0,0.9358342952596114,1019840.0,0.9358462973638403
15047553.0,0.9410423562637811,1056994.25,0.9335090931353625
