loss,r2,loss_test,r2_test
20377318.0,0.9275956660057626,1269742.0,0.9201260486464479
21630952.0,0.9407346624984093,1324521.375,0.9166801244509688
17921388.0,0.9488877609373472,1163935.875,0.9267818445616051
17552618.0,0.9455852024884677,1160365.0,0.9270064853083627
15721992.0,0.9556612337752043,1095674.625,0.9310758669957782
14679384.0,0.9524500846278885,1092086.625,0.931301579110013
13420761.0,0.9582872637131699,1017081.25,0.9360198370394436
13191008.0,0.9536172103326739,1047606.5,0.934099627717949
11877449.0,0.9576778366359204,962012.8125,0.9394839613696765
