loss,r2,loss_test,r2_test
19369552.0,0.8529130883330531,1228491.375,0.9227209537710418
18761420.0,0.8582124476538338,1206709.125,0.9240911739506975
18677888.0,0.8759744313838651,1218795.0,0.9233308976158522
17887964.0,0.8776326833648007,1170036.875,0.9263980680589581
17462778.0,0.8742499132654774,1139120.875,0.9283428612360412
16503664.0,0.8860281932088416,1078753.25,0.9321403247127737
15659146.0,0.9045776127945001,1034055.875,0.9349520422984814
15333872.0,0.9061648566030653,1019691.5625,0.9358556346334436
16450168.0,0.9330801586907318,1142016.0,0.9281607302309688
