loss,r2,loss_test,r2_test
18739656.0,0.9456056571449706,1286449.625,0.9190750426335297
19197460.0,0.9518699929867652,1303380.25,0.918010020672547
18359444.0,0.9524317065295623,1240953.0,0.9219370384464887
17393006.0,0.9528243191050549,1177904.875,0.9259031228673228
17285674.0,0.9501145542227349,1179996.875,0.9257715225795227
16103164.0,0.9542459283061068,1086237.125,0.9316695405918088
16247718.0,0.9484168722964371,1113316.0,0.9299661265898959
14604432.0,0.960834275559973,993890.4375,0.9374786728034545
13750379.0,0.9603485492060758,958318.1875,0.9397163707710283
