loss,r2,loss_test,r2_test
1066894.125,0.9685573517935876,1215736.625,0.9235232885758647
