loss,r2,loss_test,r2_test
2060035.5,0.8927877533817914,1228537.125,0.9227180619690295
