loss,r2,loss_test,r2_test
1907263.5,0.9447650691919885,1280944.25,0.9194213674555618
1591589.375,0.9356006005945047,1024814.3125,0.9355333824129334
