loss,r2,loss_test,r2_test
32254258.0,0.8008004224725488,1230556.25,0.9225910474313875
29546732.0,0.8238911228333149,1191114.75,0.9250721462214114
26968920.0,0.8332866524366894,1124185.125,0.9292824010496576
19917610.0,0.8967810850507074,923306.1875,0.9419188209795126
