loss,r2,loss_test,r2_test
34146592.0,0.922051296590322,1446651.625,0.908997431893037
26865454.0,0.9442321978469296,1124223.375,0.929279991110539
23014912.0,0.9463846232342746,1026097.625,0.9354526586146488
