loss,r2,loss_test,r2_test
31826990.0,0.9411567061758789,1280256.25,0.9194646455157032
29526660.0,0.9465592096118874,1198498.25,0.9246076868952916
22887076.0,0.9371892608709852,941344.4375,0.9407841083796793
16485719.0,0.9565162199641329,682075.0,0.9570936250622095
