loss,r2,loss_test,r2_test
39851232.0,0.8952933044608338,1719989.875,0.8918029099536183
27027866.0,0.9311723824424465,1346442.5,0.9153011510995663
9627501.0,0.9760157919525229,486483.875,0.9693974147825503
8242543.5,0.9824822835670284,450317.34375,0.971672493182866
8601669.0,0.9854187373925128,441022.78125,0.9722571739332937
6506752.5,0.993346298666152,383877.8125,0.9758519154125165
