loss,r2,loss_test,r2_test
170464240.0,0.060124542199479825,14987703.0,0.05718868724367998
165012176.0,0.08494277323715249,14500116.0,0.08786077486102628
157800128.0,0.12781908771407513,13873565.0,0.12727435103820917
