loss,r2,loss_test,r2_test
162452592.0,0.08045848922360366,14424053.0,0.09264556049109307
101429072.0,0.38279872467460596,8993909.0,0.434232254595331
34561712.0,0.813621826445279,3130066.5,0.8031010973351417
19949386.0,0.8993515608958957,1932832.5,0.8784139004684045
