loss,r2,loss_test,r2_test
169064256.0,-0.017690807108747153,15347893.0,0.03453077221768408
166567568.0,-0.010449432891513677,15111084.0,0.04942735496082584
141868352.0,0.12672670662818308,12699804.0,0.20111052697415666
31314984.0,0.7455683375383805,2469690.5,0.8446425128056068
