loss,r2,loss_test,r2_test
188964768.0,-0.014787725219183034,15327196.0,0.035832770309055184
185847520.0,-0.015865903606805176,15080436.0,0.05135528164093495
171959072.0,0.059891685892518476,13895359.0,0.125903279110961
45772308.0,0.780506194171884,3610933.75,0.7728518394188718
24256522.0,0.8772085737152551,1932941.375,0.8784070540341182
