loss,r2,loss_test,r2_test
178278064.0,0.09503547903082366,14576795.0,0.08303726775274212
100978512.0,0.5530832739486425,8100731.5,0.49041817133416055
