loss,r2,loss_test,r2_test
633452672.0,0.15917097902575028,13586563.0,0.1453283905063174
136606672.0,0.896695707444368,2955170.5,0.8141030547726776
93547312.0,0.9139479264283212,1854117.75,0.8833655211295979
69501280.0,0.9258954140427174,1419451.0,0.9107085063972399
