loss,r2,loss_test,r2_test
693942848.0,0.04916932546468844,14972897.0,0.05812019791881795
621632000.0,0.1509236866392477,13390044.0,0.15769047225991917
158137472.0,0.803041682995578,3358289.5,0.7887445892025804
94541360.0,0.9206723726155178,1846412.875,0.883850195806246
82561256.0,0.9346983445811656,1437311.625,0.9095849752002332
