loss,r2,loss_test,r2_test
601868096.0,0.07658501879740542,13264844.0,0.16556628642939397
154377584.0,0.7984873623773089,3570715.0,0.7753818447332279
80583968.0,0.9332603248911941,1784573.0,0.8877402666589644
62460540.0,0.9509597593432655,1359129.875,0.914503040585639
