loss,r2,loss_test,r2_test
583339136.0,0.17149639279605733,13444852.0,0.15424283331759459
161601216.0,0.8749192086496197,3748674.5,0.7641871842950128
96671224.0,0.9366161483593444,2158752.0,0.8642022967930354
65428016.0,0.9740352969543296,1387889.625,0.9126938982931481
