loss,r2,loss_test,r2_test
71841688.0,-0.007128345996304963,14974968.0,0.05798988384093773
9179529.0,0.9610620033467902,2276248.75,0.8568110703578533
4665410.0,0.9738394669769546,1395220.875,0.9122327184825256
4886269.5,0.9643120186189822,1280274.25,0.9194635185596739
4535185.0,0.9680868716458559,1241251.5,0.9219182586532926
4189141.5,0.9696849892305789,1216646.25,0.923466078001295
4447301.0,0.9645037425133846,1215424.25,0.9235429446910945
4051315.25,0.9693398624291186,1175887.125,0.9260300530186738
3890267.0,0.9716901485529686,1181580.25,0.9256719299743837
