loss,r2,loss_test,r2_test
364545312.0,0.840687368969758,2707925.5,0.8296561907477396
320912768.0,0.8500249358166743,2263549.25,0.8576099390691274
280780640.0,0.9080739894057586,1722785.25,0.8916270686587581
273173120.0,0.9206847509368752,1662886.375,0.8953950423944679
267027392.0,0.9182008476437209,1643853.0,0.8965923591730753
259342880.0,0.9292498683738352,1559902.75,0.9018732970341773
253963664.0,0.9340017750738976,1443827.25,0.9091750999093997
254646288.0,0.9291399396561016,1559089.125,0.9019244751298677
242788864.0,0.9292978683268518,1510155.0,0.9050027109550572
