loss,r2,loss_test,r2_test
88590408.0,0.06624539024045273,14731904.0,0.07327993969297686
15698571.0,0.9375255432435455,2565251.25,0.8386312040034725
11928534.0,0.9001288061592773,1460451.0,0.9081293714149956
11489111.0,0.9441757572498678,1329343.5,0.9163767689429918
11990532.0,0.8796767695845145,1412305.5,0.9111580012305638
11125374.0,0.9071782042875269,1261202.375,0.9206632357829978
10905978.0,0.9107477821517186,1237082.125,0.9221805377463689
10666851.0,0.9213356751679626,1195032.25,0.9248257134230544
10747269.0,0.9172570991683898,1198504.375,0.9246072993636952
