loss,r2,loss_test,r2_test
278665696.0,0.8556478086146155,2505154.25,0.8424116249999143
178312800.0,0.8528773013607877,1466190.25,0.9077683385498598
169840624.0,0.8582402960938326,1294510.375,0.91856798211208
167556176.0,0.8486166153851467,1322424.0,0.9168120543256294
167301360.0,0.8502248066452338,1356082.625,0.9146947379066264
164167024.0,0.872593576299741,1336541.625,0.9159239734677368
157581728.0,0.8782418068503969,1270308.25,0.9200904332994491
149650720.0,0.8897553127593458,1193849.125,0.9249001415229318
173200992.0,0.8562710619647123,1432845.375,0.9098659274921701
