loss,r2,loss_test,r2_test
94114664.0,0.016942762016112778,14726299.0,0.07363262609928367
10120677.0,0.9205564230864488,2572773.5,0.8381579989129229
6088737.5,0.9684377335201297,1363870.125,0.9142048589669076
6708547.5,0.9826058141730614,1499719.375,0.9056591665678431
5914637.5,0.9846196446482179,1308945.125,0.9176599450850919
5509632.5,0.9820079570396955,1221800.25,0.9231418476044428
6219126.5,0.9700084446489179,1317840.875,0.9171003564602429
5289509.0,0.9858702406617763,1236985.0,0.9221866522706603
5391579.0,0.9849341762512658,1255425.125,0.921026664659573
