loss,r2,loss_test,r2_test
272870912.0,0.8044110551622172,2518060.5,0.8415997598127876
160753776.0,0.915690885042266,1444892.25,0.909108116626698
140024080.0,0.9339141499046657,1249160.625,0.9214207355995631
146762208.0,0.935028573553891,1321345.0,0.9168799244714058
139872208.0,0.9302860907975014,1246153.375,0.9216099035749267
137268096.0,0.9421466730062107,1229747.875,0.9226419049673577
153694384.0,0.9441764758048319,1384471.0,0.9129089447309126
134854304.0,0.9415033084267829,1190583.125,0.9251055928323811
133371288.0,0.9423812348923836,1171335.75,0.9263163596970689
