loss,r2,loss_test,r2_test
39024252.0,0.9542312915239074,1286688.75,0.9190599977605004
39279984.0,0.9567930855146404,1308306.375,0.9177001334666468
43890512.0,0.9325647848152934,1378422.125,0.91328945711891
39132652.0,0.9458772249089084,1224217.0,0.9229898242919734
38071324.0,0.9524433106781764,1209535.875,0.9239133465831635
37273920.0,0.9539301116208604,1137905.375,0.928419313099737
44256056.0,0.9610935458138684,1607245.125,0.8988951937466054
