loss,r2,loss_test,r2_test
40868380.0,0.9252268679022811,1667968.0,0.8950753841279798
32400162.0,0.9035084250575289,1298331.625,0.9183275952362513
33126964.0,0.8780393583910185,1318813.25,0.9170391924541257
28527374.0,0.9069611532545327,1167489.375,0.9265583214485638
28000116.0,0.9151744948848841,1168169.625,0.9265155189729423
25362058.0,0.9213833987845109,1085018.0,0.9317462350778875
25076802.0,0.9212305770409318,1074128.0,0.9324312750892898
