loss,r2,loss_test,r2_test
90348920.0,0.9186389871469993,2359324.5,0.8515851529215276
91436688.0,0.9180452360831719,2327342.75,0.8535969820290035
89041544.0,0.9218347518027296,2255281.5,0.8581300278573155
83614120.0,0.9133213712651274,2180154.5,0.8628559563400154
78800808.0,0.919336686005024,2082443.375,0.869002540749409
74238120.0,0.9266221472118299,1907208.5,0.8800257934340211
57804864.0,0.9320535092081249,1587116.25,0.9001614080535703
43449356.0,0.9423063024164996,1445257.375,0.9090851392270831
39819988.0,0.9237840810636005,1336045.625,0.9159551835681431
