loss,r2,loss_test,r2_test
52349976.0,0.837067435562911,1475673.375,0.907171799662885
51085848.0,0.8406671742024131,1427823.75,0.9101818131213594
47467652.0,0.8442445418234513,1398402.25,0.9120325904935603
44989332.0,0.8732480185492068,1303254.5,0.9180179190725404
42069976.0,0.876339263103541,1247817.75,0.9215052086349622
40133092.0,0.8922900011569278,1246043.375,0.9216168244926682
39425480.0,0.8990476156794565,1252470.875,0.9212125083862612
35859512.0,0.8982969410929984,1164719.125,0.9267325810025757
