loss,r2,loss_test,r2_test
174837168.0,0.931097610441999,1528974.75,0.9038188377213601
191991776.0,0.9713309005945789,1795709.875,0.8870396877110686
146898976.0,0.9702149199148118,1308756.0,0.9176718511997939
149930784.0,0.9708391820949847,1339922.25,0.9157113145063889
146177616.0,0.9716007266433123,1305013.125,0.9179072915888963
147457616.0,0.9509531682222524,1231561.25,0.9225278378697467
141759568.0,0.9634223158594885,1228543.0,0.9227176994118395
141872912.0,0.9678906968703543,1238233.875,0.9221080888549423
143549696.0,0.9745373948376328,1286681.375,0.9190604674599974
