loss,r2,loss_test,r2_test
169627680.0,0.9498673722322968,1628661.0,0.8975480178814177
243079184.0,0.9133561532486518,2288367.0,0.8560487888690855
121702216.0,0.9716280423582051,1215406.125,0.9235440885528597
142859264.0,0.9735193934140334,1448335.25,0.9088915283314709
117548520.0,0.9717954377360332,1182040.125,0.9256429922386281
127111112.0,0.9638876997010194,1260008.125,0.9207383588319664
