loss,r2,loss_test,r2_test
164151504.0,0.5983718682146288,2244729.0,0.8587938643143889
91152464.0,0.8547409172046794,1272686.125,0.9199408547123731
94050488.0,0.8539645800369039,1303040.5,0.918031380481541
85248440.0,0.8450686166201037,1241560.125,0.921898848537818
98345240.0,0.7879968601483025,1433180.625,0.9098448370900925
93226096.0,0.7778476893981139,1355949.625,0.9147030954076052
