loss,r2,loss_test,r2_test
126837896.0,0.8417807245431749,1296144.75,0.9184651632158009
121194544.0,0.8675087221185824,1274977.25,0.9197967171539987
171632352.0,0.8888337301668807,1899158.875,0.8805321617433077
119609904.0,0.8581545470489181,1233367.125,0.9224142341486001
118521104.0,0.8522050334284899,1204211.25,0.9242483065304606
