loss,r2,loss_test,r2_test
94447896.0,0.9055014061347759,1344113.875,0.9154476340624017
86705384.0,0.9019191039646625,1228361.25,0.9227291333701547
86066176.0,0.9046532717432992,1220564.25,0.9232196050900243
85221720.0,0.9060110936636395,1210037.25,0.9238818184548917
84289408.0,0.9194668929434605,1219844.875,0.9232648536695268
85256600.0,0.9271524163881824,1255605.0,0.9210153440633294
