loss,r2,loss_test,r2_test
214227040.0,0.7367745656070278,2438834.5,0.8465835112454959
121265880.0,0.8897907719403972,1403258.875,0.9117270698582491
129344512.0,0.8495071366749725,1528227.625,0.9038658450039423
106052392.0,0.9368800610119501,1263164.75,0.920539792271181
110447696.0,0.8750134061278303,1336185.75,0.9159463638047954
121464808.0,0.8785369301104546,1464466.375,0.9078767857078403
