loss,r2,loss_test,r2_test
155089184.0,0.9078295593815594,1249439.375,0.9214031913561332
172629648.0,0.9039697194734609,1347463.375,0.9152369392924049
196506272.0,0.8979622319246053,1521577.375,0.9042841816622876
149901888.0,0.9168703547730597,1167224.125,0.926575003440199
