loss,r2,loss_test,r2_test
35245676.0,0.046401791640320544,14857059.0,0.06540686426031272
2243664.5,0.979182147165158,1508356.5,0.9051158352540476
2126706.75,0.96457881274726,1174883.375,0.9260931910250203
