loss,r2,loss_test,r2_test
5308621.0,0.9097730813256724,1375132.375,0.9134963995219421
5317574.0,0.9143746634798148,1398258.0,0.9120416709026564
5271226.0,0.9175036373346187,1429299.625,0.9100889724508142
