loss,r2,loss_test,r2_test
58334804.0,0.9430923481202824,1165278.875,0.9266973747146221
