loss,r2,loss_test,r2_test
450084416.0,0.311718716188779,10807217.0,0.3201649294160005
83942800.0,0.9264121281760731,1920831.25,0.8791688485943728
51987396.0,0.9232666604095898,1203405.125,0.9242990172592148
51709840.0,0.9224329806212402,1197207.625,0.92468887464332
50814656.0,0.9291277196231219,1173093.0,0.9262058224691173
