loss,r2,loss_test,r2_test
69212120.0,0.8746460582115417,1811789.375,0.8860282066641594
42364120.0,0.9713771910811883,1205110.25,0.9241917515550472
