loss,r2,loss_test,r2_test
85778112.0,0.8964331609819703,1929073.25,0.8786503895686966
53239860.0,0.9689763352040038,1184361.75,0.9254969458991823
51431676.0,0.9720012353490277,1150404.75,0.9276330409709277
