loss,r2,loss_test,r2_test
34250692.0,0.08358125543201733,14653550.0,0.07820883633960418
4972985.0,0.8651464542251817,1818635.375,0.8855975580102661
3476974.0,0.8964638440898768,1291119.375,0.9187812863833857
3478215.5,0.9061030672069659,1248179.625,0.9214824443105062
3578195.0,0.9114254443609691,1191031.625,0.9250773779622063
3654904.5,0.9110693122291749,1228758.25,0.9227041630217492
