loss,r2,loss_test,r2_test
44430984.0,0.9302770163951105,1410907.75,0.9112459278449555
49076948.0,0.9039808686486153,1490239.625,0.9062554970156632
42168188.0,0.9198973108213228,1305362.75,0.917885302646927
32107656.0,0.9382256514684495,1060661.375,0.933278401030179
30190162.0,0.9316024228222732,1159836.375,0.9270397358593035
28284474.0,0.9307663635569454,1135064.375,0.9285980338567498
23866160.0,0.9271998596859892,917963.6875,0.9422548979744595
16238976.0,0.9522337388409159,740248.5,0.9534341851920745
16240620.0,0.9475296347709564,790537.4375,0.9502707252903294
