loss,r2,loss_test,r2_test
38804540.0,0.9628402755709607,1203481.75,0.9242941864049639
42635536.0,0.9324093840363574,1454497.25,0.9085038935693444
32577410.0,0.9655925462086884,1128106.25,0.9290357434289558
32147180.0,0.9687048762303898,1128950.375,0.9289826393428492
32312218.0,0.9453567534313033,1129108.875,0.9289726726337926
24318474.0,0.9764352577290202,872145.3125,0.9451371318034711
20755614.0,0.9629499143243826,780621.0,0.9508945233444535
16888376.0,0.9757333474133868,675018.875,0.9575374990732115
14483603.0,0.9801598201573622,603766.9375,0.9620196480700174
