loss,r2,loss_test,r2_test
32559888.0,0.9612866757621591,1204100.5,0.9242552742731333
31697568.0,0.9602883587969878,1185643.75,0.9254163026471789
30845140.0,0.964181131381227,1137246.75,0.9284607461077679
29867482.0,0.9564725624938932,1157657.125,0.9271768241482359
25724698.0,0.9683851927896073,992596.75,0.9375600471282012
25370334.0,0.9741448544608045,956851.5625,0.9398086276352368
19379560.0,0.9786539207887986,786095.25,0.9505501682213449
16585094.0,0.9814034697257075,693916.6875,0.9563487141341311
15251971.0,0.9871433811698476,620769.3125,0.9609500948846321
