loss,r2,loss_test,r2_test
34608468.0,0.8567172519727582,1213002.625,0.9236952719968402
33764348.0,0.8746421047474234,1207111.0,0.9240658906212732
32616948.0,0.8867449523222446,1177707.875,0.9259155108035184
30307758.0,0.8837747026823565,1090227.0,0.931418557264219
26653690.0,0.9078269500548724,986217.8125,0.9379613248606242
23112732.0,0.9329141700781987,882297.5,0.9444984982453111
18124790.0,0.9521307529828018,754868.75,0.9525144899025223
16031722.0,0.964161857127523,740162.0625,0.9534396224615308
12689320.0,0.9702728759324905,611542.0625,0.9615305488959964
