loss,r2,loss_test,r2_test
30588680.0,0.9454856400299607,1202418.625,0.9243610744969031
29373086.0,0.9500204381894969,1171687.625,0.9262942282587636
34879064.0,0.9343589890413815,1383341.375,0.9129800057973942
28547694.0,0.9497917692951506,1139197.0,0.9283380676037487
24205024.0,0.9616347259275474,975690.875,0.938623531466639
28472490.0,0.9314252418312889,1171920.125,0.9262795944053029
19085148.0,0.9791856186716108,829208.6875,0.9478380831946094
15506110.0,0.9754536026052179,700089.3125,0.9559604257045436
13820258.0,0.9764713412388168,618690.5,0.9610808676764011
