loss,r2,loss_test,r2_test
39247424.0,0.8222242958657929,1246713.375,0.9215746855513879
36587388.0,0.8454537835198132,1217881.375,0.9233883825322485
35868024.0,0.903900330702783,1179723.875,0.9257886912361749
31628744.0,0.9265249591321121,1061872.25,0.933202232393756
35512612.0,0.9193535118989083,1305395.25,0.9178832537645939
26619334.0,0.950180766936573,991003.8125,0.9376602625600029
19903848.0,0.9670534235988983,776123.0,0.9511774769591839
20435872.0,0.9747534708919311,820350.125,0.948395339570072
13064242.0,0.9806534688221529,592401.5625,0.9627345918775139
