loss,r2,loss_test,r2_test
35178140.0,0.9527598883904362,1244452.875,0.921716882785732
35098700.0,0.9466328459196608,1257772.75,0.9208789811226403
38561328.0,0.9357030253638445,1417621.75,0.9108235689916679
30128772.0,0.955404555213733,1118929.625,0.9296129974203321
28054170.0,0.9599641193219439,1046464.875,0.9341714398229487
27750744.0,0.9507250922632731,1056549.0,0.9335370948298972
24221718.0,0.9571987529670785,920893.875,0.9420705646894454
18285664.0,0.9695076686590745,705572.625,0.955615489628137
15520464.0,0.9742522577134093,615349.875,0.9612910148929887
