loss,r2,loss_test,r2_test
36678116.0,0.9546865705484566,1246601.375,0.9215817278992058
34838020.0,0.9603603428085484,1200717.5,0.9244680789054197
46911356.0,0.9230056207098379,1500241.5,0.9056263332000195
31107336.0,0.9655632695981864,1094989.375,0.9311189814297838
28804772.0,0.969691576168004,1050321.25,0.9339288572304942
29645472.0,0.958283775650674,1051032.5,0.933884121485397
23256436.0,0.9734923209560827,904238.125,0.9431183065427636
25937978.0,0.9542701618531504,847699.8125,0.9466748961491487
17635284.0,0.975676708016021,603657.375,0.9620265371083807
