loss,r2,loss_test,r2_test
11308416.0,0.9341843701389265,1241511.125,0.9219019258658259
13823830.0,0.9056392536727169,1561606.25,0.9017661340680212
10673375.0,0.9308323932578139,1238481.25,0.9220925244603841
9573950.0,0.9416250690013794,1137585.375,0.9284394535098769
