loss,r2,loss_test,r2_test
270469536.0,0.938328062255381,1219406.625,0.9232924372510963
259586928.0,0.9419916002073637,1180707.875,0.9257267986221656
255178720.0,0.9313221731024178,1156341.125,0.9272596018332117
273771616.0,0.940549038322927,1279543.75,0.91950946742638
