loss,r2,loss_test,r2_test
138903760.0,0.05734227211601195,15858488.0,0.0024114568800778224
9692091.0,0.9512799950367365,1504274.125,0.9053726486741487
10819962.0,0.8663454814426457,1606105.5,0.8989668781944022
7834285.5,0.9052929752957336,1333718.125,0.9161015855894661
5967080.0,0.9531304574652424,1219474.875,0.9232881439231011
