loss,r2,loss_test,r2_test
253302960.0,0.8875027309837974,1241810.5,0.9218830957540862
257747872.0,0.8925204783544245,1289941.75,0.9188553722478688
241967360.0,0.8846245640336191,1161000.0,0.9269665407929938
214988576.0,0.9025366338002998,1039203.5,0.9346282249076996
