loss,r2,loss_test,r2_test
23777652.0,0.956214883758008,1901427.125,0.8803894875721868
19005430.0,0.9691839253223353,1488140.875,0.9063875309968983
17036634.0,0.9802061191712427,1331581.625,0.9162359937110109
14335126.0,0.9807545927590658,1296693.625,0.9184306328915657
