loss,r2,loss_test,r2_test
311026560.0,0.9527726904360393,1219161.0,0.9233078845117935
288232608.0,0.9665377553122845,1232825.75,0.9224482914199962
252706224.0,0.9675086203533545,1093966.625,0.9311833174036042
238406608.0,0.9700499746039672,1068336.375,0.932795602506746
