loss,r2,loss_test,r2_test
10278546.0,0.9815255019936796,1280159.5,0.9194707324483904
11391593.0,0.9736356387549125,1312817.5,0.917416358251347
9705817.0,0.985045617214909,1214874.875,0.9235774998029691
10971636.0,0.973586280323658,1289393.875,0.9188898386919033
