loss,r2,loss_test,r2_test
245555616.0,0.350539088545862,1195084.25,0.9248224456900244
254425200.0,0.39494679577183256,1218201.5,0.923368237226134
230520512.0,0.3799649953697657,1132628.125,0.928751291424007
227930720.0,0.43914263588771674,1109172.25,0.9302267852969782
