loss,r2,loss_test,r2_test
81453736.0,0.5132467121086186,6945710.5,0.5630755535088126
40343324.0,0.8610788595862798,3469406.25,0.7817547258164417
24736606.0,0.8859039639061427,2076736.375,0.8693615446797465
18116866.0,0.9026067065807991,1531950.75,0.9036316386300303
14896733.0,0.9482839719224013,1282719.0,0.9193097189037401
