loss,r2,loss_test,r2_test
134430672.0,0.1487164554205136,12097858.0,0.23897638110545372
23530244.0,0.8455590658762158,1737189.25,0.890720967316247
