loss,r2,loss_test,r2_test
172436448.0,0.029906475771506513,15336480.0,0.03524877352873734
141465696.0,0.18071732466193946,12559539.0,0.2099339793482553
