loss,r2,loss_test,r2_test
36637584.0,0.8750301786457781,3156322.5,0.8014494657576656
17022566.0,0.9654664245959023,1409965.125,0.9113052188494388
17025688.0,0.9670842953361188,1422026.125,0.9105465143699267
