loss,r2,loss_test,r2_test
22418016.0,0.7604833713485177,1517499.5,0.9045406994152441
20324632.0,0.7405491606967569,1287015.0,0.9190394745269125
