loss,r2,loss_test,r2_test
169322864.0,-0.020291478332453927,15374021.0,0.032887158139542905
166566080.0,-0.010513328578615422,15110761.0,0.049447767145541444
141614608.0,0.129199394706913,12671178.0,0.20291127253269248
31164956.0,0.7521030693153834,2476788.0,0.8441960330989949
