loss,r2,loss_test,r2_test
157502128.0,0.1481083617721073,12537086.0,0.21134641679367594
26116412.0,0.7711624504381056,1872386.125,0.8822163371121846
23087584.0,0.8031421889395021,1681624.375,0.8942163103775249
