loss,r2,loss_test,r2_test
83516304.0,0.950235430548216,598752.0,0.9623351137983966
