loss,r2,loss_test,r2_test
94335136.0,0.9567881650232487,408369.75,0.9743112321906474
82324632.0,0.9815077361385086,358742.15625,0.9774330902664298
82004848.0,0.9786609413361437,372859.53125,0.976545027312968
65843620.0,0.9826835883413126,342089.125,0.9784806592159285
69713824.0,0.9875997496938583,358237.46875,0.9774648371689467
