loss,r2,loss_test,r2_test
22876888.0,0.7912933724647606,2495090.5,0.8430446931687976
11106951.0,0.8997589354161988,1214184.875,0.9236209059590373
