loss,r2,loss_test,r2_test
10073506.0,0.9773500013288411,1456557.25,0.9083743105698657
