loss,r2,loss_test,r2_test
346604928.0,0.8207214746227705,1339734.625,0.9157231200282193
