loss,r2,loss_test,r2_test
243368496.0,0.9441568157825866,1247024.75,0.921555096312412
250976736.0,0.9391482903405848,1278585.5,0.9195697431212785
