loss,r2,loss_test,r2_test
358918720.0,0.9245457608828163,2237661.75,0.8592384234274475
228633072.0,0.9425903019192321,1311001.0,0.9175306233247523
206163648.0,0.955727966732427,1202310.0,0.9243678998231073
205021856.0,0.9595224813989685,1188514.875,0.92523568784265
