loss,r2,loss_test,r2_test
140930944.0,0.8572998280461507,1386979.875,0.9127511254303246
111060616.0,0.9332162388813126,1109408.375,0.9302119384437199
96252560.0,0.9330538688298519,964990.0625,0.9392966738683272
81329768.0,0.9551944815103666,828585.6875,0.9478772763554407
64097620.0,0.9503232329663541,659209.1875,0.9585320096129643
62725128.0,0.9384242767902409,654515.5,0.9588272726642126
52433552.0,0.9653444075587843,533932.0625,0.9664126534075108
