loss,r2,loss_test,r2_test
143400080.0,0.9617623737836348,1275093.625,0.9197894073061841
134983472.0,0.9697212045878748,1198609.125,0.9246007100143137
153070176.0,0.9501920310207723,1392105.375,0.912428702665769
131221936.0,0.9608493172582102,1202041.625,0.9243847858667673
125376144.0,0.9727870034031513,1182800.875,0.9255951353951132
77576656.0,0.9903560523663283,681114.4375,0.9571540524971168
53667556.0,0.9902785126300833,533734.375,0.9664250869728275
