loss,r2,loss_test,r2_test
107659296.0,0.9070195651563451,1217945.875,0.923384322218494
94300160.0,0.9437119918116323,1045145.875,0.9342544151722663
43873436.0,0.9619719737755981,539200.5625,0.9660812322882997
49270976.0,0.9349285400228443,628295.875,0.9604766359078497
