loss,r2,loss_test,r2_test
195546880.0,0.8890308657561056,1422247.125,0.9105326132211333
166776496.0,0.8455169886237195,1250522.5,0.9213350623473205
112352352.0,0.8917493843261617,1023152.5625,0.935637920739409
91076400.0,0.9436087646016011,889754.9375,0.9440293794107458
