loss,r2,loss_test,r2_test
146208528.0,0.9514296840288976,1223980.25,0.9230047205788887
139688016.0,0.9621831229443918,1208482.875,0.923979593972178
138509232.0,0.956086750966095,1178114.125,0.925889960583166
131251400.0,0.9682618271345256,1158142.25,0.9271463076060026
104437888.0,0.9675498834955072,907865.0625,0.9428901538788649
