loss,r2,loss_test,r2_test
131980928.0,0.9571398538083695,1233873.375,0.9223823894142864
