loss,r2,loss_test,r2_test
72935328.0,0.9798487581274811,545186.5,0.9657046897720659
52101692.0,0.9935197568046022,403991.90625,0.9745866228675247
74961176.0,0.948657066812528,597794.375,0.9623953548584417
69019848.0,0.9536325750698709,555851.375,0.9650338056893848
44473220.0,0.9809332816833402,368116.125,0.9768434117649637
47450352.0,0.9787353877914761,394276.75,0.975197763731267
40344452.0,0.9827334283759375,347948.5,0.9781120720740741
39059092.0,0.9840920335795668,331257.3125,0.979162041316011
