loss,r2,loss_test,r2_test
13411284.0,0.8758561824121867,1680377.125,0.8942947729405425
8173329.5,0.9669193584775525,1295418.625,0.9185108433805521
7147094.5,0.9738836928783441,1213266.25,0.9236786908628939
