loss,r2,loss_test,r2_test
74102992.0,0.23832919592701363,10719133.0,0.32570594451915424
6678162.5,0.9291358978311978,1209419.875,0.9239206521427558
7355503.5,0.9378074692366942,1286831.0,0.9190510557744647
