loss,r2,loss_test,r2_test
6002629.0,0.9746062556160296,1306919.25,0.9177873882392306
