loss,r2,loss_test,r2_test
145041728.0,0.8934133987717254,1374942.0,0.9135083733267435
132088464.0,0.9182514366278334,1227458.375,0.9227859219134773
