loss,r2,loss_test,r2_test
1069125760.0,0.25574161691082375,10533657.0,0.33737339693254087
140156384.0,0.9312796135644689,1259550.125,0.920767173121896
140925504.0,0.9418393733476637,1265556.375,0.9203893488793032
156049472.0,0.9370753477963409,1427898.5,0.9101771018678237
