loss,r2,loss_test,r2_test
141274592.0,0.9314302650462354,1305502.625,0.9178765006593452
132054656.0,0.9455374578925594,1207314.375,0.9240531079193678
164093888.0,0.9398104189735127,1580607.25,0.9005708607005478
125290728.0,0.9478552762048674,1174612.625,0.9261102275697982
