loss,r2,loss_test,r2_test
170254192.0,0.9688160423104435,1267348.5,0.9202766098033925
181963808.0,0.9541512317018688,1326558.625,0.9165519679730852
180332640.0,0.9747305149104398,1430253.875,0.9100289495118308
175745696.0,0.9630311557965904,1280136.25,0.9194721926100428
