loss,r2,loss_test,r2_test
129784848.0,0.9765242941924843,1324924.25,0.9166547727643858
124879664.0,0.9760513599335564,1295857.875,0.9184832169024216
115870072.0,0.9734765434587308,1191044.0,0.9250765986278984
136920256.0,0.9732206859805319,1420878.125,0.9106187298163642
