loss,r2,loss_test,r2_test
157002400.0,0.9464702911810122,1283647.0,0.9192513456956569
157049648.0,0.9299804523086687,1247254.625,0.921540625709807
154505536.0,0.9480060194680506,1287383.625,0.9190162941469832
143701520.0,0.9495842043575667,1194633.75,0.9248507819657898
