loss,r2,loss_test,r2_test
167787328.0,0.8179288505303363,1590458.75,0.8999511443765987
129928448.0,0.9387740622898794,1254870.375,0.92106155190345
165152944.0,0.819785244772691,1603400.375,0.8991370398383087
126270368.0,0.8819928471525758,1244676.0,0.9217028375535075
118699144.0,0.9236925910803147,1174535.75,0.9261150570050785
