loss,r2,loss_test,r2_test
157922032.0,0.9546757801285423,1618132.0,0.8982103393767508
121280376.0,0.9792060145590923,1281987.625,0.9193557315927652
149023168.0,0.955641021941454,1548231.875,0.9026074627055007
112665872.0,0.97824045695513,1200343.25,0.9244916269512716
