loss,r2,loss_test,r2_test
89764616.0,0.93942283792148,2167890.75,0.8636274111296209
54121876.0,0.9777264291699,1285531.0,0.9191328336150002
