loss,r2,loss_test,r2_test
48179992.0,-1.163038743892577,30982552.0,-0.9489777163041995
