loss,r2,loss_test,r2_test
67827824.0,-1.103941941828091,31125448.0,-0.957966616132568
16859862.0,0.4703212110435222,7872563.0,0.5047712765862921
