loss,r2,loss_test,r2_test
36512776.0,0.9076824140162029,1321404.0,0.9168762148632831
31525394.0,0.936905379769813,1186479.375,0.925363739904295
31412672.0,0.9465531169343989,1266213.0,0.9203480466319379
28501874.0,0.9467553802082778,1102087.875,0.9306724388422509
