loss,r2,loss_test,r2_test
4387096.0,0.8823744216227043,1365342.5,0.9141122398491326
3132396.0,0.9358682289396719,1662529.875,0.8954174607452967
2908904.75,0.9493914902940622,1858969.25,0.8830603164994444
3470462.5,0.912630566839761,1298926.75,0.9182901645179665
