loss,r2,loss_test,r2_test
24561128.0,0.8670297123515294,1196474.875,0.9247349637732739
23790368.0,0.8766373799750222,1170169.875,0.9263896909396729
26654872.0,0.824270940236155,1275393.0,0.9197705640670971
22018400.0,0.8863669971832464,1090462.0,0.9314037761652396
