loss,r2,loss_test,r2_test
725310.5,0.9895249931179178,1283183.5,0.9192805073039908
678901.75,0.9941426478039,1313796.0,0.9173548053563993
705215.25,0.9923386719487218,1352410.875,0.9149257100248537
632684.5625,0.9922575691897726,1231165.25,0.9225527451010703
