loss,r2,loss_test,r2_test
2038530.0,0.2518167617610074,1294178.0,0.9185888812555002
1850598.375,0.32277478663882575,1272830.5,0.9199317696992586
1702253.25,0.3736084836875532,1270911.25,0.9200524977352961
1963656.625,0.2148522062312871,1273239.25,0.9199060472385914
