loss,r2,loss_test,r2_test
408587616.0,0.4892142178069159,7975215.0,0.4983138799445098
