loss,r2,loss_test,r2_test
430763776.0,0.4751280814622114,7506741.0,0.5277835280085269
