loss,r2,loss_test,r2_test
88957320.0,0.8936679577793237,1703787.75,0.8928221210052799
76038848.0,0.9384155913312093,1420716.875,0.9106288724984378
