loss,r2,loss_test,r2_test
97688488.0,0.8754486292567925,1698306.5,0.8931669187710718
