loss,r2,loss_test,r2_test
496075008.0,0.3339253894835682,9929773.0,0.37536115273298887
154240368.0,0.8025061021677034,2297851.75,0.8554521399618404
127294992.0,0.8968332633071218,1668603.875,0.8950353843197862
123985312.0,0.8816359698863957,1487966.125,0.9063985143921138
