loss,r2,loss_test,r2_test
79406800.0,0.9225041079050578,1588526.5,0.900072698455044
