loss,r2,loss_test,r2_test
483988736.0,-0.006815236071920916,8976294.0,0.4353403340876094
102930432.0,0.9307648957026768,1600606.375,0.899312817216211
