loss,r2,loss_test,r2_test
1414463104.0,0.9758515614889318,1272033.75,0.9199818800916577
1170362496.0,0.9822005425769116,1089321.0,0.9314755492902463
958686912.0,0.9854770010237863,901365.375,0.9432990203182702
768920192.0,0.985276745484264,703463.5,0.9557481695129393
649458112.0,0.9818119019761115,625961.9375,0.9606234546046105
681896640.0,0.975827272654856,672743.5,0.957680629792976
653346560.0,0.9912240103007767,596342.5625,0.9624866818036377
490122784.0,0.9902803608863617,472532.90625,0.9702750049200749
478192352.0,0.9921664693613255,454331.0,0.9714200139217695
