loss,r2,loss_test,r2_test
180524048.0,0.9256144744241805,1576546.875,0.9008262852593759
151062192.0,0.9658571792169077,1360004.125,0.9144480443502383
150410672.0,0.9679364095069312,1349171.625,0.9151294750201238
152833680.0,0.9456817313340854,1282474.375,0.919325112114698
237969808.0,0.963998665468018,2244334.25,0.8588186941938805
161398112.0,0.9338471675869229,1314764.875,0.9172938555840282
145109696.0,0.9678452995747393,1279837.0,0.91949100634927
142280112.0,0.9646320073501053,1232902.125,0.9224434885942441
141623968.0,0.9666310431177498,1232668.875,0.92245815702481
