loss,r2,loss_test,r2_test
200951952.0,0.9682021848705163,1597267.625,0.8995228267462662
173875296.0,0.9792092224255097,1308855.625,0.9176655830587607
202437952.0,0.9443925791767523,1580790.375,0.9005593484811336
171283520.0,0.9604522672160581,1301602.625,0.9181218358522694
165494528.0,0.961978700087828,1241582.875,0.9218974098993242
164144416.0,0.9588355016171551,1231351.125,0.9225410444852711
230939680.0,0.9229384158796273,1827900.125,0.8850147439339009
165341280.0,0.9554276781727074,1245723.375,0.9216369552068461
163207632.0,0.9538107605320034,1223417.875,0.923040097895544
