loss,r2,loss_test,r2_test
200519696.0,0.8734912266493904,1660985.5,0.8955146165126472
163583040.0,0.9342127843352926,1294637.125,0.9185600093047694
161230320.0,0.9375773147853373,1267127.375,0.9202905184072342
163104688.0,0.9412021022247969,1329223.0,0.9163843582778317
155660416.0,0.9479982505927984,1252263.75,0.9212255309919731
157698992.0,0.9365324333842621,1241109.875,0.9219271746705925
152774304.0,0.9393707226566197,1209120.5,0.9239394820820576
224949776.0,0.8743569510971226,1812114.375,0.8860077457988187
151532704.0,0.9404984608682064,1233236.0,0.9224224825825654
