loss,r2,loss_test,r2_test
171439856.0,0.909640413421207,1636801.5,0.897035939389695
144204960.0,0.9468775485177188,1358077.0,0.9145692828320772
139697760.0,0.944311784359845,1282548.375,0.9193204585039578
142026368.0,0.9462020844779107,1333373.375,0.9161232758431987
147054112.0,0.9347822262566986,1315742.75,0.9172323442543532
134102136.0,0.9487966880456237,1220701.625,0.9232109625304262
131582144.0,0.950977076740571,1220235.5,0.923240291949775
131705408.0,0.956158155121794,1228839.25,0.922699051537844
163158480.0,0.9069280467765662,1445735.25,0.9090550793374746
