loss,r2,loss_test,r2_test
140405568.0,0.9603125860317699,550447.8125,0.9653737214282038
108876600.0,0.9713342585025554,421980.15625,0.9734550598639431
125440960.0,0.9775076893221787,470915.21875,0.9703767716306663
96647328.0,0.973862999521704,380018.71875,0.9760946737671754
111262408.0,0.9734676939555084,427949.8125,0.9730795416281662
