loss,r2,loss_test,r2_test
88060600.0,0.733469670640722,5519350.5,0.6528016101351166
55165548.0,0.8837629809933056,2763657.25,0.8261503415868646
56266720.0,0.8777134462377209,2392050.75,0.8495264775886228
53889376.0,0.8867984923019931,2144609.0,0.8650919676165718
54299884.0,0.8702896242304926,2333506.5,0.8532092378345282
53189936.0,0.8878942423238027,2119760.75,0.8666550517113075
51856192.0,0.8884756977291726,2005145.75,0.8738649941409715
49735716.0,0.8743908703169989,2270241.25,0.8571889939559952
48691680.0,0.8943916392148084,1923850.75,0.8789789237509945
