loss,r2,loss_test,r2_test
65255228.0,0.7096830610948596,4584217.0,0.7116268383083991
24946492.0,0.8358917027729397,1574440.75,0.9009587792265421
21144546.0,0.8368826055429512,1304365.5,0.9179480377333549
20243296.0,0.8475500380873175,1250855.375,0.9213141214178305
20104446.0,0.8604956720111898,1254316.0,0.9210964255693024
20100794.0,0.8654624927780824,1262209.5,0.9205998849928132
19533676.0,0.8566138758581017,1214399.75,0.9236073843298501
19350054.0,0.8592774774902686,1201845.125,0.9243971494639136
19434378.0,0.8471327437936458,1205437.625,0.9241711549622985
