loss,r2,loss_test,r2_test
110570808.0,0.5613005265104882,7512800.0,0.5274024102869045
26636350.0,0.8021181132450428,1594712.75,0.8996835454369351
21945772.0,0.8122915351773791,1293014.5,0.9186620861710176
23330860.0,0.7903420283938126,1424747.0,0.9103753599434455
21053256.0,0.8087974155108777,1239736.75,0.9220135440471481
21069106.0,0.8163989690763918,1234616.75,0.9223356318136235
20443956.0,0.8184198640090059,1210921.75,0.9238261770196197
20256230.0,0.8208236114050652,1196482.625,0.9247344808267867
21006876.0,0.8330056002673454,1243135.0,0.9217997821540134
