loss,r2,loss_test,r2_test
60608860.0,0.8621891295656868,1451685.125,0.9086807928258331
44502368.0,0.8932282679708938,1172198.5,0.9262620853314254
23459796.0,0.9427756404177563,621936.5,0.9608766807817937
17725392.0,0.9766069388981544,444764.4375,0.9720217997506476
13725834.0,0.9848937222803533,397401.9375,0.975001172095828
12647135.0,0.9923481251980337,383801.6875,0.97585670212729
16582166.0,0.9697729317630229,423532.0625,0.9733574397045989
12947593.0,0.9830400026940757,356336.09375,0.9775844433342551
