loss,r2,loss_test,r2_test
457614528.0,0.981696300489799,444510.90625,0.9720377498356315
363336416.0,0.9919228832230292,368766.96875,0.9768024752458917
345367232.0,0.9834589506124308,361271.65625,0.9772739707380802
360745984.0,0.9868635947383877,388003.9375,0.9755923583181062
335054080.0,0.9927667364925685,348097.875,0.9781026746188082
