loss,r2,loss_test,r2_test
466449824.0,0.9437284230508103,474306.71875,0.9701634257529663
325992576.0,0.9290142200727903,351966.8125,0.9778592977633433
307768416.0,0.9430175022285234,341094.75,0.9785432131599606
331598752.0,0.9181485609194946,364489.125,0.9770715732050859
317292672.0,0.9620959372213067,351494.71875,0.977888994945833
