loss,r2,loss_test,r2_test
181860880.0,0.8103739445642075,3502677.5,0.7796617882398081
52707816.0,0.9441344965240529,1301544.75,0.9181254848585401
30617066.0,0.9414956179939326,807690.5625,0.9491916969065999
33910136.0,0.9237858571069921,762609.3125,0.9520275613933676
17759858.0,0.9747552502739344,429280.0,0.9729958625741106
