loss,r2,loss_test,r2_test
579005824.0,0.9191730591838845,562923.375,0.9645889386768408
497294432.0,0.9356602377674144,491461.5625,0.9690842887005302
474249792.0,0.9321210093538888,477258.3125,0.9699777527829302
399574656.0,0.9366700942094041,406860.40625,0.9744061764382115
