loss,r2,loss_test,r2_test
681831488.0,0.9422626706550628,1187069.125,0.9253266412569513
652015680.0,0.9267002817034192,1177589.375,0.9259229730617193
866980672.0,0.8414890969341073,1591084.375,0.8999118046062852
535702592.0,0.9402352576033861,1015152.75,0.9361411497155866
458235712.0,0.9860085482862729,886962.4375,0.9442050461046384
437538880.0,0.9897622910184043,846687.375,0.9467385723785441
353295360.0,0.9978476346746388,678033.25,0.9573478722826754
310864384.0,0.9766826891489273,593282.4375,0.9626791791392874
307555296.0,0.979281779658855,593779.0,0.9626479436967144
