loss,r2,loss_test,r2_test
88434968.0,0.8775076227169164,1691418.625,0.8936002074692028
66391064.0,0.9387996336180326,1211303.0,0.9238021996637664
76553680.0,0.901195889137903,1464299.625,0.9078872701184955
60376624.0,0.9366121557304325,1131486.75,0.928823082248332
