loss,r2,loss_test,r2_test
67738072.0,0.9682841217821171,1401171.375,0.9118583962383873
58779376.0,0.9733955861060832,1229388.75,0.9226644883637549
