loss,r2,loss_test,r2_test
82525560.0,0.8882247780659356,1254838.375,0.9210635769817275
