loss,r2,loss_test,r2_test
73743536.0,0.9362370381726752,1185285.375,0.9254388457956031
