loss,r2,loss_test,r2_test
83781608.0,0.903544389951124,1266253.5,0.9203454910803778
74961504.0,0.9066047538757133,1307617.875,0.917743443436541
