loss,r2,loss_test,r2_test
155815968.0,0.9700721929828964,585121.25,0.9631925625068508
104635400.0,0.9829125519664268,428727.375,0.9730306236578528
117130136.0,0.9762935052330781,468391.34375,0.9705355358783642
83534536.0,0.9822099193717401,366396.59375,0.9769515826257364
86640824.0,0.9789487761734622,392712.40625,0.9752961695299495
96152168.0,0.9738983853436856,424728.34375,0.9732821864603948
92102400.0,0.9884578470860833,388431.21875,0.975565481056124
75151792.0,0.9876414097787329,348261.21875,0.978092397781575
81185696.0,0.9760483226690442,371654.65625,0.9766208220300499
