loss,r2,loss_test,r2_test
129150672.0,0.9640189775583039,467925.09375,0.9705648667993567
117475448.0,0.9761055622364798,430517.6875,0.9729180044758581
136096928.0,0.9449138725892671,509977.90625,0.9679195058255401
115296640.0,0.9515312365759885,455864.15625,0.9713235688235973
83596824.0,0.9777516983704218,366884.90625,0.9769208665978785
87274720.0,0.9826871988401488,359571.5625,0.977380915458207
89107168.0,0.9671682548467541,390920.15625,0.9754089128526031
85423640.0,0.9677783280593143,384802.5625,0.9757937444818896
106990904.0,0.9692595190993589,447776.40625,0.9718323305362314
