loss,r2,loss_test,r2_test
220266320.0,0.04989399345921608,15250574.0,0.040652676078519856
214456304.0,0.07827804566367147,14839539.0,0.06650913735279862
206265904.0,0.11615229434750052,14160640.0,0.1092156549231309
178400272.0,0.2539939081433944,12324426.0,0.22472393843840366
