loss,r2,loss_test,r2_test
204266480.0,0.010926332096015456,15188184.0,0.04457736922463562
197954112.0,0.03381543840351808,14725750.0,0.07366699223618645
189980176.0,0.06498255728662428,14141341.0,0.11042970416298159
174808832.0,0.15185344378465715,13039453.0,0.1797447199330443
