loss,r2,loss_test,r2_test
217936816.0,0.0024388515128782595,15224648.0,0.042283568862543475
211369984.0,0.018549589804885525,14782265.0,0.07011191526432292
201778096.0,0.08046394841868221,14076116.0,0.11453279782836545
181515584.0,0.14753727247074722,12689495.0,0.2017589835439767
