loss,r2,loss_test,r2_test
219468800.0,0.04664196757850081,15206829.0,0.043404499735738566
213017760.0,0.07827835199167221,14743864.0,0.07252760604827158
204149936.0,0.12002299274302086,14143177.0,0.11031422704160387
179646528.0,0.2400008832722721,12424022.0,0.2184586759075462
