loss,r2,loss_test,r2_test
201997424.0,0.04502385833933209,15190179.0,0.044451877735157797
196421488.0,0.07084832206344094,14766829.0,0.07108297030430011
186721680.0,0.11786192860581601,14030465.0,0.11740443018337388
171235168.0,0.19850726632583215,12852779.0,0.19148756620214724
