loss,r2,loss_test,r2_test
199813648.0,-0.10632498863115347,15209191.0,0.04325593092634328
193143408.0,-0.022883010146602212,14752001.0,0.07201574817807377
185757168.0,0.06610034721203295,14238255.0,0.10433323396925509
166083808.0,0.1586270026636244,12676002.0,0.20260772448207354
