loss,r2,loss_test,r2_test
3346778.0,0.8953807090498188,1376536.5,0.9134080693591625
2287570.75,0.9471445529838618,1154690.75,0.9273634246379925
1814665.25,0.9630338158700856,1064582.25,0.9330317646732363
1624026.5,0.9683589676173384,977885.8125,0.9384854474998716
1534648.0,0.9692605755233988,963498.0,0.9393905292558428
1390306.375,0.9744827214624943,880576.125,0.9446067851207225
1145951.375,0.9785053178926764,749819.25,0.9528321306574641
1047079.4375,0.9814625083584578,653038.75,0.9589201731211302
