loss,r2,loss_test,r2_test
85273408.0,0.7624602124510996,1434698.25,0.9097493750971539
73789720.0,0.8769720262091333,1196652.375,0.924723797618743
79335216.0,0.9224672411991613,1294471.875,0.9185704036715928
65133680.0,0.8746424049850555,1075661.75,0.9323347862792837
61672680.0,0.9510505023837977,1013290.625,0.9362582869748377
57350580.0,0.9600949578400294,970814.625,0.9389302698610344
51912604.0,0.9121674309561956,901638.1875,0.9432818582675311
36120640.0,0.9205809416985624,651334.625,0.9590273693591214
30856568.0,0.9500066296330999,569097.125,0.9642005764309756
