loss,r2,loss_test,r2_test
183310512.0,0.9707083414777035,1295166.75,0.9185266908462615
171400288.0,0.9666725071000504,1212441.0,0.923730593830437
162819632.0,0.9840701657166012,1201191.875,0.9244382445026761
120273224.0,0.9824485123572803,884387.75,0.944367012978502
67018536.0,0.9906435425181263,504876.4375,0.9682404195702722
