loss,r2,loss_test,r2_test
160936080.0,0.9614047550522218,1123573.125,0.929320906323494
85718552.0,0.923805742971781,608394.0,0.96172857487191
77976296.0,0.9255426341898398,557971.0625,0.9649004660302267
