loss,r2,loss_test,r2_test
355047936.0,0.12865661889625002,13903795.0,0.12537269942082718
87223672.0,0.8066531155342895,3344080.25,0.7896384286861868
49555044.0,0.9213452206403914,1951505.375,0.8772392843132941
38716728.0,0.9496842117245113,1483837.75,0.9066582121866316
34095648.0,0.9639949852389539,1318303.0,0.9170712914308393
36991336.0,0.959964261218224,1502334.0,0.9054946881052515
36006548.0,0.955853661474874,1308869.5,0.917664701635594
33375930.0,0.9640439489643851,1235034.875,0.9223093244749516
32410458.0,0.9684003474800277,1253938.0,0.9211202009937958
