loss,r2,loss_test,r2_test
168940896.0,0.8010815868317934,1377441.5,0.9133511485332146
164668752.0,0.8135477150502795,1361883.5,0.9143298245583162
156377968.0,0.8182688504922739,1309177.375,0.9176453407592176
145050640.0,0.8411205582271108,1281714.25,0.9193729239628893
