loss,r2,loss_test,r2_test
116353696.0,0.9079096672330926,1519876.375,0.9043911775188967
94523200.0,0.9361721021405102,1276235.625,0.9197175530818295
87365128.0,0.9529691845633407,1213993.875,0.9236329212699502
84751320.0,0.948675565989928,1182844.125,0.9255924051746199
