loss,r2,loss_test,r2_test
178057200.0,0.9345004388986631,1633744.5,0.897228235940713
155052944.0,0.9337193624009311,1259270.375,0.920784778524307
178373216.0,0.9374230473400011,1645301.625,0.8965012210568891
168418560.0,0.939908820659117,1517185.875,0.904560430808808
