loss,r2,loss_test,r2_test
121380600.0,0.8564457787436974,1275364.75,0.9197723377284682
119013656.0,0.853925618396373,1242447.5,0.9218430361922882
139773360.0,0.8066682585040639,1414739.5,0.9110048817584006
130589488.0,0.8148882900521297,1333331.75,0.9161258914755416
