loss,r2,loss_test,r2_test
121425528.0,0.9650957447858975,1295937.25,0.9184782273587921
165178080.0,0.8718111948436995,1826952.25,0.885074371744331
112257440.0,0.9589693449096302,1232584.125,0.9224634935344291
118026720.0,0.9228868128440361,1311410.875,0.9175048491779804
