loss,r2,loss_test,r2_test
153095680.0,0.9126651110080467,1716543.125,0.8920197303200006
117989200.0,0.8654873119926713,1346078.875,0.9153240218926724
105441496.0,0.8965494844200241,1215805.75,0.9235189398848044
103081344.0,0.925419536360755,1196775.625,0.9247160461104867
