loss,r2,loss_test,r2_test
125374208.0,0.9668964721056967,1362515.0,0.9142901055372743
115617248.0,0.9673682622383968,1238852.0,0.9220692078281916
126138040.0,0.9655555145683279,1372383.125,0.9136693480517903
113719928.0,0.9678130343978409,1215104.625,0.9235630550634559
