loss,r2,loss_test,r2_test
104713936.0,0.9068917147481226,1371037.875,0.9137539689248491
131583600.0,0.8822852416472492,1699342.0,0.8931017796618744
87577224.0,0.9173020119282479,1199100.625,0.9245697898792454
95398080.0,0.9094091847453196,1290980.25,0.9187900460998996
