loss,r2,loss_test,r2_test
107088720.0,0.7998577195136112,1256145.25,0.9209813691067739
107675720.0,0.7190474724186382,1307163.0,0.9177720487109383
101527744.0,0.7841206186118852,1216131.0,0.9234984825938582
102513856.0,0.7929270545514893,1202262.625,0.9243708815804352
