loss,r2,loss_test,r2_test
162861440.0,0.9047830769030837,1289125.25,0.918906737753471
186446320.0,0.8968048454461505,1473436.0,0.9073125433138467
154564960.0,0.9069137754164183,1266951.875,0.9203015616179908
150873728.0,0.9154680031782217,1201514.75,0.924417935115417
