loss,r2,loss_test,r2_test
42983016.0,0.9133074622825625,819594.375,0.9484428812142238
