loss,r2,loss_test,r2_test
11047930.0,0.9755421115937543,842506.4375,0.9470015822074278
6385349.0,0.9771810946114344,603804.6875,0.9620172691792485
7247562.0,0.9748379259815144,568005.4375,0.9642692486359431
