loss,r2,loss_test,r2_test
16984602.0,0.9335174125946635,986487.5,0.9379443600195169
7975200.5,0.9160448980947166,579662.875,0.9635359293236022
