loss,r2,loss_test,r2_test
16292317.0,0.909344720078869,1140013.75,0.928286687187725
8964211.0,0.9543425633496501,737804.625,0.9535879160136901
