loss,r2,loss_test,r2_test
7232870.0,0.9635400783774066,644997.25,0.9594260232170009
