loss,r2,loss_test,r2_test
16360569.0,0.9427861676965965,1229263.25,0.9226723862427941
9831264.0,0.9647448504559397,846433.9375,0.9467545133793113
8315110.5,0.9702981580998195,735501.0,0.9537328269079146
5226837.5,0.9829269250384325,529995.5625,0.9666602836532886
