loss,r2,loss_test,r2_test
30062138.0,0.9378294154735183,799731.5625,0.9496923633223509
18476122.0,0.959934409104996,500211.4375,0.9685338728023132
14491118.0,0.9641776744004518,443130.03125,0.9721246163251888
12060979.0,0.9819373590933579,405545.0625,0.9744889224294944
