loss,r2,loss_test,r2_test
44281916.0,0.012880132012283552,15173188.0,0.04552068911093676
1607485.875,0.9528218964922552,807616.875,0.9491963332859551
1029117.5,0.9746309341009559,764582.375,0.9519034420787232
668334.125,0.9843164825401729,536525.9375,0.9662494852091017
