loss,r2,loss_test,r2_test
59714156.0,0.9282516689425769,1294205.375,0.9185871655993092
60412300.0,0.9665966316008541,1347957.75,0.9152058277565603
47472548.0,0.9749929568278571,1070261.5,0.9326744959572685
25312580.0,0.9681765529166367,599821.875,0.9622678086614765
15103765.0,0.976478870738764,416943.3125,0.9737719081826199
12925237.0,0.9827997731047247,415281.5,0.9738764456039688
