loss,r2,loss_test,r2_test
15055717.0,0.9877252692643379,447037.59375,0.9718788075514053
15944450.0,0.9816897515859409,461953.8125,0.9709404934232051
