loss,r2,loss_test,r2_test
13255287.0,0.9841507415761936,403039.78125,0.9746465172657621
