loss,r2,loss_test,r2_test
35291840.0,0.9809626787767176,1012695.25,0.9362957382633488
17981240.0,0.9719800780059404,565366.4375,0.9644352551778957
15811085.0,0.9736909995115689,515867.09375,0.9675490454019009
11500264.0,0.9856178543059305,435429.03125,0.9726090539623978
10076235.0,0.9797450015197855,407935.1875,0.974338570213358
