loss,r2,loss_test,r2_test
54204892.0,0.9424482801116101,1181004.75,0.9257081298206455
25966122.0,0.9527900149871327,616933.625,0.9611913853150753
17452856.0,0.9816161383226526,461565.375,0.9709649290635911
14148046.0,0.9833326052993702,392347.9375,0.9753190949637727
15817679.0,0.9825030405147523,461621.0625,0.9709614250504379
