loss,r2,loss_test,r2_test
361988736.0,0.9549965945718988,1289994.125,0.918852073801221
310816992.0,0.9746807222497934,1150267.75,0.9276416591646908
160062768.0,0.9848307083064903,598099.75,0.9623761446963185
118604024.0,0.9910744064791559,459458.875,0.971097437249582
114048520.0,0.9866515813895312,459429.53125,0.9710992844737414
