loss,r2,loss_test,r2_test
6631795.5,0.9666460498603049,1341336.625,0.9156223464180568
4814065.5,0.9818680795466246,1070164.875,0.9326805845128384
2182498.0,0.9960225844314888,881169.375,0.9445694690269869
2525658.0,0.9769225370927777,1172335.875,0.9262534448534191
