loss,r2,loss_test,r2_test
178408512.0,0.9010146149566903,1035800.375,0.9348422945547261
97410856.0,0.9431305352235843,587349.75,0.9630523775141868
74857520.0,0.9571615453306807,512773.375,0.967743654359173
75368312.0,0.959137019768531,508122.75,0.9680362047306467
