loss,r2,loss_test,r2_test
152440128.0,0.9778088491850017,908680.75,0.9428388436589467
101797512.0,0.9724217309252938,627545.625,0.9605238301849532
80779808.0,0.9896790735139175,592138.5,0.9627511428770453
87585328.0,0.9808587047226158,583091.125,0.9633202745681605
