loss,r2,loss_test,r2_test
143225216.0,0.963283166487121,801397.875,0.9495875413729662
88625816.0,0.9936133713519407,571904.6875,0.964023960518767
71201344.0,0.9934828430061152,478478.8125,0.9699009798587139
85322984.0,0.9953792747875252,505714.34375,0.9681877079531525
