loss,r2,loss_test,r2_test
134653328.0,0.6249055889473973,891978.0625,0.9438895382089246
107895600.0,0.9430891973857384,736213.3125,0.9536880195745708
79163920.0,0.8970773098872203,517941.0625,0.9674185779474047
68541192.0,0.9262064889700016,450166.125,0.9716820054536804
