loss,r2,loss_test,r2_test
669788032.0,0.9938496234130811,615772.5,0.9612644265356999
523866624.0,0.989805755732761,502831.28125,0.9683690687907914
352485856.0,0.9949240766297569,351345.46875,0.9778983807721038
455875168.0,0.9937742900327081,444540.3125,0.9720358995891137
398895136.0,0.9893016460846926,412703.40625,0.9740386246084564
334678528.0,0.9908757401351864,348345.65625,0.9780870892299613
375863936.0,0.974958253823303,386860.65625,0.9756642789162031
