loss,r2,loss_test,r2_test
35760744.0,0.9876068955728344,518922.5,0.9673568450747136
33263100.0,0.9867792597028302,489321.15625,0.9692189315337135
27922434.0,0.9863025128960383,423103.3125,0.9733844100443217
22095470.0,0.9892673367390503,379189.03125,0.9761468659915049
20685974.0,0.9857727261452003,390233.78125,0.9754520884932221
24595822.0,0.9829057276260884,432506.59375,0.9727928928537283
