loss,r2,loss_test,r2_test
1414779.125,0.9704551760239696,856988.8125,0.9460905633947994
174052.328125,0.9977116784582826,563589.625,0.9645470276041657
209309.3125,0.9970477898633524,547285.875,0.965572627960425
