loss,r2,loss_test,r2_test
1342276.75,0.9910717154997937,685166.3125,0.9568991673848234
690604.9375,0.9957031423774267,508679.34375,0.9680011930431051
564114.0,0.9958273740315571,515514.625,0.9675712136098622
