loss,r2,loss_test,r2_test
2940241.25,0.9673816015447791,599831.75,0.9622671918744089
1199059.5,0.9813590156511318,528408.375,0.9667601250250024
782961.4375,0.9841673785364949,572581.9375,0.9639813600153834
287469.03125,0.9955373080688563,583943.9375,0.9632666254348012
370345.65625,0.994928462737712,591249.625,0.9628070568575272
342713.625,0.9928142881617747,516649.96875,0.9674997985860573
