loss,r2,loss_test,r2_test
358692832.0,-0.007426554045810496,15048613.0,0.05335717803593565
332605312.0,0.10946250570210936,13925852.0,0.12398518671454095
225544640.0,0.3926879550613406,9461706.0,0.4048051809734271
62444304.0,0.8861841784033277,2890729.25,0.8181567658499305
42044652.0,0.9131473693024292,1975264.25,0.8757447066266242
32589484.0,0.9417851812220224,1510553.25,0.9049776628609454
29320396.0,0.9657330013983453,1338124.625,0.915824391134939
32531614.0,0.9256510035268031,1521652.0,0.904279488083581
27655744.0,0.9632013162073908,1271863.625,0.9199925853854725
