loss,r2,loss_test,r2_test
355228320.0,0.05690142263324305,14859047.0,0.06528201346958007
338007680.0,0.09315274192008383,14071175.0,0.11484356130351336
242912064.0,0.2922861161946171,9970549.0,0.3727960742472377
73041920.0,0.6606424859756047,2884451.25,0.8185516990031292
48321948.0,0.7443150348827144,1913215.25,0.8796479326196548
38782956.0,0.751912541636374,1481490.625,0.9068058621100263
36081920.0,0.751063342549481,1365116.0,0.9141264890327153
35092968.0,0.7300929492873462,1293011.25,0.9186622788011202
36666924.0,0.7175782137381419,1350891.75,0.9150212682407717
