loss,r2,loss_test,r2_test
317007328.0,0.05631778263421028,14848735.0,0.06593056964575239
300940352.0,0.09945009101811464,14082470.0,0.11413296943711193
250856128.0,0.22296628453768408,11770000.0,0.2596004602620422
62759984.0,0.8097770218899206,2987442.75,0.8120729492255633
35577704.0,0.9066511786002802,1828102.125,0.8850020386809508
28205956.0,0.9319589498503313,1518036.375,0.9045069353118566
24772078.0,0.9185368597790249,1327396.875,0.9164992270169354
24362168.0,0.9413813508655571,1360036.0,0.9144460372895781
23103562.0,0.9260513957567085,1266118.625,0.9203539782124903
