loss,r2,loss_test,r2_test
342499904.0,0.0542219479244741,14892189.0,0.06319706641897394
319166400.0,0.1377710636556504,13879014.0,0.12693153651307765
262463904.0,0.3284948447941475,11414738.0,0.2819484714360617
69075672.0,0.7310455714972983,2946345.75,0.8146581845731451
40790276.0,0.8797868545344404,1818916.375,0.8855798744370058
35104152.0,0.9399533266278446,1582722.75,0.9004377918312083
32679654.0,0.8883038191007065,1628985.25,0.8975276312030527
31890872.0,0.9501250766269868,1404647.25,0.9116397424234266
34638744.0,0.9421762991416229,1498823.125,0.9057155476180044
