loss,r2,loss_test,r2_test
338139680.0,0.03205087712475552,14922146.0,0.06131275436354133
316273312.0,0.09932209157090999,13919153.0,0.12440668248773556
262463504.0,0.2401541878207326,11519811.0,0.2753387671171814
76804272.0,0.6807399927050757,3311885.25,0.7916636904807669
43990520.0,0.8603274569054533,1939678.125,0.8779832786864411
33259148.0,0.9238139863569901,1490031.5,0.9062685903843113
30046222.0,0.9249447723666083,1360997.5,0.9143855644576127
28550100.0,0.9315561228938642,1299098.625,0.9182793500393361
31579408.0,0.9432840364553317,1421710.625,0.9105663540452098
