loss,r2,loss_test,r2_test
342217024.0,0.020087358164616043,14837068.0,0.06666454839480085
324304224.0,0.04427812705672374,14098610.0,0.11311769184703058
264922016.0,0.23879502298939603,11509080.0,0.27601378959007683
72257240.0,0.8658468544413068,3260358.25,0.7949050201045792
49799256.0,0.9379957635245073,2154139.75,0.8644924310237166
36640796.0,0.9681075600363036,1573354.375,0.9010271084344419
32982106.0,0.9655583404534435,1392185.5,0.912423662405757
38972288.0,0.9374108770570778,1645503.125,0.8964885493182146
32997924.0,0.9572647002855461,1396647.125,0.9121430025039314
