loss,r2,loss_test,r2_test
362731552.0,-0.13291069215839735,14855035.0,0.06553434594617347
345452928.0,0.01906161779137794,14112339.0,0.11225407522698705
258243552.0,0.19243742101686934,10528183.0,0.3377177935153828
93277880.0,0.7311574617001131,3592206.0,0.7740299507412212
68364056.0,0.8277242851359369,2365166.75,0.8512176382947887
58344864.0,0.8760779700177946,1727650.375,0.891321029556562
56259652.0,0.8947347014156938,1551962.375,0.9023727854548492
58547572.0,0.8784696904055859,1628957.0,0.8975294084661689
53249380.0,0.9139591095020955,1395041.25,0.9122440198613401
