loss,r2,loss_test,r2_test
310058240.0,-0.31876954539855706,14837686.0,0.06662559248657995
303178752.0,-0.5904607089629514,14341555.0,0.09783513604706973
245883712.0,0.1368942119912432,11780912.0,0.25891411079240123
77494640.0,0.5280020881706375,3516410.0,0.7787979649999875
44238028.0,0.6471639218511718,2135024.0,0.865694905566241
27772058.0,0.8593691266138761,1428563.375,0.9101352871195734
23623488.0,0.8740481157446498,1322525.375,0.9168056814225202
25243028.0,0.9028107529515729,1351486.375,0.9149838644354653
25307614.0,0.9127027336782202,1352355.75,0.9149291856992702
