loss,r2,loss_test,r2_test
369541376.0,0.041223972047751634,14989129.0,0.057099050825427655
349002272.0,0.07931865983907016,13983659.0,0.12034879446407631
278219808.0,0.2086150212311666,11157276.0,0.29814424496086067
76692672.0,0.6676753608798638,3035570.25,0.809045452967077
52806640.0,0.8079653557854111,2084094.625,0.8688986646669821
49992648.0,0.8263658134760895,1753931.875,0.8896677720035905
44985780.0,0.8599389530554155,1583559.625,0.9003851394417822
34620352.0,0.9149873939598401,1286151.875,0.9190937717758586
33551318.0,0.9253449493503593,1281342.875,0.9193962835079652
