loss,r2,loss_test,r2_test
114788600.0,0.9624555624261075,1282056.125,0.9193514196640067
110955000.0,0.9630216129381384,1245127.375,0.9216744390488731
105763008.0,0.9527616920511124,1203889.875,0.9242685255112584
139062288.0,0.8645295384775498,1521006.25,0.9043200975807142
106865296.0,0.9289692285496332,1213346.75,0.9236736406884067
161008048.0,0.826650273015228,1717447.0,0.8919628751805802
121993856.0,0.9257390496561383,1328822.25,0.9164095679118035
103035024.0,0.9866158974668129,1127364.75,0.9290823809715139
