loss,r2,loss_test,r2_test
177993552.0,0.9015434129671615,1560727.625,0.9018214079700957
163836912.0,0.907295674991403,1428161.875,0.9101605428679307
142082992.0,0.9081584914930233,1248868.875,0.9214390756694221
138910160.0,0.9188136886775656,1223895.375,0.9230100668494123
156303216.0,0.911461858087347,1375642.875,0.9134642818578189
131563272.0,0.9153498710396257,1169911.375,0.9264059623867067
208847840.0,0.8514633369310236,1876479.0,0.881958854710471
131853808.0,0.9182778539387939,1183974.5,0.9255213096429704
117726184.0,0.9115111268653109,1060085.625,0.9333146200857807
