loss,r2,loss_test,r2_test
155312528.0,0.9361316122845825,1305058.375,0.9179044453244455
158638704.0,0.9427911728250425,1385579.125,0.9128392417700196
154094672.0,0.8978054108424871,1198106.0,0.924632356032157
166349696.0,0.9600877863733344,1521885.875,0.904264766589001
