loss,r2,loss_test,r2_test
22232870.0,0.9098814614478643,1334440.0,0.9160561780738898
10468749.0,0.9557615970323448,788035.375,0.9504281236318254
4997178.0,0.9830611407330292,497634.46875,0.9686959756256897
4981351.0,0.9797700086697319,415600.15625,0.9738564013696085
4195155.0,0.986318132231783,405505.65625,0.9744914013116194
