loss,r2,loss_test,r2_test
20932620.0,0.9697520577107516,1174557.375,0.9261136996812912
19281764.0,0.9740614504530604,1087595.5,0.9315840903121092
14845732.0,0.9759490381333342,817957.125,0.948545873438152
8464384.0,0.9758656300104692,532666.875,0.9664922396712703
8033188.5,0.9783984831975534,523734.09375,0.9670541601410007
6689205.0,0.9786949839400423,460116.96875,0.9710560414665169
6537501.0,0.9802543512436324,458281.5625,0.9711714986271186
5981130.0,0.9800859413460677,433365.28125,0.9727388725518289
7355302.5,0.9818605491940675,492163.09375,0.9690401556673497
