loss,r2,loss_test,r2_test
24722736.0,0.9358775403462662,1133953.0,0.9286679424284083
22263708.0,0.9403517508143039,1085250.375,0.9317316194000672
20043104.0,0.943911483026404,1030715.4375,0.9351621746178927
16844986.0,0.956054474642468,892841.625,0.9438352111821711
10586749.0,0.9741800509400317,620393.0,0.9609737715155604
11135605.0,0.9734911435777412,634018.5625,0.9601166447624129
8080121.0,0.9807679885904727,466962.09375,0.97062544299157
6811997.0,0.9837446847666516,430656.4375,0.9729092716030834
6253854.5,0.9874623739056733,414259.0625,0.9739407658531483
