loss,r2,loss_test,r2_test
116677936.0,0.8145001858259953,798336.8125,0.9497801003385571
110606808.0,0.6806427842249628,686739.4375,0.9568002090270794
99896856.0,0.7377612916054862,623678.625,0.9607670842967106
85095648.0,0.8450252185978278,550332.8125,0.9653809559366421
90322352.0,0.9074592506929426,609695.125,0.9616467272826588
