loss,r2,loss_test,r2_test
10625654.0,0.8903107270706364,1271105.75,0.9200402637197388
9976321.0,0.8824023868176589,1272389.625,0.9199594998466255
6451173.0,0.959649978055765,1001380.875,0.9370074774267911
3722151.5,0.9594937294878727,892947.1875,0.9438285724866179
3504141.5,0.9479041719800706,859777.9375,0.9459151070807761
3127544.5,0.9530973683633656,821887.75,0.9482986127714558
2704156.5,0.9533035531612712,996674.1875,0.9373035619908768
2507434.5,0.962964568679007,818082.6875,0.9485379720590223
