loss,r2,loss_test,r2_test
11932493.0,0.9222753684566337,1500991.5,0.9055791469440939
11267680.0,0.9069052729345837,1340193.375,0.9156942574926445
5686604.0,0.9544334157895087,923547.0,0.9419036716232623
3376381.25,0.9680768646239803,741943.1875,0.9533275771751787
2617606.0,0.9787442333024783,633078.375,0.9601757910529968
2028165.5,0.9879960085603289,612550.125,0.9614671355232348
