loss,r2,loss_test,r2_test
6681050.0,0.9160756003321311,1275423.875,0.9197686267383077
4792356.0,0.941662375721527,1147033.5,0.927845110353332
2643430.75,0.9749928240091082,823849.1875,0.9481752252060713
1869685.0,0.9681270981188754,701126.5625,0.9558951777458239
2007645.5,0.9575623188829046,724520.125,0.9544235881437666
1482240.0,0.9669813335092806,628702.375,0.9604510592221573
1833723.125,0.9598702332069022,697008.625,0.9561542157176615
