loss,r2,loss_test,r2_test
151136304.0,0.9688280427891522,890762.9375,0.9439659755828429
131784024.0,0.9654785540839449,790707.25,0.9502600433445773
125613000.0,0.9919250463224589,776537.625,0.951151394466271
90165744.0,0.9943855573685362,580544.1875,0.9634804910435089
75160888.0,0.996760464420042,492502.09375,0.9690188322643913
75231512.0,0.9961528692720315,479003.65625,0.9698679598071474
