loss,r2,loss_test,r2_test
3608935.25,0.6098261009931867,806345.6875,0.9492762996166964
2835409.75,0.5922932809444845,729659.875,0.9541002720944944
2204718.5,0.6829888723054658,651688.5,0.9590051103572852
1983183.0,0.6327482487738325,582060.5,0.9633851029656846
1502007.5,0.7377026662805406,512780.875,0.967743186039569
1408261.875,0.7627292329589318,522614.75,0.9671245748348343
