loss,r2,loss_test,r2_test
7523041.0,0.9703786332816305,1219483.0,0.9232876294211999
4902620.5,0.9787897831715688,902338.9375,0.94323777770177
2729085.5,0.9908451691259207,637786.8125,0.9598795988720352
1882167.5,0.9894002593269681,619126.25,0.9610534598543748
2025929.125,0.9868455336937775,656945.4375,0.9586744211228775
