loss,r2,loss_test,r2_test
93765920.0,0.9212222516378885,1355345.5,0.914741114218367
97553064.0,0.9157107879043491,1454942.5,0.9084758966024745
84498384.0,0.9337477053172683,1230354.0,0.9226037751240471
87022928.0,0.9341682830926632,1253355.375,0.9211568551309864
82861888.0,0.93685959998113,1205723.25,0.924153192213538
81050024.0,0.9352852536322945,1182086.0,0.9256401042178122
84269312.0,0.9307222170023481,1253023.25,0.921177752114632
78153800.0,0.9373197342488166,1151380.875,0.9275716304727283
79213120.0,0.9380209329674825,1152027.0,0.9275309904709128
