loss,r2,loss_test,r2_test
12106833.0,0.9332420954639568,1248321.5,0.9214735196221205
