loss,r2,loss_test,r2_test
262167536.0,0.22163341231115696,1302268.5,0.9180799527054587
