loss,r2,loss_test,r2_test
350869792.0,0.8276382768321741,1474958.625,0.9072167589868964
326787296.0,0.8404929412420152,1366425.25,0.9140441226546993
323660800.0,0.8844017411138798,1356879.5,0.9146446113869523
