loss,r2,loss_test,r2_test
14625434.0,0.6084712184582506,1877683.0,0.8818831214408757
8310088.0,0.8362800648547054,1451821.125,0.9086722420290935
