loss,r2,loss_test,r2_test
354734624.0,0.9186045247611547,1465291.0,0.9078249042338816
