loss,r2,loss_test,r2_test
16972494.0,0.9588915731509664,731252.4375,0.9540000814749451
15957414.0,0.9646383969146429,699358.6875,0.9560063796626515
