loss,r2,loss_test,r2_test
51867260.0,0.9120887166594176,1468490.25,0.9076236597171828
35721180.0,0.951407083659289,1170069.375,0.9263960137245368
35980184.0,0.932694871832252,1304988.875,0.9179088199268814
32127464.0,0.9409505970737528,1248119.375,0.9214862395608939
19079710.0,0.9678212452857441,841015.9375,0.9470953460228686
