loss,r2,loss_test,r2_test
21105812.0,0.9691638420738907,775807.3125,0.9511973372656245
