loss,r2,loss_test,r2_test
31336440.0,0.9627371729421907,1124206.25,0.9292810714865555
27248442.0,0.9716864960887031,999019.0,0.9371560598927352
21687442.0,0.9596407297016781,890338.5,0.9439926760868143
15949805.0,0.9790091913161258,695603.3125,0.9562426217676144
16035590.0,0.9795611823574439,643806.3125,0.9595009458929256
