loss,r2,loss_test,r2_test
32964764.0,0.9373453889536703,1097921.125,0.9309345583325515
30147950.0,0.9395422068729078,972805.3125,0.9388050516811689
18829342.0,0.9651847339727815,668103.0625,0.9579725377423755
16920434.0,0.9662940864182068,667905.4375,0.9579849678992787
14762584.0,0.9704054418505792,559067.25,0.9648315077559022
