loss,r2,loss_test,r2_test
26148248.0,0.9575066382321414,1114072.0,0.9299185744044893
23632284.0,0.9609140800472759,1011397.5,0.9363773756111675
23155700.0,0.9611277617109567,1001541.0,0.9369974027536664
16588414.0,0.96373688896484,713769.625,0.955099855932613
