loss,r2,loss_test,r2_test
55464684.0,0.964832306873516,1201350.75,0.9244282411552466
51926092.0,0.9694337032349439,1138760.875,0.9283655101537853
54808728.0,0.9475670810652987,1223958.875,0.923006068766417
43379468.0,0.9651234319117188,989360.1875,0.9377636588925404
29282946.0,0.9773376692678568,764685.3125,0.9518969699477777
20671706.0,0.9842588869405585,620954.625,0.9609384416165099
17501960.0,0.9825377190775642,537125.8125,0.966211750318553
21600758.0,0.973511629065835,589853.3125,0.9628948950776343
20808190.0,0.9776471644421656,568776.875,0.9642207220858712
