loss,r2,loss_test,r2_test
76973488.0,0.907314927363336,1208178.5,0.9239987410334359
69975040.0,0.9103361302272772,1225283.75,0.9229227216416525
56799928.0,0.9390819890472081,956455.6875,0.9398335254625709
46035032.0,0.9514396745870735,852915.875,0.9463467639778842
48863808.0,0.942914471562746,1113485.375,0.9299554735111262
27273254.0,0.972183257214894,607541.0625,0.9617822328771931
