loss,r2,loss_test,r2_test
46817856.0,0.9643000201715302,1104778.875,0.9305031630286871
43471040.0,0.9655568380273336,1054761.375,0.9336495397727043
38621480.0,0.9596291007106703,972962.875,0.9387951323695503
37268252.0,0.9663397079021928,891398.4375,0.9439259989119527
25530506.0,0.9911346150206156,698516.6875,0.9560593454439102
24486356.0,0.9849374681381305,627879.0,0.9605028620212075
19773796.0,0.981307921319868,542064.3125,0.9659010881439299
20614798.0,0.9838881515182996,601268.0625,0.9621768394159248
18953582.0,0.9812865232388004,521705.15625,0.9671817950760837
