loss,r2,loss_test,r2_test
358407424.0,0.9581194385268433,1266688.75,0.9203181121717532
295098080.0,0.9299542348356183,1133155.25,0.9287181347565676
246271328.0,0.95519839145126,940030.5,0.9408667679910224
171162576.0,0.9656101530478519,646825.125,0.9593110441593591
