loss,r2,loss_test,r2_test
40704032.0,0.9221578222512644,1280695.875,0.9194369876887416
36760220.0,0.9076914893952703,1131662.625,0.9288120189737338
18151428.0,0.9549858027273502,730976.125,0.9540174675023182
15561662.0,0.9644022487873594,672937.9375,0.9576683997225365
14073690.0,0.9682057638194156,585559.625,0.963164990288652
