loss,r2,loss_test,r2_test
40063944.0,0.026244629899364602,15594972.0,0.018988137165143137
1717746.75,0.9786281224213074,1295829.625,0.9184849923296108
1640089.625,0.9800357336636549,1241309.125,0.9219146425266014
