loss,r2,loss_test,r2_test
2867514.0,0.9416867720441651,1220871.25,0.9232002914589601
2415385.0,0.944845589189835,1095102.75,0.9311118457493842
1860507.5,0.9530608363261117,907333.3125,0.9429236074367747
