loss,r2,loss_test,r2_test
3705733.0,0.9314666274553226,1336871.25,0.9159032364262435
2800406.25,0.9479887428875688,1036404.75,0.934804277871356
