loss,r2,loss_test,r2_test
391074240.0,0.9160232533447829,1308234.25,0.9177046780436737
364455744.0,0.9560486061649068,1261035.5,0.9206737435910497
336909408.0,0.9345545734036167,1182304.0,0.9256263867905377
316508960.0,0.9513193789339683,1141221.75,0.9282106955614194
