loss,r2,loss_test,r2_test
123067496.0,-0.009411987639073027,15549816.0,0.02182867354790885
8708269.0,0.9326855221066338,1224406.375,0.9229779095795461
