loss,r2,loss_test,r2_test
7448384.5,0.9268983375799887,1341859.0,0.915589484280455
3030041.75,0.957242022909099,782661.0,0.9507661968159425
