loss,r2,loss_test,r2_test
122185416.0,0.99187919757045,748867.9375,0.9528919738088565
