loss,r2,loss_test,r2_test
190537232.0,0.8909971416301409,1002795.125,0.9369185174610595
