loss,r2,loss_test,r2_test
59848772.0,0.9231381314200819,1228105.875,0.922745197350053
53648756.0,0.9235057926592298,1152423.25,0.9275060595224605
44502156.0,0.9314100274064331,988432.25,0.9378220287839211
29540984.0,0.9383182924473642,710623.625,0.9552977571709987
29345380.0,0.9325918882105968,730843.0,0.9540258490473094
23937470.0,0.9484949642461358,591193.6875,0.9628105725391959
21974058.0,0.9434734334045931,569320.875,0.9641864995188184
20579350.0,0.9498618009550781,517639.875,0.9674375256116925
