loss,r2,loss_test,r2_test
68464472.0,0.9329160689340191,1461417.125,0.9080686061868752
57970952.0,0.9502432544455037,1155735.875,0.9272976794175232
56009388.0,0.950027559810893,1095940.5,0.9310591485694701
39309432.0,0.9597496594372595,801612.5,0.9495740391824155
38113416.0,0.9558596275240522,817429.1875,0.9485790847755391
30865380.0,0.9428618552426321,668696.25,0.9579352271078716
25780132.0,0.952520280506685,550255.0,0.9653858497826341
24585908.0,0.9596406196139183,542183.5,0.9658935910932485
