loss,r2,loss_test,r2_test
61197328.0,0.9359629846633957,1233444.25,0.9224093857437949
65556488.0,0.9339070668441042,1303430.0,0.918006881839944
57690564.0,0.9402797829533793,1180211.375,0.9257580303405007
47818656.0,0.9448218925676185,1025873.75,0.9354667409752925
52922808.0,0.9292091802061669,1172166.875,0.9262640767952544
53004940.0,0.945977222444004,1115996.75,0.9297974954994048
30347000.0,0.9690087400434364,666758.5,0.9580571174926173
25350552.0,0.9687784519369678,585058.125,0.9631965333966221
22047814.0,0.9810446267716272,514334.21875,0.9676454698964716
