loss,r2,loss_test,r2_test
124668744.0,0.9729307827462306,466265.1875,0.97066928356811
