loss,r2,loss_test,r2_test
118821680.0,0.9797223103027753,485881.25,0.9694353197840672
