loss,r2,loss_test,r2_test
30622432.0,0.9602244216565006,1146369.5,0.9278868726624634
29764874.0,0.9626135988949412,1166618.5,0.9266130941288225
29472284.0,0.9593895090751171,1195362.75,0.9248049239386615
23756386.0,0.9715257278193372,998794.9375,0.9371701544834272
12722768.0,0.9804797396034164,569128.375,0.9641986069666946
8525834.0,0.9834636454117078,456584.6875,0.971278243083248
8965308.0,0.9863323108792822,435267.71875,0.9726191999071432
7208625.5,0.9894425240293331,403561.46875,0.9746137005216979
