loss,r2,loss_test,r2_test
21904966.0,0.9194207661584854,949683.375,0.9402595392545585
