loss,r2,loss_test,r2_test
25182952.0,0.934268834155035,1135469.125,0.9285725760555013
17821268.0,0.9623213142557328,845494.75,0.9468135954456819
13896160.0,0.9744802052706713,753856.1875,0.9525781826152335
