loss,r2,loss_test,r2_test
19241920.0,0.9134645854561245,1031530.875,0.9351108750862545
10270768.0,0.9455359298186579,636271.125,0.9599749488713971
