loss,r2,loss_test,r2_test
27021112.0,0.9487052880608583,1191436.375,0.9250519110553337
23176356.0,0.9622248609822178,1118824.0,0.9296196384944378
19917158.0,0.9475662136603598,960837.75,0.9395578722703225
