loss,r2,loss_test,r2_test
26428404.0,0.9286215085497147,1285147.75,0.9191569384306917
