loss,r2,loss_test,r2_test
213560128.0,0.9591443508604074,768250.125,0.9516727248357919
110441336.0,0.9792152565137782,428104.53125,0.9730698020506557
99166736.0,0.9745700707175704,412378.46875,0.974059065987759
78011384.0,0.9888924451843945,340980.4375,0.9785504010317454
81263832.0,0.9721838390589902,365206.3125,0.9770264581255224
