loss,r2,loss_test,r2_test
20735780.0,0.9271864698620806,1534837.75,0.9034500245684294
17629792.0,0.9599620734714683,1244373.25,0.9217218899034021
