loss,r2,loss_test,r2_test
18299170.0,0.9424974448186948,1236486.625,0.9222179968301607
18143178.0,0.9444278507812405,1229388.5,0.9226645110347163
