loss,r2,loss_test,r2_test
14861148.0,0.9316540872830502,1254863.25,0.9210620054786749
