loss,r2,loss_test,r2_test
228828224.0,0.07630012927771279,14747872.0,0.07227548304190778
37120072.0,0.8954685964145418,2588526.5,0.8371670516321233
23924800.0,0.9384948983417567,1613465.375,0.8985039080338219
19188504.0,0.9603884215618598,1293844.875,0.9186098381500591
19157950.0,0.9632306059022248,1316868.625,0.9171615181753896
18766634.0,0.9630970818705569,1271317.875,0.9200269210163899
20707800.0,0.9640723097664645,1467384.25,0.9076932368186921
18561980.0,0.9612305778655779,1232423.25,0.9224736084700418
