loss,r2,loss_test,r2_test
195222816.0,0.07177618622075654,14663496.0,0.07758318112802454
28478984.0,0.9125280020154984,2141800.0,0.865268663291628
16558417.0,0.9494548342031716,1341402.625,0.9156181946722642
