loss,r2,loss_test,r2_test
220215392.0,-0.02165926088833392,15565139.0,0.020864766727635042
170968832.0,0.20044851730088453,12056016.0,0.2416084655408115
59256912.0,0.7710190846958849,4228586.0,0.7339980298619141
22065048.0,0.9356766115291173,1312021.75,0.9174664174898078
21963584.0,0.9353720502627064,1293698.25,0.918619057360866
