loss,r2,loss_test,r2_test
203906416.0,0.012358233114470263,15162185.0,0.046212883414947115
24760002.0,0.9209119110509657,1911311.625,0.8797676926510067
17292452.0,0.9368788947060949,1377656.875,0.9133375854998439
15504763.0,0.9474551054631293,1249452.125,0.9214023922612202
15362310.0,0.9478268862363188,1240944.25,0.9219375876794195
