loss,r2,loss_test,r2_test
15354596.0,0.9292170360351208,1326239.875,0.916572022409855
