loss,r2,loss_test,r2_test
91323232.0,-1.3156054742773682,30478542.0,-0.9172727772511959
99239928.0,0.3943430878875538,10005630.0,0.37058925541011556
104014816.0,0.6752421724592826,6051966.5,0.6192970761609451
116555064.0,0.727026775680041,5257458.0,0.6692761624754464
107709032.0,0.7137755773330773,5419675.5,0.6590717569256
