loss,r2,loss_test,r2_test
94319528.0,0.8262477570191402,2068312.5,0.8698914468964414
59570952.0,0.9440091254060249,1286240.625,0.9190881942316484
64086400.0,0.9541450610666227,1386133.75,0.9128043495227601
69635160.0,0.9021597994231283,1514586.875,0.9047239225250694
56287316.0,0.9444061714875613,1213405.25,0.923669948648371
56457084.0,0.9396953547691926,1213720.375,0.9236501275889921
