loss,r2,loss_test,r2_test
129487352.0,-1.3226674373782346,30494136.0,-0.9182535071793521
47687600.0,0.16750423763484723,11534987.0,0.27438414135435873
8687970.0,0.8409067620894128,2122307.25,0.8664948823843519
5854848.0,0.8826274545684778,1294262.75,0.9185835529855249
5397576.0,0.9055198349819427,1339647.875,0.9157285792672412
5357068.0,0.8965077746588015,1235097.375,0.9223053879365073
5277448.5,0.9031473555934201,1254880.375,0.9210609341384786
