loss,r2,loss_test,r2_test
31165774.0,0.9003070033662881,1421622.625,0.9105719013536749
29010428.0,0.9129778749695161,1329574.0,0.9163622720813677
23702678.0,0.9510090137259013,1120934.0,0.9294869106121576
24747652.0,0.9510776476766456,1164016.0,0.9267768102986595
18580936.0,0.9681960839510544,927587.3125,0.9416495191790125
16896880.0,0.972101377429333,847322.6875,0.9466986049485361
13388702.0,0.9811724964404364,695425.0625,0.9562538308788608
13170864.0,0.9792795550072491,679091.3125,0.9572813180736749
12938452.0,0.9776223867694607,693135.3125,0.9563978668703845
