loss,r2,loss_test,r2_test
51643916.0,0.7379680909149516,1184509.125,0.9254876679746816
