loss,r2,loss_test,r2_test
49334696.0,0.94385815816514,1267040.625,0.920295978096256
44494448.0,0.9543709916257983,1110857.875,0.9301207669799428
