loss,r2,loss_test,r2_test
2855636.5,0.9360245629945573,1242843.875,0.9218181015849277
