loss,r2,loss_test,r2_test
59866928.0,0.9369469549406015,1213173.0,0.9236845585987719
61714176.0,0.9358953099995758,1226877.875,0.9228224545502942
57295964.0,0.9376451452415684,1196530.375,0.9247314702668391
