loss,r2,loss_test,r2_test
3841939.0,0.8795714518963035,1486038.5,0.9065197710894731
3509176.5,0.9003593506690442,1258390.875,0.9208401039407483
3223865.0,0.8908589969170374,1279898.375,0.9194871560168
3069562.75,0.9232386201785019,1190050.875,0.9251390724462474
