loss,r2,loss_test,r2_test
4127306.0,0.9727825043004251,1129426.0,0.9289527212528748
1768273.25,0.9913096925220103,644883.125,0.9594332070162142
1113027.125,0.9908031223028724,557415.5625,0.9649354114594713
638876.5,0.9966674428651693,453375.84375,0.9714800943714221
493006.5625,0.9971976256323232,440095.8125,0.9723154848989597
593345.75,0.9958951532807039,485976.65625,0.9694293189129456
613389.625,0.9957946454124006,479567.78125,0.9698324774177508
257242.640625,0.9981543120340328,505501.0,0.9682011308055872
