loss,r2,loss_test,r2_test
4868787.5,0.9443302510793725,1103953.875,0.9305550589661895
2491046.5,0.9616022325490453,824102.8125,0.9481592735897592
1537217.5,0.9893490196494819,642010.6875,0.9596138958360533
723858.625,0.9908368830099601,562569.75,0.9646111799905502
357651.21875,0.9964689164942311,500632.71875,0.9685073676515383
214479.578125,0.9977608894798099,470518.3125,0.9704017338664289
197713.703125,0.9979412798766144,457776.78125,0.9712032533253031
187888.421875,0.9982427085058064,456928.53125,0.9712566117290885
152898.96875,0.9987313171439491,464190.75,0.9707997766515801
