loss,r2,loss_test,r2_test
1046228.8125,0.9868702336216469,673862.125,0.9576102663547957
863614.25,0.9920168611259784,707941.5625,0.9554664703830325
1147986.875,0.9774071649976165,622724.8125,0.960827091730655
717230.375,0.9880799011964178,849054.3125,0.946589678110995
811284.375,0.9870663798925468,583665.75,0.9632841189902361
535095.3125,0.9941335685623599,614896.875,0.9613195117463492
578404.875,0.9902988680530502,555096.625,0.9650812822675063
541056.875,0.9956414002596777,509265.90625,0.9679642946922834
