loss,r2,loss_test,r2_test
19155124.0,0.9859979769257374,485534.21875,0.9694571522877203
18743072.0,0.9823729766109879,473313.96875,0.9702258763869429
15927874.0,0.9948356477603059,473554.59375,0.9702107377272707
13042212.0,0.991947653686298,414742.03125,0.97391038146889
11019605.0,0.9936959357006832,417475.25,0.9737384450696949
11430845.0,0.9959763113987462,428541.53125,0.9730423163357643
12185711.0,0.9960772749989029,459708.84375,0.9710817111822938
10104787.0,0.996526558482326,407119.40625,0.9743898894363776
11002037.0,0.995907707142557,472774.0,0.9702598408230083
