loss,r2,loss_test,r2_test
36341192.0,0.9383804248020186,1351802.375,0.9149639864441806
40425172.0,0.9197239303077579,1520335.375,0.9043623019089089
