loss,r2,loss_test,r2_test
36369160.0,0.9449443093787003,1275507.625,0.9197633509185542
