loss,r2,loss_test,r2_test
38458692.0,0.9726945828408372,1362226.875,0.9143082282158903
