loss,r2,loss_test,r2_test
97080064.0,0.884939987487242,2159888.5,0.8641307968126154
92745600.0,0.8960749702534477,1967213.125,0.8762511792098684
