loss,r2,loss_test,r2_test
612693504.0,0.9604134422580622,1094885.375,0.9311255219662535
478592992.0,0.9935509194437819,918417.6875,0.9422263339143908
420362496.0,0.9917719895759917,797195.9375,0.9498518637929242
