loss,r2,loss_test,r2_test
720120512.0,0.9651880521326628,684709.25,0.9569279200293095
520434368.0,0.9710685563889239,519883.75,0.967296373222635
426114880.0,0.9847715354483151,448513.125,0.9717859880962391
626308480.0,0.9949701141366409,628745.1875,0.9604483714525893
396851936.0,0.9928480710856821,403626.5625,0.974609604945281
