loss,r2,loss_test,r2_test
15575468.0,0.98370324623981,435425.8125,0.9726092546549062
12918330.0,0.9787736655207965,381390.3125,0.9760083925396829
