loss,r2,loss_test,r2_test
133566776.0,0.9492128803201757,834730.125,0.9474907609511524
78974560.0,0.9788181272746805,541111.625,0.9659610171303417
125195624.0,0.940326619291003,789012.4375,0.9503666634963162
76749352.0,0.9752226324419829,535032.5625,0.9663434258453163
54453244.0,0.9753701738000404,429867.28125,0.9729589168181504
55411532.0,0.9897349127221107,423401.9375,0.973365625413531
45723896.0,0.9858788140861455,376125.59375,0.9763395718860441
