loss,r2,loss_test,r2_test
101032568.0,0.7545970223623975,682541.75,0.9570642693196246
81622600.0,0.8887946903951951,534420.8125,0.9663819085083764
77715688.0,0.8742315207257543,515330.9375,0.9675827683568589
57025720.0,0.9419671530341305,405457.59375,0.974494425526802
54697204.0,0.9552879009772743,424904.125,0.9732711272465449
