loss,r2,loss_test,r2_test
7291914.0,0.9530625589520473,1377622.625,0.9133397486632215
5015880.5,0.974041269363971,1052682.5,0.9337803268931352
994450.4375,0.9947754727838731,586682.25,0.9630943691920614
584747.6875,0.9963453363823727,634058.4375,0.9601141354213082
443425.625,0.9971561289674524,596023.875,0.9625067289635131
857083.9375,0.9932986938323006,616559.875,0.9612148964608825
779812.25,0.9964482985189562,592338.75,0.9627385438629152
390206.0625,0.9960039320905432,689521.3125,0.9566252089727977
