loss,r2,loss_test,r2_test
3966654.25,0.984798101174368,942034.5625,0.9407407027934986
3207717.75,0.9875981051949227,738993.1875,0.9535131460029159
2143865.25,0.9769044482816397,571205.3125,0.9640679574222405
1835435.0,0.9933396999134745,532694.5625,0.9664905012651119
1355451.625,0.9949570250515901,485366.0,0.969467736223506
1154689.875,0.9899460212963779,551779.125,0.9652899710339542
1205415.25,0.9888864297321233,512818.03125,0.9677408467696957
