loss,r2,loss_test,r2_test
12388354.0,0.9633955225592821,1180447.5,0.9257431791154216
6374931.5,0.968130227778938,734118.3125,0.9538198052731134
2814984.25,0.9786151843476211,538562.8125,0.9661213534522577
936915.5,0.9897115642022368,623515.5,0.9607773478339731
787988.625,0.9926427972994736,619613.9375,0.9610227809127674
423696.40625,0.9943541709232041,566551.5,0.9643607097142104
343609.09375,0.9958932996351072,580987.375,0.9634526115184381
284241.90625,0.9962825168616042,589001.0625,0.9629485057337793
