loss,r2,loss_test,r2_test
129118208.0,0.9238517920533542,1157014.75,0.9272172372197236
88253304.0,0.9077709590188964,921798.1875,0.9420136810197962
