loss,r2,loss_test,r2_test
86457232.0,0.9876561686107148,908973.3125,0.9428204380867151
62894344.0,0.9851166195597911,696489.3125,0.9561868835034755
