loss,r2,loss_test,r2_test
106161320.0,0.9834458049413066,1164537.625,0.9267440031081585
77856432.0,0.9849089693418487,882659.8125,0.9444757087057182
69437112.0,0.9591166715683657,758262.6875,0.9523009883369383
49755396.0,0.9661693600496349,560404.8125,0.9647473668458629
