loss,r2,loss_test,r2_test
120070160.0,0.9633068982745578,1186532.625,0.925360391803359
65883192.0,0.9534667437158407,676116.375,0.9574684587651773
