loss,r2,loss_test,r2_test
72229920.0,0.9918136624637338,796728.6875,0.9498812605227895
