loss,r2,loss_test,r2_test
21674288.0,0.750687222471975,1451059.625,0.9087201408964706
