loss,r2,loss_test,r2_test
27225044.0,0.8930659824055681,1640137.25,0.8968261017016532
