loss,r2,loss_test,r2_test
29778632.0,0.887705674143855,2194501.25,0.8619534679856338
21473128.0,0.9431776032286765,1445939.5,0.9090422299683077
