loss,r2,loss_test,r2_test
87743224.0,0.9904483120409874,369353.59375,0.976765569862413
79714192.0,0.9937317882521958,341039.09375,0.9785467130962223
82447056.0,0.995905292314087,354486.28125,0.9777008099031996
