loss,r2,loss_test,r2_test
108333832.0,0.9193113871350961,438552.40625,0.9724125723536317
86775904.0,0.9585562050087792,361729.78125,0.9772451527588305
77253248.0,0.9670603858195789,324801.78125,0.9795681307125093
89697976.0,0.9728820717989507,383015.5625,0.9759061556829012
71439728.0,0.9606640594236919,330622.375,0.9792019831746698
