loss,r2,loss_test,r2_test
24624154.0,0.8662683219584173,1196490.125,0.924734006839621
24169026.0,0.8774121905301073,1187973.625,0.9252697406672049
22484526.0,0.8866059489085935,1112398.5,0.9300238418256608
