loss,r2,loss_test,r2_test
20499144.0,0.972781144268757,1150124.625,0.9276506570493439
19659570.0,0.97512988242565,1103777.875,0.9305661242816669
