loss,r2,loss_test,r2_test
31241900.0,0.9358966322841776,1239246.875,0.9220443685770393
29447468.0,0.9420916352972207,1199873.375,0.9245211795078905
