loss,r2,loss_test,r2_test
28654192.0,0.9209433547895625,1180093.375,0.925765456175116
27748586.0,0.9243851832654265,1181427.125,0.9256815394596573
26883966.0,0.9229445810362155,1171022.75,0.9263360482994486
