loss,r2,loss_test,r2_test
29532378.0,0.9360423387576233,1246596.25,0.9215820500072088
26604856.0,0.9557856638545277,1136926.25,0.9284809057117394
