loss,r2,loss_test,r2_test
2085453.0,0.9013870829792525,1342771.25,0.9155320906868643
1981393.5,0.9030751187118603,1264842.875,0.9204342342000396
1869881.25,0.9042463862842206,1199721.25,0.9245307413189385
