loss,r2,loss_test,r2_test
27755458.0,0.7393374553036902,1170015.25,0.9263994275896821
