loss,r2,loss_test,r2_test
26066808.0,0.940134823436645,1275003.25,0.919795089998588
25100284.0,0.9421954455859685,1266314.0,0.9203416885511342
22768576.0,0.950083711647269,1160040.875,0.927026861567934
21899864.0,0.952711428451893,1138102.75,0.9284069073788369
