loss,r2,loss_test,r2_test
30380558.0,0.812496564393451,1179413.75,0.925808211759686
29434076.0,0.8284830004512864,1195805.875,0.9247770457692027
