loss,r2,loss_test,r2_test
28033786.0,0.9289637349690305,1238166.125,0.9221123463199383
25491546.0,0.9394020174602397,1148289.75,0.9277660818594273
