loss,r2,loss_test,r2_test
335825568.0,0.9610771385820367,637442.125,0.9599012835123018
269703136.0,0.9820064789088128,531031.6875,0.966595105268035
218650064.0,0.9833234376018152,445541.75,0.971972904199075
