loss,r2,loss_test,r2_test
119634480.0,0.9477177254502479,1448958.5,0.9088523147967172
134724256.0,0.9359798680271711,1531136.5,0.903682864434776
98282224.0,0.9707936813176936,1165146.375,0.9267057045200083
112139008.0,0.9630197017937894,1275130.75,0.9197870616624617
89575512.0,0.9846843986740655,1066081.0,0.9329374786070896
83479792.0,0.9846042213505912,992358.5,0.9375750434221571
85908360.0,0.9789983942203536,1025738.75,0.9354752236354058
