loss,r2,loss_test,r2_test
108968496.0,0.979509422876933,1217284.375,0.9234259249800013
110398464.0,0.9712720287571931,1221047.75,0.9231891920018042
93882000.0,0.9830343712955827,1088509.0,0.9315266214891418
82705168.0,0.9817952373644016,992596.5625,0.9375600653503738
75635176.0,0.9821690865544508,898175.1875,0.9434997031236654
