loss,r2,loss_test,r2_test
87052720.0,0.9814196322707005,1029356.1875,0.9352476715861404
86491168.0,0.9845825365663275,1022864.75,0.9356560202841593
