loss,r2,loss_test,r2_test
54881780.0,0.9123591751661808,1487397.375,0.9064342929709768
41156228.0,0.9284320388587977,1262720.375,0.9205677457971544
31981170.0,0.951653547140895,1113306.25,0.9299667476131326
29344706.0,0.9497523028773995,1044267.875,0.9343096434468923
28003736.0,0.9493994063402559,1007699.25,0.9366100173493073
25145584.0,0.953081225743902,921411.375,0.9420380083820792
