loss,r2,loss_test,r2_test
22520604.0,0.97635555249476,999775.5,0.9371084708389679
