loss,r2,loss_test,r2_test
64524356.0,0.7494642007941146,1360267.625,0.9144314715846171
47353448.0,0.7484903949424094,1131330.5,0.9288329119686218
45978620.0,0.767458173441132,1110664.0,0.9301329533752096
37258368.0,0.7609265731096383,900020.4375,0.9433836241943134
