loss,r2,loss_test,r2_test
52411760.0,0.9577912411889948,1175738.0,0.9260394316694317
47868696.0,0.9662265374207513,1114870.125,0.9298683662040426
42435492.0,0.9653209253282671,1029970.5,0.9352090362752005
31699096.0,0.9722180102370269,816805.375,0.9486183250526028
