loss,r2,loss_test,r2_test
51588208.0,0.9471861393873562,1207369.25,0.9240496479885673
51375792.0,0.9276847917790854,1206799.875,0.9240854676376744
42271548.0,0.9527138425296967,1030361.0625,0.9351844616608761
43162252.0,0.9429059643743415,1051650.625,0.93384522543797
