loss,r2,loss_test,r2_test
53851100.0,0.9503643845639861,1207419.25,0.9240465043551512
49482396.0,0.9581750698361164,1129894.0,0.9289232791720794
43944796.0,0.9542983572477712,997399.0,0.9372579700428141
32925138.0,0.9634394193892446,804519.25,0.9493911923693042
