loss,r2,loss_test,r2_test
55977808.0,0.958360363291343,1284766.0,0.9191809518418605
48396716.0,0.9753488084049038,1130216.75,0.9289029751372151
45109968.0,0.9852700397479667,1063844.625,0.9330781651076685
39936572.0,0.9748622714551779,946369.75,0.9404679890170957
