loss,r2,loss_test,r2_test
97143864.0,0.8626206617230384,1536165.0,0.9033665345676465
91319648.0,0.940804170685594,1282056.375,0.9193514041812397
75197496.0,0.9175439838032305,1101401.625,0.9307156113426404
