loss,r2,loss_test,r2_test
72571640.0,0.9476696746087827,1277409.625,0.9196437106354651
67857904.0,0.9555391528177166,1178479.375,0.9258669860561785
66409388.0,0.9563407318389284,1137840.5,0.9284233976772078
