loss,r2,loss_test,r2_test
73359264.0,0.9521273368222324,1138216.25,0.9283997582323871
