loss,r2,loss_test,r2_test
32867080.0,0.7695557118205592,1256998.875,0.9209276675386252
