loss,r2,loss_test,r2_test
72065544.0,0.8949442335675886,1760921.25,0.889228089382388
45415792.0,0.9298927315555428,1291175.375,0.9187777760865656
