loss,r2,loss_test,r2_test
43915300.0,0.8373476333601655,1213506.125,0.9236636018644652
18539888.0,0.9457991012125812,692229.5,0.9564548517632238
