loss,r2,loss_test,r2_test
33021126.0,0.9503855638288721,1200302.5,0.9244941892010152
