loss,r2,loss_test,r2_test
2716083.75,0.9247157751632402,1322579.25,0.9168022881771235
1981763.75,0.9571193811738435,1218355.75,0.9233585334867657
1898502.0,0.9607114027186989,1179165.75,0.9258238045053171
1762768.875,0.9629728831685702,1211766.375,0.9237730416746139
1724749.625,0.9644645371666396,1166352.25,0.9266298394903718
1435550.5,0.9740081276875311,1113894.75,0.9299297219732556
