loss,r2,loss_test,r2_test
28863788.0,0.004965306061759489,15723118.0,0.010926976977081226
1583430.75,0.9436690625786838,1201359.125,0.9244277141489903
1441218.75,0.9505088371639511,1189121.75,0.9251975280038061
894365.75,0.9769281305344935,1002471.8125,0.9369388551410565
739309.0625,0.9794357464884341,840919.0,0.947101436261526
