loss,r2,loss_test,r2_test
73097112.0,0.981171552765379,901571.8125,0.9432860370691774
61462288.0,0.9842633661006505,761836.0,0.952076209128445
33266606.0,0.9899460894122099,495868.6875,0.9688070582761595
25806250.0,0.9852910699784097,401569.09375,0.9747390341695419
28041932.0,0.9934659725539868,437340.5,0.9724888090899207
