loss,r2,loss_test,r2_test
37422624.0,0.9813526934527088,500788.125,0.9684975964592466
43171560.0,0.9724325453354191,579554.5625,0.9635427392701164
43682016.0,0.9803613068898386,588193.6875,0.96299928984494
30254884.0,0.9886076707565623,439365.0,0.9723614590865478
27108628.0,0.9833010076283295,431267.78125,0.9728708186149373
27485432.0,0.9904387196735063,438071.09375,0.972442850715072
