loss,r2,loss_test,r2_test
31617520.0,0.6218404345210173,6262788.5,0.6060351518072349
23897172.0,0.733882248040006,4761121.0,0.7004985364251348
7088077.5,0.8979837792769515,2321693.0,0.8539523837875433
1567557.5,0.9659002071926142,870919.8125,0.9452142213764572
1061699.0,0.9783274244538129,672573.875,0.9576912971412168
1022110.125,0.9790927086335433,588524.75,0.9629784688178028
815468.5,0.9835619895310792,565611.875,0.9644198132610846
