loss,r2,loss_test,r2_test
1069651.25,0.9802268990146511,662099.25,0.9583502147251368
646361.375,0.9871793074599127,611866.3125,0.9615101453694195
404926.25,0.9928304976114855,575570.75,0.9637933455482687
318811.5,0.9937590724612683,527671.9375,0.9668064520422405
