loss,r2,loss_test,r2_test
32098212.0,0.9513376602669836,1241278.375,0.9219165745321711
30655284.0,0.9574885988824543,1215520.5,0.9235368920918344
33146164.0,0.94932216590743,1346430.0,0.9153019382113741
40810960.0,0.9272122175760465,1506096.375,0.9052580204546958
