loss,r2,loss_test,r2_test
37492372.0,0.9254087322695057,1246914.0,0.9215620594240042
34559564.0,0.920408579597893,1163268.5,0.9268238442801648
33398210.0,0.9136192920980356,1151269.75,0.9275786209733892
31713434.0,0.9337146760556883,1073647.5,0.9324615042406272
