loss,r2,loss_test,r2_test
29347334.0,0.9601049993169943,1215015.0,0.9235686846265588
28567714.0,0.9610635688980212,1188056.375,0.9252645317425139
28945660.0,0.9573104352747067,1240431.0,0.9219698816126298
25840872.0,0.9635410024300143,1107365.0,0.9303404852961957
