loss,r2,loss_test,r2_test
36657708.0,0.9543463068693392,1244648.25,0.9217045772396117
35179720.0,0.9594487248904794,1211680.75,0.9237784282940649
47327680.0,0.9209896213359097,1518115.625,0.904501951011014
31296336.0,0.9640301001584688,1103105.5,0.9306084240293069
