loss,r2,loss_test,r2_test
31878686.0,0.9392432569154145,1224409.875,0.9229777003015911
30764904.0,0.9433737438703975,1191230.375,0.9250648700693149
29042994.0,0.9444639901112445,1141545.25,0.9281903523946237
28000818.0,0.9571879130036387,1098569.875,0.9308937424976313
