loss,r2,loss_test,r2_test
41621524.0,0.9458256936498771,1473188.625,0.9073281039580393
35288964.0,0.9511239912224537,1251799.625,0.9212547361018103
40666236.0,0.9315513196840808,1459022.5,0.9082192317809274
43734468.0,0.9432763071844856,1547506.625,0.9026530816390057
32166304.0,0.949849888422515,1163452.625,0.926812256000094
