loss,r2,loss_test,r2_test
37217152.0,0.9236737052586621,1272411.75,0.9199581085663524
37391476.0,0.9349581578434821,1208627.125,0.9239705257495305
39108812.0,0.9333375232794519,1231116.5,0.9225558028276264
32598698.0,0.9290226775050177,1175104.875,0.9260792552919378
