loss,r2,loss_test,r2_test
29995464.0,0.9437491089769139,1226081.875,0.9228725142180882
28765872.0,0.9465031811207858,1196634.125,0.9247249470602094
27592846.0,0.9492932427127145,1166847.25,0.926598709033784
25437134.0,0.950672659295761,1079584.875,0.9320880051408664
