loss,r2,loss_test,r2_test
23013626.0,0.9246349309916371,1320386.875,0.9169401926596592
23661764.0,0.9183013060980573,1341315.5,0.9156236721095841
20557176.0,0.9369352342188293,1203696.0,0.9242807131295031
