loss,r2,loss_test,r2_test
27988684.0,0.8857795351114081,1390143.5,0.9125521146282001
