loss,r2,loss_test,r2_test
15885045.0,0.9240855300414854,1318567.875,0.9170546236560195
14537486.0,0.9322421085297978,1249133.125,0.9214224681445494
14106328.0,0.9303947052766751,1235674.625,0.9222690752355032
