loss,r2,loss_test,r2_test
21032284.0,0.872915066290992,1355561.0,0.9147275534227873
