loss,r2,loss_test,r2_test
15783761.0,0.961746786301172,1153453.125,0.9274412741972474
