loss,r2,loss_test,r2_test
18551572.0,0.9289444425511341,1374770.125,0.913519194710132
14829891.0,0.9453701935585546,1154468.25,0.9273774146037551
15015195.0,0.9477908571711833,1173027.75,0.9262099231401932
