loss,r2,loss_test,r2_test
61395284.0,0.6994072167051106,4231838.5,0.7337934396000789
20375540.0,0.9384073683213028,1380955.125,0.9131301175772084
17285350.0,0.9556971768417628,1218234.0,0.9233661961063657
