loss,r2,loss_test,r2_test
18511906.0,0.9412786977587351,1452626.75,0.9086215632254591
21557216.0,0.9231468248687309,1688835.5,0.8937626974038697
