loss,r2,loss_test,r2_test
18017692.0,0.9032104155611966,1228105.375,0.922745223310832
