loss,r2,loss_test,r2_test
16695482.0,0.9404079776203429,1220359.75,0.9232324734824907
