loss,r2,loss_test,r2_test
223022928.0,0.04532215597542333,15173971.0,0.045471404528116044
215296336.0,0.08560628010578997,14631281.0,0.07960966425658311
202808480.0,0.144833088565819,13772944.0,0.13360390766429542
174450864.0,0.2580140710210934,11868592.0,0.25339840909083866
71197928.0,0.6909533181593639,4742181.0,0.7016900033311455
49816748.0,0.7238570060534237,3122964.0,0.8035478964488336
39290928.0,0.8119059919955983,2174610.75,0.863204694304226
35426908.0,0.8705289597319127,1777541.0,0.8881826233663019
33753448.0,0.8778133873377687,1604671.375,0.8990571055025096
