loss,r2,loss_test,r2_test
216239680.0,0.041243331430639074,15167262.0,0.04589352012901049
209061792.0,0.06646432884383069,14677124.0,0.07672590548052616
199074080.0,0.11148643827322724,13971164.0,0.12113480539050547
173356560.0,0.20535462320155695,12214354.0,0.2316481256643248
65475168.0,0.7223006959325585,4588029.5,0.7113870182150988
37222764.0,0.8862437950381218,2546578.5,0.8398058236949837
29819908.0,0.920875685522651,2002445.125,0.8740348740738102
24171082.0,0.947338273827382,1593118.125,0.899783872960392
21543296.0,0.9607226753629856,1417070.375,0.9108582582134893
