loss,r2,loss_test,r2_test
202315312.0,0.04763887821874724,15178084.0,0.04521268415506241
197055200.0,0.06102790718125961,14770460.0,0.07085459302049113
187400640.0,0.11034513965801451,14051854.0,0.11605890687286602
167711568.0,0.21025319459985325,12585993.0,0.2082699212081257
79596424.0,0.5854434429297393,5909629.5,0.6282508955023199
34854088.0,0.7864526094145567,2580901.75,0.8376466788344812
25469956.0,0.8470755170891391,1935275.375,0.8782602360842734
19136796.0,0.894096248598314,1532976.375,0.9035671204171221
16648392.0,0.9174382252351148,1378421.75,0.913289471799753
