loss,r2,loss_test,r2_test
214756864.0,-0.028571539434415483,15172857.0,0.04554165994972015
208131376.0,0.011145540983439672,14701862.0,0.0751696881811037
196138352.0,0.10825166363488004,13858221.0,0.12823955411944898
160065008.0,0.26825248981053595,11297979.0,0.2892932332712961
59813220.0,0.7648211146489798,4272552.5,0.7312323072409062
36106004.0,0.8868158193398036,2576613.0,0.8379164815534718
29233998.0,0.9031448629799954,1935960.25,0.8782171521225369
27740164.0,0.9071420403858341,1761208.0,0.889210053291851
23560570.0,0.9252535050491196,1419910.75,0.9106795834081476
