loss,r2,loss_test,r2_test
219954368.0,0.051614030196998506,15233455.0,0.04172949617500288
213814752.0,0.08136322341804969,14795364.0,0.06928786448484758
204329040.0,0.12535563354291168,14023556.0,0.11783903976412458
171873456.0,0.284405561197852,11861536.0,0.2538423684890222
87299680.0,0.6565169132533437,5851386.5,0.6319147355977797
43871316.0,0.7446873396465309,2907808.25,0.8170824204922181
33081184.0,0.7870060913819811,2040976.625,0.8716110196547215
25954006.0,0.7970973518090159,1545753.0,0.9027633895023514
24608036.0,0.8075666507675513,1437869.375,0.909549889143053
