loss,r2,loss_test,r2_test
223389728.0,0.041602000911731496,15216251.0,0.04281177069489617
217151024.0,0.0653671609251375,14776424.0,0.07047940862342361
205507488.0,0.11139365268761248,13987111.0,0.12013157001304386
175008048.0,0.22836493690625093,11847757.0,0.2547090384054047
81339488.0,0.5885332641765566,5352995.0,0.6632663527935082
37505876.0,0.7853920264636942,2480857.25,0.8439400536418864
30421002.0,0.8304251936416264,1980524.625,0.8754138061826819
24248434.0,0.8712340824471566,1591458.5,0.8998882606424153
21972370.0,0.8908297110786597,1427654.875,0.9101924375054544
