loss,r2,loss_test,r2_test
216343168.0,0.03464936937858931,15144861.0,0.0473026232137419
209438016.0,0.07141889473908614,14669933.0,0.07717831262713037
198376416.0,0.11309230552211169,13855322.0,0.12842199377161423
172684384.0,0.22587137196489893,12022817.0,0.24369682271570026
72166832.0,0.6380209560286669,4878414.0,0.6931201632108441
41650084.0,0.7634550922155333,2752165.25,0.8268732511354311
29333578.0,0.8415763580141054,1895061.375,0.8807899243372354
23518972.0,0.8961509100766598,1589107.375,0.9000361507591451
21806820.0,0.914394363315532,1488924.75,0.9063382164981
