loss,r2,loss_test,r2_test
209112656.0,0.0030533933890656284,15151312.0,0.04689673421214491
201992112.0,0.021489042939506264,14641631.0,0.0789585930126131
192860560.0,0.05979052287865527,13977716.0,0.12072259881533631
163652016.0,0.18379409553479897,11849322.0,0.25461062201784923
67928584.0,0.6578883987626638,4800817.5,0.6980014245029063
42278076.0,0.7830026312724403,2813665.25,0.8230045604040332
32654394.0,0.8604081855214691,2100511.5,0.8678659604502841
24985580.0,0.9185560036029475,1539805.875,0.9031375087195505
23378572.0,0.9335416362582505,1421629.5,0.9105714650188889
