loss,r2,loss_test,r2_test
244279408.0,0.9223158831335193,1162063.75,0.9268996163082088
182138720.0,0.9577447179901077,854728.3125,0.9462327555820119
164224672.0,0.9743489696983175,752114.5,0.9526877420440659
165206768.0,0.9477571373904148,787552.3125,0.950458512177882
110252664.0,0.9881937414269394,508538.40625,0.9680100597147802
111576680.0,0.9881825327590865,524075.25,0.9670327042081384
