loss,r2,loss_test,r2_test
310006528.0,0.9540860358952594,1462506.125,0.9080000931618126
127325056.0,0.9730417558244184,667183.0625,0.958030410753644
124145928.0,0.9795233322808578,655727.4375,0.9587510358377173
