loss,r2,loss_test,r2_test
8155790.5,0.9536058324929738,997326.4375,0.937262523200471
3578790.5,0.9663057259018557,588707.1875,0.9629669894788472
3439462.25,0.9667962395930749,584424.8125,0.9632363781012587
