loss,r2,loss_test,r2_test
5845965.0,0.9704923880990459,1377081.625,0.9133737789388655
5097058.0,0.9858402393074949,1274546.125,0.9198238453918097
4530873.0,0.9853791303763856,1177817.0,0.9259086441447311
3998691.0,0.9847788214948173,1143693.0,0.9280552401478512
