loss,r2,loss_test,r2_test
4666064.0,0.9472323478948868,1329718.25,0.916353215092872
4133634.0,0.9343783465188239,1324660.0,0.9166714061775352
3336237.25,0.9456090680092315,1223476.375,0.923036414928982
2914804.0,0.9508289785609498,1134564.125,0.928629499982475
