loss,r2,loss_test,r2_test
147397424.0,0.8916194125540089,1208504.625,0.9239782257791371
144805264.0,0.9317644748701314,1182260.5,0.9256291298398416
125832768.0,0.8731421026071834,1092880.125,0.9312516651021232
117169960.0,0.8766067203734382,1056111.25,0.9335646279513556
