loss,r2,loss_test,r2_test
115997424.0,0.9570701689747906,1202312.625,0.9243677349868095
142214144.0,0.9435250462032833,1457917.25,0.9082887590272816
98712312.0,0.9488639429202586,1034603.4375,0.9349175889747146
85115000.0,0.9505281517754849,907382.625,0.9429205029942184
