loss,r2,loss_test,r2_test
29884892.0,0.9417016329699233,1223994.5,0.9230038304927071
28723268.0,0.9444553836795146,1194579.875,0.9248541738613052
25341456.0,0.952923064426165,1076188.875,0.9323016372231927
