loss,r2,loss_test,r2_test
37557516.0,0.9684175747595272,1281020.875,0.9194165495966206
34121772.0,0.974758031223517,1240360.0,0.921974342716933
35607468.0,0.9713125936251856,1326953.375,0.9165271315613522
30268748.0,0.9746942332261467,1081342.625,0.9319774291595142
