loss,r2,loss_test,r2_test
29722132.0,0.957693178787264,1222279.75,0.9231116959402704
28481824.0,0.9614011417613691,1180122.625,0.9257636148203281
