loss,r2,loss_test,r2_test
38486272.0,0.9643283809467392,1211026.5,0.9238195784770764
