loss,r2,loss_test,r2_test
35861088.0,0.8510898445546913,1171793.125,0.9262875848528438
