loss,r2,loss_test,r2_test
36181764.0,0.9544453397694682,1222488.5,0.923098556928802
31486688.0,0.9695660879243044,1158093.375,0.9271493802230031
