loss,r2,loss_test,r2_test
30568962.0,0.9588499330880018,1174942.375,0.926089481503918
29479194.0,0.9595236519713753,1198310.625,0.9246194825577044
