loss,r2,loss_test,r2_test
38599644.0,0.9336460129896013,1216102.75,0.92350026102334
36379964.0,0.936630473057624,1159200.625,0.9270797298535438
