loss,r2,loss_test,r2_test
37155208.0,0.9241842752546506,1266164.75,0.9203510718242534
37380356.0,0.9329438433688777,1208579.25,0.9239735299149264
38471380.0,0.932862262113172,1212715.875,0.9237133082010823
34437148.0,0.9281598071554013,1232896.75,0.9224438212799116
