loss,r2,loss_test,r2_test
41621524.0,0.9458256936498771,1473188.625,0.9073281039580393
35304896.0,0.9500883710939466,1248263.25,0.9214771792780743
38577992.0,0.9357929099070916,1389910.625,0.9125667575609735
30999484.0,0.9586714518906545,1098966.5,0.9308687953642208
