loss,r2,loss_test,r2_test
549025088.0,0.2880822318106693,10734989.0,0.32470855200659343
70926888.0,0.9705899538134394,1426751.5,0.9102492608451466
64652220.0,0.9703867653534947,1291705.25,0.9187444457213529
