loss,r2,loss_test,r2_test
134122888.0,0.8706540879606512,1747442.0,0.8900760165888579
