loss,r2,loss_test,r2_test
64385516.0,0.6593513384143562,4527380.5,0.7152021513305339
26219422.0,0.9143877271402123,1625518.375,0.897745701826769
21311552.0,0.9543565532172803,1272728.5,0.919938175353746
