loss,r2,loss_test,r2_test
119123824.0,0.408790342416976,8944795.0,0.43732183860459983
16681004.0,0.9415179552493573,1255018.25,0.9210522533228706
