loss,r2,loss_test,r2_test
198413184.0,0.03824062252228222,14762718.0,0.07134164058885362
62814036.0,0.7540813988913709,4790879.5,0.6986266069076116
15920885.0,0.9449487657591871,1280906.375,0.9194237437806858
16561077.0,0.945356855403815,1335154.625,0.9160112291783239
