loss,r2,loss_test,r2_test
87602840.0,0.7417862037741816,5474673.5,0.6556120852671357
56616352.0,0.8844270966709591,2339573.0,0.8528276275838018
57221596.0,0.8739479613386884,2297645.0,0.8554651407900938
