loss,r2,loss_test,r2_test
72313840.0,0.7375565340563206,4820989.5,0.6967324898766806
25126856.0,0.938087840698814,1741834.5,0.8904287680266778
19189604.0,0.957525752241732,1289777.25,0.9188657173744748
20845102.0,0.9639918567137391,1494932.75,0.9059602690584577
