loss,r2,loss_test,r2_test
179899312.0,0.9295245659861409,1262416.5,0.9205868669253554
160861344.0,0.8999705336665853,1162604.625,0.9268655966628727
101938496.0,0.9070152735384384,735811.125,0.9537133154578791
79522312.0,0.918657090776029,636692.1875,0.9599484653782399
66955420.0,0.8727016146819536,579545.5625,0.963543308021461
61340292.0,0.9033672599978424,531436.1875,0.966569658767377
62145560.0,0.9062767282019057,537626.75,0.9661802353295562
60548880.0,0.8623663929174017,570560.375,0.9641085262779037
