loss,r2,loss_test,r2_test
142516144.0,0.9069518297993976,1252940.875,0.9211829347648637
148341520.0,0.9163888598199846,1309244.375,0.9176411280292021
147326304.0,0.8997919374825918,1322248.125,0.9168231237385552
63670248.0,0.9663474743554864,642865.75,0.9595601103106018
82466040.0,0.9390399471896862,799639.1875,0.9496981717001219
52299448.0,0.9654259354811592,526439.4375,0.9668839831793896
45638232.0,0.9763894355546393,484286.5625,0.9695356359063232
