loss,r2,loss_test,r2_test
131687792.0,0.8814042923149321,1452194.25,0.908648762688101
94438352.0,0.9433104796488087,1103736.125,0.9305687537802387
77969032.0,0.9629507755828844,902369.8125,0.9432358392749515
65278384.0,0.9915141565761632,797307.1875,0.9498448734758976
69802864.0,0.956678119656629,850882.125,0.9464747006034429
63207276.0,0.8894930619900354,747526.75,0.9529763395051144
60768836.0,0.977560305543414,661195.1875,0.9584070857114838
45049196.0,0.9895669184139059,549886.5,0.9654090314562531
