loss,r2,loss_test,r2_test
148202976.0,0.7906135774285649,1283838.625,0.9192392969046299
137666912.0,0.8282490736430609,1197429.375,0.9246749314846026
84131064.0,0.8864933218473473,764962.625,0.9518795281619056
65529240.0,0.9528727568138358,703908.5,0.9557201762913171
57921192.0,0.9053721131983363,601247.0625,0.9621781600474253
45936452.0,0.9234816503317774,515640.90625,0.96756326812476
43606272.0,0.9596187330069166,493342.28125,0.9689659790648543
42055100.0,0.9657416638057472,508521.9375,0.9680110944868261
