loss,r2,loss_test,r2_test
61421688.0,0.9391287673220438,1262145.625,0.920603907055331
61946792.0,0.935279631786976,1261045.5,0.9206731082846054
58994512.0,0.9272118194369079,1290119.875,0.9188441613984947
74356032.0,0.9021034386724998,1499359.625,0.9056818025863036
