loss,r2,loss_test,r2_test
84754096.0,0.9586032115384507,1814866.25,0.8858346472273245
66004556.0,0.9665069674331606,1421094.125,0.9106051426531403
55637548.0,0.9516745720347723,1237480.5,0.9221554782388143
54124288.0,0.9654742678464043,1204851.25,0.924208044360599
57341408.0,0.9665070570831198,1301080.125,0.9181546991099261
