loss,r2,loss_test,r2_test
76425352.0,0.8682531882267969,1262628.0,0.920573561065639
72401200.0,0.8815720816725408,1206284.375,0.9241179009143169
69343192.0,0.8855942225957928,1205841.5,0.9241457532855542
69443104.0,0.8654760441984983,1253142.25,0.921170265241434
