loss,r2,loss_test,r2_test
70551256.0,0.9488574981533383,1517931.0,0.9045135518539608
58120016.0,0.9737030160163564,1245740.625,0.9216358691011837
57665168.0,0.9746324978220161,1233107.75,0.9224305483828555
55955924.0,0.9764404070514168,1201723.0,0.924404815742123
56787224.0,0.9739243409973019,1211030.75,0.9238193213218217
