loss,r2,loss_test,r2_test
89170152.0,0.8696531092222405,1594634.875,0.8996884515394673
80743304.0,0.9065178878871494,1259282.875,0.92078398275049
77250600.0,0.905997498133461,1206383.875,0.9241116337479154
75270272.0,0.9136971366751101,1173780.875,0.9261625483938022
