loss,r2,loss_test,r2_test
56408008.0,0.9461127151453719,1231858.75,0.9225091304389235
58768732.0,0.95065431855079,1305539.5,0.9178741845774565
55615248.0,0.9555816460996721,1243547.0,0.9217738582654028
52128568.0,0.9577201887425014,1180911.875,0.9257139631693334
