loss,r2,loss_test,r2_test
4131219.0,0.9079784477499183,1280007.125,0.9194803124049983
1876345.25,0.9590884880170731,1012625.625,0.9363001204078778
914217.4375,0.972405644723995,621557.125,0.9609005421601271
545864.75,0.982206057561778,553625.875,0.9651738002987005
811457.25,0.9747406787947922,674060.75,0.9575977651198742
247429.390625,0.9963709330946826,437996.21875,0.9724475595005191
249254.125,0.9949938620390921,471246.4375,0.9703559317299186
410631.1875,0.9910590577039972,507430.875,0.968079729427955
434031.46875,0.9912548557751999,585114.125,0.9631930170040672
