loss,r2,loss_test,r2_test
17314700.0,0.6562727151953129,4289076.0,0.7301928778163715
4297398.5,0.9222561848009272,1337843.625,0.9158420698564274
1421886.75,0.9643862364300194,785840.375,0.9505661963283704
1008826.125,0.9757217908159883,676971.1875,0.9574146809788033
1013258.0,0.9769415438837098,614123.375,0.9613681702653155
543625.5,0.9946965971653285,606803.5,0.9618286293557993
417510.96875,0.9942077116107878,590596.9375,0.9628481139302164
270950.53125,0.9957275524605773,501832.03125,0.9684319250403328
457331.84375,0.9949518889215311,468077.625,0.9705552708731826
