loss,r2,loss_test,r2_test
45782804.0,0.9651503067309231,617848.75,0.9611338229933798
51334808.0,0.9058022228431066,696682.8125,0.9561747098325001
41522324.0,0.9716419539916371,581350.0625,0.963429795716482
32356118.0,0.9862998251168905,474778.5625,0.9701337469916661
51797584.0,0.9678833707283758,691640.25,0.9564919186088995
25711746.0,0.9713388729279282,418836.46875,0.9736528190628271
29174480.0,0.9684272021337338,472422.3125,0.9702819642435289
26261208.0,0.9440239982097893,441218.46875,0.9722448667097914
21519958.0,0.9852848516431916,390283.6875,0.9754489478821714
