loss,r2,loss_test,r2_test
140644608.0,0.842228020621105,756868.375,0.9523886979951764
