loss,r2,loss_test,r2_test
4537201.5,0.9791162699823097,918325.5625,0.9422321339040319
