loss,r2,loss_test,r2_test
30013630.0,0.9402565527670723,1253100.125,0.9211729195239549
30580346.0,0.9347599899340276,1226659.875,0.9228361575239435
28132008.0,0.9361483770589462,1152532.875,0.9274991557670572
27671344.0,0.9331813721231504,1131372.125,0.9288302959819342
26812580.0,0.9317250783823049,1108519.75,0.9302678415380408
24137588.0,0.9054540632108143,1102254.625,0.9306619494448032
19020018.0,0.9170155982155995,893406.875,0.9437996534602794
