loss,r2,loss_test,r2_test
26969334.0,0.9617278235263659,1272032.375,0.9199819678678147
27872216.0,0.9690453949104487,1281447.25,0.9193897283691184
26189686.0,0.9452111977083069,1255618.5,0.9210144990069433
27733530.0,0.9663328415766296,1245218.75,0.921668699557216
25066116.0,0.9450152396773254,1210553.25,0.9238493507880318
24652190.0,0.9416473362172889,1197818.625,0.9246504334187047
18204402.0,0.9717760685396667,852051.4375,0.9464011469947013
16396070.0,0.9692553251901975,781476.875,0.9508406862494851
