loss,r2,loss_test,r2_test
28270514.0,0.9462945007650838,1201885.125,0.9243946304768756
30011046.0,0.9402646907910733,1274496.0,0.9198269975499784
26135676.0,0.956005921540586,1120921.375,0.9294877059364568
26441240.0,0.9525882891805757,1124346.25,0.9292722622358028
25037616.0,0.9574999018511369,1074117.125,0.9324319539822374
21410286.0,0.9617782587558946,930072.5625,0.9414931796158567
19690494.0,0.9685904823190029,894594.3125,0.943724956757483
