loss,r2,loss_test,r2_test
51763300.0,0.9636731668611044,1197782.375,0.9246527035446577
48464868.0,0.9488592337232247,1125467.125,0.929201756157448
45375496.0,0.9543358970572968,1045092.8125,0.9342577572690977
37442376.0,0.963719014352928,867567.375,0.9454251020932438
