loss,r2,loss_test,r2_test
60649952.0,0.9717854679967177,1284751.125,0.9191818898766266
63985300.0,0.9577850631047794,1334327.875,0.9160632386761414
52324636.0,0.978752167007771,1079991.0,0.93206246206661
51685596.0,0.9787827867241414,1056494.875,0.9335405015658148
52937104.0,0.971453533738757,1075691.625,0.9323329155749401
