loss,r2,loss_test,r2_test
84691120.0,0.9270556650304486,1783627.25,0.8877997676137404
70192168.0,0.9029513675799151,1475366.875,0.9071910816722827
55701388.0,0.9042547344977533,1170248.25,0.9263847691189242
54982132.0,0.9220141218152444,1197966.375,0.9246411445666992
