loss,r2,loss_test,r2_test
55708688.0,0.8726003621087326,1168422.125,0.9264996329703515
50266256.0,0.8801681837203588,1028925.0625,0.9352747950612007
48528964.0,0.8839824702614567,999263.6875,0.9371406677519983
