loss,r2,loss_test,r2_test
43418772.0,0.9283958678716986,1253052.5,0.921175911333118
38881532.0,0.9450266818473892,1140881.625,0.9282320965239169
39783400.0,0.9582438285566777,1188955.5,0.9252079740558933
33429868.0,0.9705182965141854,984023.375,0.9380993618983833
28599280.0,0.9733515444868632,858190.8125,0.946014949753786
