loss,r2,loss_test,r2_test
49801708.0,0.9137796701219402,1304413.75,0.9179450015224565
46762680.0,0.9202881761708308,1250607.0,0.9213297505754784
45785952.0,0.9224191251326659,1248003.125,0.9214935498822058
41348444.0,0.9233935056441714,1146181.125,0.9278987257116196
36847092.0,0.9365904310532336,1003954.5625,0.9368455731214849
26722684.0,0.95534605368888,763746.125,0.9519560452041581
