loss,r2,loss_test,r2_test
66204940.0,0.8535190271293205,1248375.375,0.9214701237970772
64834620.0,0.8605379377530736,1219699.375,0.9232740161653846
62386636.0,0.8419424765870178,1170291.75,0.9263820236684139
49795448.0,0.8661722425926321,910822.9375,0.9427040847204078
48311664.0,0.8338432307880622,902004.25,0.9432588343240706
