loss,r2,loss_test,r2_test
86867720.0,0.9496828405806443,877471.375,0.9448020905500935
64279812.0,0.9359771506920929,657419.6875,0.958644589302332
41386900.0,0.9828417734726749,473377.28125,0.9702218936249978
38295392.0,0.9858327337993323,474309.28125,0.9701632612933008
