loss,r2,loss_test,r2_test
66669052.0,0.9776254805548514,771443.5625,0.9514718372276744
33917768.0,0.9934432036926075,499741.65625,0.9685634239391381
26739170.0,0.9953386183378998,477596.1875,0.9699564967037936
