loss,r2,loss_test,r2_test
134661696.0,0.80970464630856,1214558.25,0.9235974238731414
74381432.0,0.9283785458765953,758253.3125,0.9523015808677379
32358554.0,0.9544354554518133,464827.3125,0.9707597341745715
27890196.0,0.980320653992289,455013.0,0.9713771096068885
