loss,r2,loss_test,r2_test
55643012.0,0.9144061260611034,1030804.9375,0.9351565400323204
26370232.0,0.9726609605303549,567939.5625,0.9642733927193461
