loss,r2,loss_test,r2_test
56041072.0,0.8737996625424614,1182833.625,0.9255930761746389
51702188.0,0.8890813403541281,1108258.5,0.9302842751738919
32993790.0,0.9317048429527741,737391.1875,0.9536139257220814
27852164.0,0.9563810839478315,635494.875,0.9600237813172174
23304542.0,0.9456375947483778,552298.375,0.9652573085996861
21588976.0,0.9523727035696182,546486.875,0.9656228868628901
25285306.0,0.9484666832900177,582596.5,0.9633513868419465
