loss,r2,loss_test,r2_test
4270402.0,0.9549883686825504,1400467.875,0.9119026489154338
