loss,r2,loss_test,r2_test
42994592.0,0.05576238072140849,15028390.0,0.054629327819660234
2666346.0,0.934530836189946,1246464.25,0.9215903484409946
2409004.5,0.947736109615872,1233925.375,0.9223791264169694
1927570.125,0.9599956568361462,1122286.875,0.9294018116423834
1374140.25,0.9783421301655341,1003169.0,0.9368950008285044
997669.125,0.9862439026694654,783841.9375,0.9506919068542731
798476.25,0.9892605786078255,621696.875,0.9608917511030303
712902.25,0.9884845757015485,594758.5,0.9625863288577869
603997.75,0.9914034764376156,556314.625,0.965004664146828
