loss,r2,loss_test,r2_test
58725528.0,0.9773645680761957,1365630.625,0.9140941116693302
34391336.0,0.992913862723164,793584.9375,0.9500790218864021
22819184.0,0.9911353891634527,569719.0,0.9641614519307574
20705950.0,0.9900179512596387,530606.8125,0.9666218283400956
19199204.0,0.9931790457673858,518621.96875,0.9673757450863291
20040822.0,0.9866180417004617,543291.0625,0.9658239200703556
