loss,r2,loss_test,r2_test
18950224.0,0.9384572095172361,1405418.0,0.9115912680314954
16477965.0,0.9446913121003624,1245398.375,0.9216573933040061
16238916.0,0.9440378049643654,1220330.875,0.9232342975849174
16470715.0,0.9364311529442962,1247663.0,0.921514947216002
