loss,r2,loss_test,r2_test
17609438.0,0.9365272791386428,1306679.375,0.9178024813170911
17517946.0,0.9341013581001465,1319818.25,0.9169759828573321
22271440.0,0.8994744984495382,1669214.375,0.8949969811472143
16233595.0,0.9396247149727454,1231944.5,0.9225037282982744
