loss,r2,loss_test,r2_test
83270952.0,0.9662383312196413,978578.9375,0.9384418506118966
43082568.0,0.9831140662452851,552627.25,0.9652366193187638
38273476.0,0.971852068079482,526915.625,0.9668540272903652
26655430.0,0.9929436860505312,439645.84375,0.9723437907877165
22766694.0,0.9895424857727506,436431.78125,0.9725459704782927
22113734.0,0.9919578059474552,451846.65625,0.9715762903136571
