loss,r2,loss_test,r2_test
98739664.0,0.9230600318911745,1156035.25,0.9272788461612193
69328472.0,0.9707969924699855,847186.3125,0.9467071892775656
32618580.0,0.98771545521224,477979.15625,0.969932410594297
27262774.0,0.9757955406809267,459182.375,0.9711148329726714
