loss,r2,loss_test,r2_test
109782136.0,0.9433547318005134,1027347.0,0.9353740681904312
41151404.0,0.9934320332174436,482818.3125,0.9696279941943858
58060764.0,0.9867024123936778,677483.8125,0.957382437615928
