loss,r2,loss_test,r2_test
111259920.0,0.9223633063349119,1129676.0,0.9289369968665052
96993016.0,0.9101652235973455,1018404.625,0.9359365903833218
42416924.0,0.9736892869630989,487179.28125,0.9693536690392868
