loss,r2,loss_test,r2_test
46975160.0,0.9309868147041671,588829.875,0.9629592740119051
