loss,r2,loss_test,r2_test
91956952.0,0.9887347296214011,793094.8125,0.9501098479744432
55614644.0,0.9845467721446155,617087.5625,0.9611817032541067
39436572.0,0.9947367043573563,520087.96875,0.9672835242558238
42639668.0,0.9940128122286838,543806.4375,0.9657914978999932
