loss,r2,loss_test,r2_test
62314848.0,0.967599974940408,656442.375,0.9587060647645311
45081688.0,0.9823867373846209,551113.25,0.9653318595079133
88416728.0,0.9496257797434027,1008604.0,0.9365531007969515
36068932.0,0.9862207720512012,487793.28125,0.9693150472866083
33937656.0,0.9834757697471993,483279.4375,0.969598990957299
