loss,r2,loss_test,r2_test
98484152.0,0.9863986896690637,1009537.5625,0.9364943771342028
59139920.0,0.989758181646982,652150.375,0.9589760522266717
74816792.0,0.9687286659983562,865854.9375,0.9455328276734165
