loss,r2,loss_test,r2_test
132956656.0,0.926182451654735,1393448.125,0.912344230183072
55133784.0,0.9911625224306309,625666.5,0.9606420416560658
40632888.0,0.9838354718025895,508581.125,0.9680073717514497
44217872.0,0.9922803840775304,553113.5625,0.9652060323285023
