loss,r2,loss_test,r2_test
204332112.0,0.8097996627688664,1418518.5,0.910767166684868
176646752.0,0.8481260547504854,1181094.875,0.9257024514921097
202843888.0,0.8752508721719855,1324854.0,0.9166591960085363
141155632.0,0.9384446888320618,923894.625,0.9418818051322398
