loss,r2,loss_test,r2_test
27423798.0,0.8194508675430862,1584546.0,0.9003230979927477
20111346.0,0.874450842097704,1211169.75,0.923810566404572
16918752.0,0.904656234414787,1170771.125,0.9263518752197804
