loss,r2,loss_test,r2_test
19581102.0,0.8305256737732329,1407578.375,0.9114553605484754
18288954.0,0.8472398271341319,1309968.0,0.9175956145957567
16930456.0,0.8657895628617357,1220358.625,0.9232325420806946
16437498.0,0.8811141707187795,1214500.375,0.9236010580708928
