loss,r2,loss_test,r2_test
16673484.0,0.958536452351552,1385496.625,0.9128444354468933
14144343.0,0.9643287755040392,1166051.125,0.9266487933059036
13940131.0,0.9646276239306151,1161634.375,0.9269266294634979
