loss,r2,loss_test,r2_test
155626496.0,0.13221379086066876,12533396.0,0.21157854146691046
15367280.0,0.9126965682259786,1205218.625,0.9241849398342019
14517855.0,0.9270617922960477,1211914.0,0.9237637546896934
