loss,r2,loss_test,r2_test
10946181.0,0.9264894221478498,1259421.25,0.920775278722204
