loss,r2,loss_test,r2_test
20677648.0,0.8999867120563335,1260870.875,0.9206840881862378
19262270.0,0.9135259522464567,1169612.5,0.9264247595287621
