loss,r2,loss_test,r2_test
38450112.0,0.9319244553895626,1246602.625,0.92158164620672
