loss,r2,loss_test,r2_test
497040320.0,0.16359034952336615,12482275.0,0.21479431723167997
76177256.0,0.8648015093554082,1983652.625,0.8752170327630693
46313968.0,0.955241657271148,1260307.5,0.9207195326559833
44830168.0,0.9602041234337646,1241567.625,0.9218983759602817
