loss,r2,loss_test,r2_test
34797556.0,0.05489287893417183,15155616.0,0.04662615527542313
1430793.5,0.9884511607947015,1245960.375,0.9216220491047836
1398069.75,0.9905707153199156,1260218.875,0.9207251044705673
