loss,r2,loss_test,r2_test
48437440.0,0.18640170684429025,12254308.0,0.22913473843649657
5151002.0,0.9272237914498276,1620298.875,0.8980740436561154
5089603.5,0.9086443819942731,1314366.625,0.9173189067854393
