loss,r2,loss_test,r2_test
88758544.0,0.9117656367319285,1576295.0,0.9008421274377955
82739448.0,0.9277962115099724,1334916.375,0.9160262156657147
93427904.0,0.8812043436959425,1641183.125,0.8967603178072209
