loss,r2,loss_test,r2_test
39303332.0,0.9612935903301018,1185801.125,0.925406402410671
