loss,r2,loss_test,r2_test
34510556.0,0.9282822752929034,1354974.625,0.914764432331275
