loss,r2,loss_test,r2_test
296824576.0,0.18214097324115042,11932299.0,0.24939093178118632
54177312.0,0.8878977204667234,1387760.125,0.9127020368622794
56135896.0,0.8722656184624729,1495303.25,0.9059369768808084
