loss,r2,loss_test,r2_test
51750200.0,0.9345838783589341,1215003.25,0.9235694271475692
40324844.0,0.9396416971566255,974371.875,0.9387064941342842
14322637.0,0.9778032313897645,464341.625,0.970790287720805
