loss,r2,loss_test,r2_test
55386024.0,0.9161246607617833,1232899.375,0.922443654106814
47766216.0,0.9135844414527545,1102604.75,0.9306399299115389
36561692.0,0.9249492032417801,908196.875,0.9428692769977949
28935976.0,0.952834952332689,703133.5,0.9557689264956762
18980742.0,0.9577403198511717,500659.875,0.9685056663769354
19695992.0,0.9479291398653277,522086.03125,0.967157838114887
