loss,r2,loss_test,r2_test
72430240.0,0.9394423815387998,1246625.5,0.921580208888491
53962560.0,0.9512087791677963,925084.125,0.9418069744596614
38982748.0,0.9742381325501136,763397.9375,0.9519779550207298
28516336.0,0.974110820853912,589394.6875,0.962923741558057
24696768.0,0.9690949330400886,523928.34375,0.9670419447813686
21654774.0,0.9722272618548795,484151.28125,0.9695441473944642
20488778.0,0.9788366337939377,521493.5,0.9671951115550987
