loss,r2,loss_test,r2_test
76536960.0,0.9425821504033257,1348461.125,0.9151741736206709
42416864.0,0.9675429739090735,757620.875,0.9523413643219059
23394408.0,0.9819287132896153,542420.0,0.9658787167694455
23534186.0,0.9731155206757781,522658.9375,0.9671217973952315
