loss,r2,loss_test,r2_test
25119968.0,0.9633670216629677,602461.5625,0.9621017613802558
20345206.0,0.9744376714098768,543927.125,0.9657839078590245
16990924.0,0.9833853391305509,489281.875,0.9692214036859851
16872304.0,0.9864894961104328,495833.9375,0.9688092428089051
