loss,r2,loss_test,r2_test
68268000.0,0.9541324422487509,1068244.0,0.932801406380392
51727000.0,0.97682874161813,900984.8125,0.9433229599964571
27736630.0,0.977651728052413,620457.5,0.9609697128644724
22234700.0,0.9793380659641084,496700.9375,0.9687547050388116
