loss,r2,loss_test,r2_test
36938560.0,0.9557099042204201,905338.4375,0.9430490907430353
26468602.0,0.9706795344953121,695574.375,0.9562444372899378
43155444.0,0.9452094577563028,981992.4375,0.9382271274044699
25283288.0,0.965999748719922,645074.5625,0.9594211658619578
16781500.0,0.9705818718881701,467269.4375,0.9706061107150891
