loss,r2,loss_test,r2_test
54642340.0,0.9272658716285256,1193729.25,0.9249076837060353
30561064.0,0.9845450132891441,671719.125,0.9577450654801991
27961560.0,0.9637934301338148,664338.125,0.958209376146568
20958404.0,0.9716277356003992,544535.5625,0.9657456333373726
16268989.0,0.9824501450336567,471692.53125,0.9703278718652277
15467991.0,0.9844580093849866,464340.8125,0.9707903357543091
