loss,r2,loss_test,r2_test
153534400.0,0.971988398822301,733800.5,0.9538397988779204
166757024.0,0.9799373578692101,806307.4375,0.9492787039536715
106400720.0,0.9861382405363129,511316.25,0.967835317418919
92659256.0,0.9876690500506924,483017.84375,0.9696154468338617
