loss,r2,loss_test,r2_test
11821020.0,0.9551008496866116,1259830.0,0.9207495738022649
6288420.5,0.9487868558935927,876731.875,0.9448486109541637
3559601.75,0.9592970589617951,624045.5,0.9607440077000905
2814232.75,0.9767773669969633,673882.5,0.957608978762229
