loss,r2,loss_test,r2_test
114440088.0,0.28044470877572625,10722136.0,0.32551705102989237
9369991.0,0.9787773907103972,1322209.75,0.9168255357409676
5276808.0,0.9843335637703056,851051.0625,0.9464640781527809
4351702.5,0.9801444386527599,749511.125,0.9528515112766436
3816539.0,0.9874181874921284,613231.375,0.9614242770146426
