loss,r2,loss_test,r2_test
6284263.5,0.9412247345133642,1390050.875,0.9125579417986932
3763548.5,0.9865809893961891,897128.875,0.9435655193802511
3127553.25,0.9878882846799382,717715.375,0.9548516483671752
2305099.0,0.9869602002805302,646045.25,0.9593601016649698
