loss,r2,loss_test,r2_test
244943312.0,0.9766656569666137,1143795.75,0.9280487777273635
226224016.0,0.9514141918161529,1142924.625,0.9281035754839425
158936144.0,0.9613717277671141,787497.3125,0.9504619661327958
108972296.0,0.9737042124396964,551251.5625,0.9653231578168441
108887656.0,0.9674926848032243,585686.5,0.9631570040099869
