loss,r2,loss_test,r2_test
132405376.0,0.8410348567656898,723731.375,0.9544732050385364
157979216.0,0.8252010959760709,826249.5625,0.9480242290880455
85561752.0,0.930396042809962,493912.90625,0.968930088865947
79209504.0,0.9442110946070267,457738.8125,0.9712056391004097
