loss,r2,loss_test,r2_test
107415528.0,0.8948805367894113,910927.5625,0.9426975081890985
70325904.0,0.9472530202526164,619386.375,0.9610370958732007
51202576.0,0.9676545504912468,540369.6875,0.9660076920491638
49039152.0,0.9914672885858118,525039.625,0.9669720370746957
