loss,r2,loss_test,r2_test
66765716.0,0.013555122232428607,15349825.0,0.03440934056261813
4631289.5,0.9494528124664204,1335984.0,0.9159590533118109
4400310.0,0.9541456111478286,1295355.125,0.9185148359228085
4059647.0,0.9533241667501046,1219426.625,0.9232911643944184
3443925.25,0.9606918197238306,1180599.625,0.9257336120663187
