loss,r2,loss_test,r2_test
83693192.0,0.969442805348419,1200222.125,0.9244992410869619
82151904.0,0.9782637050999031,1183584.875,0.9255458190314514
75274248.0,0.975468525285119,1080901.125,0.932005213501129
66416536.0,0.970698915381691,943906.8125,0.940622918987525
