loss,r2,loss_test,r2_test
5259599.5,0.9091606971341173,1296358.375,0.9184517303282446
4782383.0,0.9171149826195617,1236040.75,0.9222460449706835
4404181.0,0.915241364004794,1152706.875,0.9274882212519454
4046599.0,0.9245642708465825,1097286.75,0.9309744589835175
