loss,r2,loss_test,r2_test
116359144.0,0.946185713604724,1214089.75,0.9236268924047966
124985280.0,0.92636351845119,1279624.625,0.9195043759234055
97326632.0,0.9650123483903811,1084469.375,0.9317807506990867
91149920.0,0.9761671901493489,1057944.625,0.9334492999076216
