loss,r2,loss_test,r2_test
3934348.5,0.9531321172959694,1282454.125,0.9193263791656134
3722562.5,0.9741750658159166,1357262.5,0.9146205100642752
3660887.25,0.9627523406169843,1227570.375,0.9227788803351923
3488028.0,0.9741986930157542,1218431.0,0.9233538024138607
