loss,r2,loss_test,r2_test
6804008.5,0.9339532790225912,1329483.875,0.9163679563962339
6538468.5,0.9492165659829412,1220804.625,0.9232044886545778
6359793.5,0.9520357377117072,1154030.375,0.9274049657769019
6273945.0,0.9234370711934182,1189729.375,0.925159297535977
