loss,r2,loss_test,r2_test
103204448.0,0.9412131574563627,1299552.0,0.9182508293486635
108187936.0,0.948390329198386,1413934.75,0.9110555110156704
89697456.0,0.9542893686948694,1165683.0,0.9266719574991804
97042128.0,0.9446628046431074,1210922.0,0.9238261629671791
76436288.0,0.9633468160465024,998574.625,0.9371840061265972
