loss,r2,loss_test,r2_test
41341388.0,0.6814399653364673,5694554.0,0.6417803821973543
42305428.0,0.6588864492888518,5930663.0,0.6269277806219382
36769888.0,0.6920023384727481,5485190.0,0.6549505154291084
34484016.0,0.7564672622268933,4598729.5,0.7107138847920145
