loss,r2,loss_test,r2_test
109830440.0,0.9593940603139768,1224527.875,0.922970267079302
103267520.0,0.9605503589916007,1225710.25,0.9228959046179813
99886520.0,0.9568901417772356,1246507.75,0.9215876176740339
77690448.0,0.9687893209224251,1007666.6875,0.9366120684994256
