loss,r2,loss_test,r2_test
232805792.0,-0.013001910916943027,15664381.0,0.014621804152382789
225476320.0,0.04030942767545276,15145726.0,0.047248170238701426
219326992.0,0.06506882298438066,14738831.0,0.07284413746798557
209693664.0,0.1147346141216069,14086334.0,0.11388993684262483
182997696.0,0.2104552889384541,12355897.0,0.2227442091305165
