loss,r2,loss_test,r2_test
203436000.0,0.0823097088432656,14632704.0,0.07952022332234088
167385936.0,0.2536264710572035,12109428.0,0.23824851790185597
