loss,r2,loss_test,r2_test
207887952.0,0.019204988752766106,15632514.0,0.016626510213806456
201541760.0,0.04650855618128391,15155918.0,0.04660699332155405
185608304.0,0.12324222421878395,13945243.0,0.12276532430803488
163428160.0,0.23903407089148077,12257136.0,0.22895678991659496
