loss,r2,loss_test,r2_test
22566082.0,0.9167275924956756,1238494.0,0.922091730219503
20121684.0,0.9336450370742512,1156879.75,0.9272257209815908
20781668.0,0.9660176500359932,1245343.375,0.9216608635486307
16853656.0,0.9591346138885783,1009077.3125,0.9365233294433737
