loss,r2,loss_test,r2_test
27691338.0,0.9482331860372059,1221071.875,0.9231876696170046
27186320.0,0.9438928181679862,1212880.5,0.9237029665005385
25951792.0,0.948716457775348,1174619.0,0.9261098128991421
21166124.0,0.9617494272538478,1038078.125,0.9346990156760314
18634488.0,0.9437236557951174,966301.3125,0.9392141839605245
