loss,r2,loss_test,r2_test
33906940.0,0.8813099194275952,1217952.5,0.9233839040580565
25554982.0,0.9068953729208253,1102146.125,0.930668784358688
23557480.0,0.8967857785414036,1047581.8125,0.9341011782671214
20417636.0,0.9194992145237718,980691.9375,0.9383089293283093
15745499.0,0.9369795275393654,791908.875,0.9501844525974468
