loss,r2,loss_test,r2_test
27777898.0,0.9491194982978762,1247278.25,0.9215391433265031
25009950.0,0.9471786966277557,1213305.5,0.9236762322352314
20486122.0,0.9580836738129854,1029884.6875,0.9352144286279791
21817104.0,0.9489544702735935,1096601.875,0.9310175437950736
18154492.0,0.9671792836363599,942587.625,0.9407059064246175
16966988.0,0.9727984247081954,921703.0625,0.942019668562051
13726137.0,0.9743396810494628,797316.3125,0.9498442899512272
