loss,r2,loss_test,r2_test
306187584.0,0.9114825366123863,528120.0625,0.9667782596370345
