loss,r2,loss_test,r2_test
624991680.0,0.939196133599117,1150909.875,0.9276012599390533
542887936.0,0.9314133157144441,1031567.625,0.9351085701442587
373959328.0,0.9788498455299666,719702.0,0.9547266757235371
298508704.0,0.9358097938807249,586532.1875,0.9631038077225008
