loss,r2,loss_test,r2_test
196169120.0,0.9434960238641795,1250750.875,0.9213207033471812
236639056.0,0.929275214798439,1452597.125,0.9086234278715024
192901248.0,0.9451399676025399,1214578.0,0.9235961754678247
