loss,r2,loss_test,r2_test
9081442.0,0.8325152378793089,1251366.5,0.9212819784959385
10268021.0,0.8591611597787492,1365598.5,0.9140961336480218
9476168.0,0.8311311735014442,1525792.25,0.9040190402461044
7476399.0,0.8753491255910706,1216230.25,0.92349223022599
7066384.0,0.8941543229885041,1212084.875,0.9237530022364162
