loss,r2,loss_test,r2_test
19357250.0,0.8327462764201873,2124183.5,0.8663768425492034
11381499.0,0.8983266122415751,1274777.75,0.919809258854304
11243276.0,0.8915802012155327,1282390.25,0.9193304040717524
11209602.0,0.884853329156013,1320400.375,0.9169393482228864
10403898.0,0.8975912012142682,1217899.125,0.9233872534960207
