loss,r2,loss_test,r2_test
8842844.0,0.946563718033246,1235100.0,0.922305222735461
9030482.0,0.9445751652860764,1212195.75,0.9237460248292813
8498944.0,0.9449623098387361,1185797.375,0.925406646182755
8705788.0,0.9373225950124964,1175588.875,0.9260488139309256
