loss,r2,loss_test,r2_test
22744846.0,0.8717183601290746,2004408.625,0.873911369657743
11376758.0,0.9517366117679259,1326995.625,0.9165244760703157
9733497.0,0.9689778221080445,1250122.875,0.9213602010952813
8711162.0,0.9847052700620307,1368880.0,0.9138897023693884
8150942.5,0.9768513643724217,1197493.75,0.9246708701379001
