loss,r2,loss_test,r2_test
14690130.0,0.9604228160659609,1742792.375,0.8903685150028191
8847027.0,0.975699540558839,1255578.875,0.921016987238174
8961579.0,0.9625856446824601,1298681.875,0.9183055647725235
8287313.5,0.9701669238169934,1213354.625,0.9236731287681988
8593856.0,0.9631367185778393,1253323.375,0.9211588746373484
