loss,r2,loss_test,r2_test
26856492.0,0.9617266641357046,1267247.125,0.9202829914905211
28227426.0,0.969335512768152,1296974.625,0.9184129670041268
26170088.0,0.9535248369307476,1244468.25,0.9217159199313283
27906896.0,0.9382457579259053,1342329.125,0.9155598989931747
