loss,r2,loss_test,r2_test
27777088.0,0.9234314665118522,1362765.75,0.9142743274579166
28035966.0,0.916793913361252,1388942.5,0.9126276636139707
28879116.0,0.9076115666822029,1438751.625,0.9094943885678695
28752418.0,0.9075037348124411,1437688.5,0.9095612661805453
