loss,r2,loss_test,r2_test
40695768.0,0.9101828327737075,1695035.125,0.8933726961837775
35161676.0,0.9228467606144232,1468101.0,0.9076481461178529
30466778.0,0.9367365393875319,1283012.25,0.9192912762066389
30714832.0,0.9369432074636534,1303451.5,0.9180055304203673
28439906.0,0.9517936642554042,1225327.0,0.9229199981001125
