loss,r2,loss_test,r2_test
29435364.0,0.9757429685217727,1261130.125,0.9206677821646725
29193064.0,0.9776654398632045,1268582.375,0.9201989952097605
27540004.0,0.9774507069800413,1204020.5,0.9242603014955186
26946082.0,0.9780250850475156,1191562.75,0.9250439631274514
