loss,r2,loss_test,r2_test
29742762.0,0.9417300680131926,1314462.75,0.9173128641743795
28237336.0,0.9468286862498289,1251885.5,0.9212493129558317
29169856.0,0.9467831601491138,1284450.375,0.91920081126693
27442904.0,0.9478182028207723,1245461.75,0.9216534109614127
