loss,r2,loss_test,r2_test
29967022.0,0.9596233558060177,1279076.0,0.9195388768324071
30116762.0,0.9631362260692915,1284876.875,0.9191739865121339
28893218.0,0.9621696137864872,1231509.5,0.922531088064007
29796536.0,0.9582562880424198,1260651.875,0.9206978722214905
