loss,r2,loss_test,r2_test
30049952.0,0.9609116469344811,1276461.5,0.9197033502920161
30343118.0,0.9657262167661118,1291286.75,0.918770755692869
28725542.0,0.965568049833022,1229750.875,0.9226417144671
29467246.0,0.9680219167279265,1265816.375,0.9203729914997493
