loss,r2,loss_test,r2_test
31615320.0,0.904738267878249,1265829.5,0.9203721640068105
32142764.0,0.8864846929337159,1269617.25,0.9201338966440958
31319022.0,0.8881645067867712,1253573.0,0.9211431781288215
30692358.0,0.9067365746525488,1265858.25,0.9203703605929162
