loss,r2,loss_test,r2_test
32903474.0,0.9355013600722376,1332550.0,0.9161750754350749
31823140.0,0.9281047081817889,1365720.125,0.914088474103489
29407816.0,0.9408194531150004,1225969.75,0.9228795741721305
28909152.0,0.9386529589759754,1208622.75,0.9239707953581634
