loss,r2,loss_test,r2_test
39133876.0,0.9493556495461971,1289319.75,0.9188944953500482
42637876.0,0.9361708944842271,1365518.75,0.9141011373133731
38348052.0,0.9505797222381893,1242096.5,0.9218651043706878
38582252.0,0.9565316312897041,1310301.25,0.9175746461578999
