loss,r2,loss_test,r2_test
32844770.0,0.9359595654768059,1275662.5,0.9197536168249075
32782132.0,0.9427070982379486,1319438.5,0.916999855415013
32471774.0,0.9397323488673117,1217172.25,0.9234329835285326
31344844.0,0.9462133853055825,1194897.75,0.9248341756192571
