loss,r2,loss_test,r2_test
557354752.0,0.9691888963300905,1010217.875,0.936451584841527
431857056.0,0.948023781825996,796110.875,0.9499201194178974
