loss,r2,loss_test,r2_test
39396164.0,0.8906619735434875,1371336.625,0.9137351722972766
38708796.0,0.8935998000718501,1351223.125,0.9150004223195717
