loss,r2,loss_test,r2_test
31502906.0,0.9477652074539771,1201082.75,0.9244451008071195
