loss,r2,loss_test,r2_test
377890592.0,0.06409412635886047,14685158.0,0.07622053089095249
32098946.0,0.918739946365152,1434810.5,0.9097423020821681
27019050.0,0.9494723531160819,1216151.75,0.9234971737260249
27064582.0,0.949759330105949,1212942.625,0.9236990541613005
28240358.0,0.9531890670734764,1242416.75,0.9218449606587487
