loss,r2,loss_test,r2_test
28744026.0,0.9294547366744561,1269667.875,0.9201307162549895
27391876.0,0.9248053706260843,1225397.25,0.9229155841286624
