loss,r2,loss_test,r2_test
342457760.0,0.17610070042516768,12366479.0,0.22207852742276157
94230176.0,0.7547735265191902,3354835.0,0.7889619175915281
34074068.0,0.9391140607176905,1251762.375,0.921257067283972
34904956.0,0.9341579232594751,1271716.25,0.9200018550006439
33154250.0,0.937327911208821,1206262.5,0.9241192668713849
