loss,r2,loss_test,r2_test
51975756.0,0.8780874375901255,2038652.25,0.8717572457758133
33682052.0,0.947660207475187,1326858.875,0.9165330767409234
32123914.0,0.9510136718569933,1237328.875,0.9221650243586443
35196752.0,0.9422456379074488,1321640.375,0.9168613456631663
33672172.0,0.9544022175277528,1328834.875,0.9164087738480812
