loss,r2,loss_test,r2_test
100160304.0,0.9836314530945782,1158258.625,0.9271389874430274
98110872.0,0.9828727704765684,1139173.875,0.9283395171662236
83481232.0,0.9880324793000881,960845.8125,0.9395573626090744
