loss,r2,loss_test,r2_test
74185032.0,0.6814369222129546,5451771.5,0.6570527581216787
66066108.0,0.7057617529805245,5299903.0,0.6666061401859726
63742408.0,0.6973677938471609,5374718.5,0.6618997974976684
