loss,r2,loss_test,r2_test
117934392.0,0.9527890047999993,1132281.125,0.9287731134515194
79065568.0,0.9652316733988394,873047.8125,0.9450803529874784
49458352.0,0.9904885129803271,617455.6875,0.9611585460506284
