loss,r2,loss_test,r2_test
408209120.0,0.9147728527114836,1507891.5,0.9051451071211275
347431360.0,0.9372941176614402,1234306.625,0.9223551340315611
318766624.0,0.9433190992330183,1158225.5,0.9271410619722581
305422048.0,0.9471546677468268,1113683.875,0.929942989888121
289053376.0,0.9468522792560446,1041967.8125,0.9344543347145875
356256288.0,0.8958134386664297,1330957.125,0.9162752671614333
255285632.0,0.9476999369395619,931547.4375,0.9414003988129722
243417920.0,0.9257126833822316,877349.3125,0.944809769756966
240199584.0,0.9384032443346179,862992.625,0.9457128891041183
