loss,r2,loss_test,r2_test
17312030.0,0.9535758898445534,1214446.375,0.923604454954968
16930424.0,0.9574564028408348,1204186.75,0.9242498430154964
16468408.0,0.958569336863745,1191384.125,0.925055206585758
