loss,r2,loss_test,r2_test
349602912.0,0.0707764009015559,13953860.0,0.12222331360281047
38516080.0,0.9149742745094005,1580566.25,0.9005734510112328
27140484.0,0.9307935312721011,1284793.0,0.919179250780824
13828606.0,0.9581046011271692,766779.125,0.9517652583774239
13259638.0,0.9607831193073302,590353.0,0.9628634604407287
8291334.5,0.9827952232196996,406076.65625,0.9744554826699338
8418121.0,0.9856075965040971,402926.96875,0.9746536166375901
7327540.5,0.9881366762174852,372156.34375,0.9765892612809037
