loss,r2,loss_test,r2_test
88295272.0,0.9147784501533675,1526712.75,0.9039611340244795
76628888.0,0.9218629064976829,1275576.5,0.9197590251897907
79727952.0,0.9081540834465686,1318920.875,0.9170324229058766
74042768.0,0.9187804364476195,1251287.75,0.9212869269299302
58440148.0,0.953652596120413,1163971.125,0.9267796327130935
