loss,r2,loss_test,r2_test
61637104.0,0.931068555672945,1430920.625,0.9099870068329419
43485076.0,0.9390772939642109,1003945.8125,0.9368461325557924
