loss,r2,loss_test,r2_test
46371736.0,0.7992900200741981,4153972.75,0.738691631149223
42075672.0,0.8368767662520886,3711120.25,0.7665495581872175
44556572.0,0.7109288171404705,5280660.0,0.6678165948019166
