loss,r2,loss_test,r2_test
73897984.0,-0.6154424274153321,25364440.0,-0.5955668086270263
2677133.5,0.97126891708167,1288952.25,0.9189176167122965
2020362.5,0.9729110591108902,1122274.75,0.9294025723775172
