loss,r2,loss_test,r2_test
4423396.5,0.9924428980711065,1395344.25,0.9122249564407123
2555731.25,0.9931978309009771,986283.125,0.9379572186787668
1854370.25,0.9940379623709862,720040.8125,0.9547053626201563
2244025.5,0.9844449423354398,765896.75,0.9518207611788536
1480390.75,0.9913566438847745,604492.625,0.9619739928883516
1288648.625,0.9951270634587246,570644.0625,0.9641032600611125
1152970.375,0.9964657207262905,524327.75,0.9670168188549172
725059.875,0.9978614104569993,511985.5625,0.9677932144825913
829345.3125,0.9969901166407644,533292.625,0.9664528787945524
