loss,r2,loss_test,r2_test
9062281.0,0.9035787266696534,1239081.625,0.9220547600904736
5364760.5,0.9599285676757104,1100354.125,0.9307815039051756
4669647.5,0.9232229090119942,1403727.375,0.9116976138824129
4084022.0,0.9581615239611703,810496.9375,0.9490151598669768
1975323.0,0.964199356957701,840406.25,0.9471336909758065
1471251.125,0.9706311602764679,877884.1875,0.9447761222337884
1447418.25,0.9712206114542568,736222.1875,0.9536874617669465
1010902.75,0.9747581297171085,734865.3125,0.9537728129759591
558431.4375,0.9881016683164484,702715.1875,0.9557952431324868
