loss,r2,loss_test,r2_test
135577936.0,0.6227432727635436,882571.0625,0.9444812896390868
117421312.0,0.9061858656543731,813383.75,0.9488335609213033
90138152.0,0.8116873551024537,590925.25,0.9628274607369013
80496328.0,0.874116968968384,541347.5,0.9659461821281169
87732400.0,0.86021677282346,565201.25,0.9644456433804891
67647656.0,0.9389518119571413,476830.28125,0.9700046768252273
78111576.0,0.9107543569094889,534500.3125,0.9663769085502144
61652576.0,0.9655138577716605,434338.21875,0.9726776707243538
65072304.0,0.9628271764986909,484731.5,0.9695076486780488
