loss,r2,loss_test,r2_test
5387183.5,0.4596518131432379,1259847.125,0.9207484864423395
3845575.5,0.3441062215676032,1012064.75,0.9363354046596591
3247999.5,0.4694355883445981,803527.6875,0.9494535622287286
3001592.25,0.7604279568981666,827078.75,0.9479720675686025
1978274.5,0.7837452044671951,730948.1875,0.9540192257571142
1056564.25,0.8470076257568523,577410.125,0.9636776389388791
1516658.125,0.9220883298915387,651072.375,0.9590438681514173
727385.375,0.9041922150159074,529838.25,0.9666701766166339
676204.3125,0.9176316915213341,502774.0,0.9683726743183348
