loss,r2,loss_test,r2_test
161593296.0,0.9661967894825089,955197.0625,0.9399127028758685
98438304.0,0.9632167096557064,619374.75,0.9610378277240955
122642632.0,0.9846659683686043,801895.0,0.9495562735128138
83764408.0,0.9714750039756463,560740.125,0.9647262737424356
72046176.0,0.973543670172018,493523.375,0.9689545856017675
77125280.0,0.9623439284814108,533263.875,0.9664546851585428
78533848.0,0.9794977299784822,536107.3125,0.9662758206158532
82581528.0,0.9951723594656908,610538.625,0.9615936735497063
53563552.0,0.9959005821657072,394019.75,0.9752139297547914
