loss,r2,loss_test,r2_test
146527232.0,0.9837399116017488,898339.1875,0.9434893829680443
92631448.0,0.9899190245921452,656868.0,0.9586792890884269
79480152.0,0.9959594046663757,563245.0,0.9645687028231041
127269064.0,0.9830316775145712,838834.4375,0.9472325696586753
68801472.0,0.9961901775152268,522699.125,0.9671192685962745
61774312.0,0.9960458208438845,466129.4375,0.9706778220645363
57415372.0,0.9933326398456437,446342.65625,0.9719225240231907
68581240.0,0.9893650325116691,523187.03125,0.9670885769590944
56597472.0,0.9938566401090116,450302.5625,0.9716734209019435
