loss,r2,loss_test,r2_test
8021163.5,0.9183290765064697,1181444.125,0.9256804853929044
5574503.5,0.9342600941095658,900615.1875,0.9433462124712386
4392907.0,0.9391894948402574,741830.75,0.9533346480904655
3834041.0,0.9571272753207706,630467.75,0.9603400106101289
3882736.0,0.9689888961072709,623802.6875,0.9607592848643214
3715531.0,0.9797365955744218,578737.625,0.96359413160877
2816050.75,0.9756154910256912,557472.625,0.9649318180330402
2312706.5,0.9852760509482805,555305.5,0.9650681442104789
2138055.75,0.9870376808635872,592492.5625,0.9627288679168948
