loss,r2,loss_test,r2_test
50618532.0,0.96274956402223,1105981.75,0.9304274963037938
