loss,r2,loss_test,r2_test
61799180.0,0.9380362510166774,1137328.125,0.9284556327599135
37197388.0,0.9660297203246994,755813.9375,0.9524550273100031
