loss,r2,loss_test,r2_test
64903660.0,0.9621508645120866,1100994.0,0.9307412531685112
66353320.0,0.9381438100544811,1231117.625,0.9225557445296457
