loss,r2,loss_test,r2_test
51602864.0,0.9367433630977923,1210445.625,0.9238561278292712
47241804.0,0.9448910901504217,1129358.25,0.9289569804262887
41092812.0,0.9464904765503136,1001898.3125,0.9369749328004094
28270802.0,0.9595588866682374,741682.4375,0.9533439794816967
