loss,r2,loss_test,r2_test
52837824.0,0.9370404285577054,1090806.0,0.9313821427545709
48113760.0,0.948696874300391,1041086.5,0.9345097758382255
