loss,r2,loss_test,r2_test
70193248.0,0.9196189044489295,1319542.5,0.9169933159476372
76063600.0,0.9439063982975245,1353382.125,0.9148646119390302
65230304.0,0.9387823270037422,1196289.625,0.9247466240497411
