loss,r2,loss_test,r2_test
882928768.0,0.06480839852762377,14919063.0,0.061506547797218536
86469808.0,0.9355643469995059,1406619.125,0.911515704061802
73189176.0,0.9699077360366319,1284960.75,0.9191687039315647
78096704.0,0.9486275588432158,1290899.375,0.9187951308671454
