loss,r2,loss_test,r2_test
440635840.0,0.3759386282953914,8866451.0,0.4422501327173527
65784432.0,0.9138859836747639,1410225.125,0.9112888581906726
86500176.0,0.891727673031743,1826127.5,0.8851262633692903
56840292.0,0.9303660082941325,1255240.0,0.92103830290517
58559940.0,0.9274371754873209,1316136.125,0.9172075966662071
83639504.0,0.903760252158662,1776621.25,0.8882404767309432
