loss,r2,loss_test,r2_test
493121920.0,0.3478004263539184,8538212.0,0.46289814357542325
120481184.0,0.7882959272517057,1967575.625,0.8762283665982917
74858688.0,0.9314760186343334,1243980.25,0.9217466058200615
72116464.0,0.9451648647618841,1244030.375,0.921743462574597
