loss,r2,loss_test,r2_test
429813888.0,0.4657682574958766,8381158.5,0.47277777140234156
54275656.0,0.8919668025694525,1236751.0,0.9222013685114395
58117788.0,0.8683933419919673,1317770.5,0.9171047820096778
58125336.0,0.9184151283450307,1257895.125,0.9208712743674746
