loss,r2,loss_test,r2_test
832667776.0,0.07828680484794925,14556567.0,0.08430957397918115
127088256.0,0.8778145538251029,1630282.75,0.8974459905078955
113992552.0,0.905590489283966,1389938.125,0.9125650351988186
114758384.0,0.9232583460111378,1439057.5,0.9094751406849821
102030840.0,0.933938630362593,1258281.25,0.9208469982198413
