loss,r2,loss_test,r2_test
484002944.0,0.407791024628376,9463428.0,0.4046968609540127
62298456.0,0.9733251063274737,1274778.0,0.9198092578163776
65985844.0,0.9462821963464876,1363212.75,0.9142462082712872
58958596.0,0.9594689023685479,1221586.0,0.9231553269927004
73729496.0,0.9549686525020984,1518932.375,0.9044505603938405
