loss,r2,loss_test,r2_test
11480977.0,0.9880690477016963,428737.34375,0.9730299974212908
10080834.0,0.9924107925388477,424439.3125,0.9733003680617703
