loss,r2,loss_test,r2_test
9048890.0,0.9962696138548348,506465.625,0.9681404452980145
9427832.0,0.9927071829705373,429352.0,0.9729913310623507
7154714.0,0.9934883627577997,427755.25,0.9730917719755046
