loss,r2,loss_test,r2_test
4831000.0,0.9760571649505639,477176.96875,0.9699828686288039
3091407.5,0.9866842209418366,384788.78125,0.9757946074997831
2800246.75,0.9892339197712391,399156.71875,0.974890784536466
2493824.0,0.990646924053654,416123.25,0.9738234932811038
1951209.125,0.9932648319526826,434577.125,0.9726626408560473
