loss,r2,loss_test,r2_test
131686248.0,0.954524986559338,1235756.125,0.9222639503323942
130556000.0,0.919562796138029,1180788.125,0.925721747840902
83986640.0,0.9852712885746915,830903.9375,0.9477314428944131
64508384.0,0.9890529454315493,658070.625,0.958603633470515
67638872.0,0.9781191205982421,675195.1875,0.9575264077586814
50488948.0,0.9947868643556257,572835.1875,0.9639654254189045
44020376.0,0.9839416719876682,494638.09375,0.9688844698033874
