loss,r2,loss_test,r2_test
45118764.0,0.9840515355753838,569113.25,0.9641995584074174
53179528.0,0.959299881004534,678101.125,0.9573436045540707
38979476.0,0.983306966095775,527029.25,0.9668468796432942
28587750.0,0.9895947149519627,411455.3125,0.9741171336868564
