loss,r2,loss_test,r2_test
52127192.0,0.9417793054401833,586557.4375,0.9631022259923313
41702572.0,0.9537652914827524,501007.9375,0.968483767419434
