loss,r2,loss_test,r2_test
54284308.0,0.9312431988095817,629508.25,0.9604003715341224
35618668.0,0.9658970762356536,435350.03125,0.9726140202010201
