loss,r2,loss_test,r2_test
151236832.0,0.9119627004452145,1215267.625,0.9235527994115542
140939744.0,0.9193065243780307,1157234.5,0.9272034005840519
68118536.0,0.9728043843346335,694810.75,0.9562924707084243
43628016.0,0.978581242846001,459794.75,0.9710763101371299
