loss,r2,loss_test,r2_test
138200480.0,0.914581105412684,1225740.125,0.9228940142887501
47820920.0,0.9826204098085238,518445.1875,0.9673868642496428
45090124.0,0.9854211483537241,503119.59375,0.9683509344126364
49130660.0,0.9870724669860131,509574.3125,0.9679448977479189
38710624.0,0.9916321500286011,450877.28125,0.9716372702035199
