loss,r2,loss_test,r2_test
913773440.0,0.1561598822939636,13313175.0,0.16252604117058556
94113360.0,0.922429692452432,1353479.875,0.9148584569809419
91352792.0,0.9232997963683957,1354178.625,0.9148145026699391
87529008.0,0.9353570791383659,1259528.625,0.9207685297214435
