loss,r2,loss_test,r2_test
31915770.0,0.817778881999086,1278846.25,0.9195533401159743
34760856.0,0.8365648732882153,1491599.0,0.906169997192924
33600540.0,0.7905326067904106,1247939.875,0.9214975173128926
28966908.0,0.817337674768929,1137683.5,0.928433272841047
28603250.0,0.8266695538763349,1166491.125,0.9266211131244251
28279570.0,0.8355407225448672,1186195.875,0.9253815736996478
