loss,r2,loss_test,r2_test
1510614.0,0.9778259305196058,1254152.25,0.9211067325193262
1515473.25,0.976721816238622,1238088.125,0.9221172540477092
1658030.75,0.9621321258036436,1259340.875,0.920780340146032
