loss,r2,loss_test,r2_test
30488486.0,0.9669659128661227,1411136.5,0.9112315319717758
23936778.0,0.9794029801256207,1137278.75,0.9284587392334258
22616692.0,0.9769959269245825,1088356.875,0.9315361957862546
21594224.0,0.9777492680123376,1042834.0,0.9343998447017979
