loss,r2,loss_test,r2_test
4328107.5,0.9179957593190091,1300832.75,0.9181702602500936
3785533.5,0.9281846091665418,1254199.875,0.9211037342805706
3403379.5,0.9338209992288151,1205682.75,0.9241557348138986
3326350.0,0.9355549574548394,1496271.625,0.9058760494958163
3322319.75,0.9322704878207513,1413195.125,0.9111020286853161
