loss,r2,loss_test,r2_test
27378552.0,0.9203742612086914,1239019.125,0.9220586887738813
27466996.0,0.928296074159408,1245299.75,0.921663597675311
26940648.0,0.9305331067783271,1227459.0,0.922785886165159
25531554.0,0.9301953997667125,1169657.875,0.9264219051440835
24151724.0,0.9371110341396579,1118466.375,0.9296421425221376
29457746.0,0.9060924342851135,1349226.25,0.9151260324298796
22161326.0,0.940313943352883,1044034.75,0.9343243126537739
