loss,r2,loss_test,r2_test
2772925.25,0.9021969783761409,1580660.5,0.9005675152482621
2265625.0,0.9251352690315943,1309992.875,0.9175940436094133
2245112.5,0.9210982988333649,1192066.0,0.9250123053066559
