loss,r2,loss_test,r2_test
31586544.0,0.918770388834929,1254156.0,0.9211064951960679
31929070.0,0.9119514943258485,1264165.75,0.9204768312481961
28514226.0,0.9222788828963085,1124000.75,0.929293989797507
27162056.0,0.9253546523242528,1084255.125,0.9317942173710505
27351782.0,0.9163937567350111,1112802.25,0.9299984409622386
