loss,r2,loss_test,r2_test
35065576.0,0.9328728474165621,1284781.125,0.9191799988116665
30328696.0,0.9332200736533913,1162475.625,0.9268737096992538
29163746.0,0.9360795320154143,1175848.0,0.9260325175492616
24219342.0,0.9406744988892248,1064460.5,0.9330394091786618
