loss,r2,loss_test,r2_test
155150768.0,0.9390475000855966,1138912.875,0.9283559448126633
