loss,r2,loss_test,r2_test
104771760.0,0.965777563849976,1217928.875,0.9233853891928325
95282664.0,0.9799137081106415,1122750.375,0.9293726519156833
65962356.0,0.9825342534637486,783360.125,0.950722217489568
54762804.0,0.987032949449559,665381.75,0.9581437266298483
49255864.0,0.9899853534948256,601900.3125,0.9621370651792321
