loss,r2,loss_test,r2_test
5236572.0,0.9184113316518067,1321403.625,0.916876238830994
4756754.5,0.9192083924071381,1222749.25,0.9230821640576077
4198095.0,0.9290759576153268,1099621.375,0.9308275977913175
2785108.5,0.9275543280049184,686617.625,0.9568078688765886
2318274.25,0.9461620617519917,629675.0625,0.9603898798494435
