loss,r2,loss_test,r2_test
93442656.0,0.9541581585395303,1208446.375,0.9239819003450197
92700520.0,0.9470598853158168,1160766.125,0.9269812422222837
62612584.0,0.9632552983780129,760039.25,0.9521892349066499
39256916.0,0.9790774515736702,532191.6875,0.9665221344568575
