loss,r2,loss_test,r2_test
2058913.625,0.9754291399861175,738997.875,0.9535128550818875
1694870.75,0.9827049585547292,750588.0625,0.9527837664912353
