loss,r2,loss_test,r2_test
155712384.0,0.9799262031319993,1770896.625,0.8886005981713537
61253812.0,0.962380905960045,684422.25,0.9569459740078289
48204024.0,0.9552660192965831,554303.125,0.9651311964147766
60775788.0,0.9736807939347177,724314.75,0.9544365107418848
