loss,r2,loss_test,r2_test
5250061.0,0.9858835433723391,1936316.0,0.878194783499005
3642188.25,0.9816138485601689,1270463.5,0.9200806627792012
2501793.25,0.9918603486424437,1237378.75,0.9221618766312719
1530501.875,0.9917713993407996,823513.375,0.9481963508238346
1219936.5,0.9902862860257486,785432.625,0.9505918466989153
