loss,r2,loss_test,r2_test
4232226.0,0.9273344841726244,1267756.625,0.9202509468205029
4126430.0,0.9251095775310468,1214220.125,0.9236186947918691
3941208.25,0.9244692125212173,1162930.375,0.9268450988628685
