loss,r2,loss_test,r2_test
429050432.0,0.03096280376905014,15450322.0,0.028087463633511778
403811744.0,0.09866000323806134,14449456.0,0.09104749230934872
341804896.0,0.2542268695390242,12218186.0,0.2314070623012221
147267936.0,0.8436688650948468,4028534.75,0.7465823810257941
120753984.0,0.8815541114743948,2792059.5,0.8243636763095419
