loss,r2,loss_test,r2_test
411590176.0,0.0836976269073646,14503444.0,0.08765136864733514
356501216.0,0.19463244689327486,12624231.0,0.20586448800623647
84645200.0,0.7491402956586366,2951232.25,0.8143508074376357
54490888.0,0.8415461209283015,1918223.875,0.8793328768736206
