loss,r2,loss_test,r2_test
374457792.0,-0.08498986738174596,14557744.0,0.08423558252246677
308168608.0,0.13164563813672792,11930463.0,0.24950633283298518
79545152.0,0.821316886104154,3202556.5,0.7985410752755074
42056368.0,0.8991658024286907,1825236.125,0.8851823284424324
