loss,r2,loss_test,r2_test
387884704.0,0.10333240801449384,14365222.0,0.0963462591836508
323494208.0,0.2576867338165487,12075915.0,0.24035661339885006
83789728.0,0.8332739200262907,3123825.5,0.8034937118917815
49916148.0,0.8893371282310869,1808312.0,0.886246946169421
