loss,r2,loss_test,r2_test
443801632.0,-0.2962321494100695,14657148.0,0.07798252289258933
360200864.0,-0.18374847554928486,11995627.0,0.24540725979970524
109148248.0,0.4544402290812102,3834364.75,0.7587967749429763
65881400.0,0.7957549357433299,2150354.25,0.8647305502420565
