loss,r2,loss_test,r2_test
380930880.0,0.06908519740772001,14335265.0,0.09823071852290755
320513088.0,0.21443489424290274,12051175.0,0.2419129570189752
85310424.0,0.80065682745012,3156782.5,0.8014205219331716
53912400.0,0.8847665619195855,1961753.75,0.8765946004636106
