loss,r2,loss_test,r2_test
394645792.0,0.08464659146502662,14387602.0,0.09493851907246664
323705888.0,0.24134920819856043,11743908.0,0.2612418195999986
77673096.0,0.7719646073347785,2725584.25,0.8285453351332432
55072256.0,0.8711049269862937,1991455.0,0.87472621271461
