loss,r2,loss_test,r2_test
381370880.0,0.058247988231984515,14425514.0,0.09255366176404989
327303168.0,0.15064883227140702,12373517.0,0.22163582710091245
82414288.0,0.720391618402157,3177611.25,0.8001102772437271
49378616.0,0.8889749770745061,1930570.375,0.8785562307762559
