loss,r2,loss_test,r2_test
753951680.0,0.07012993553174052,14980064.0,0.05766932916814427
65609096.0,0.8439333820167164,1557544.0,0.9020216748795657
29863354.0,0.9479293725343402,825450.5,0.9480744971316883
31502336.0,0.9475582247232,843358.75,0.9469479677564383
27007052.0,0.9477857711511022,680953.5625,0.95716417610071
22231528.0,0.9693782112023531,491822.125,0.9690616092854716
