loss,r2,loss_test,r2_test
7211950.0,0.9733955169560504,1187973.625,0.925269739948783
3423020.75,0.9906708306392391,739731.875,0.9534666843810488
3062751.75,0.9913130991911461,662201.1875,0.9583438016595478
2015908.0,0.9952269397830121,565310.625,0.9644387672043824
1885416.5,0.9861766195270579,560407.9375,0.964747177348739
1507506.625,0.9953475001901124,509980.375,0.9679193533882736
