loss,r2,loss_test,r2_test
38822400.0,0.9127904341390267,1365576.25,0.914097541784135
