loss,r2,loss_test,r2_test
30098762.0,0.9118899030592863,1359884.5,0.9144555704873184
