loss,r2,loss_test,r2_test
166552080.0,0.9320785669412699,1226355.875,0.9228552787988943
165360048.0,0.9339621542987515,1207994.875,0.9240102950536772
125706960.0,0.949935081131258,950514.625,0.9402072637905674
114396472.0,0.9469500086134282,879442.875,0.9446780738110462
73452240.0,0.9643533719435792,575937.625,0.9637702665146864
