loss,r2,loss_test,r2_test
203348416.0,0.9300735953361777,1202462.625,0.9243583033604587
156377904.0,0.9326390251908866,1043582.3125,0.9343527682780115
88075256.0,0.9625979356042401,641790.0,0.9596277836288377
101808976.0,0.95334266394911,754966.0,0.9525083711002166
72176016.0,0.971091232228115,531072.1875,0.9665925565166913
