loss,r2,loss_test,r2_test
297603008.0,0.9466079692197551,1139811.875,0.928299389258613
226530272.0,0.9539335021223945,892070.3125,0.9438837401320117
151938000.0,0.9666778761413406,606492.6875,0.9618481792568152
105715200.0,0.9850585911614451,430883.5625,0.9728949888975168
