loss,r2,loss_test,r2_test
361988736.0,0.9549965945718988,1289994.125,0.918852073801221
310816992.0,0.9746807222497934,1150267.75,0.9276416591646908
154531104.0,0.9816476714206464,585258.875,0.9631839042888587
122142320.0,0.9924345455797668,469186.59375,0.9704855112137761
119168376.0,0.9856983403361899,472355.25,0.970286184176494
92907360.0,0.9937100497229717,366111.90625,0.9769694914601104
