loss,r2,loss_test,r2_test
120071648.0,0.9443261011885248,887997.1875,0.9441399546540293
56196608.0,0.9674900810888932,427562.84375,0.9731038792700553
55551932.0,0.9680753925256084,433071.59375,0.9727573488906798
53085944.0,0.9745406108927747,407751.15625,0.9743501500478043
50644436.0,0.9727789246261955,398394.03125,0.9749387605165925
50293004.0,0.9684361008943306,389816.90625,0.9754783126409632
55870712.0,0.965548937275297,428503.28125,0.9730447173615706
50052056.0,0.9721139326487909,399925.5,0.9748424256172944
