loss,r2,loss_test,r2_test
13962028.0,0.9323086825760991,1228760.75,0.9227040075406882
13998272.0,0.9353572277512802,1243503.5,0.9217765986872446
13027594.0,0.9373373634182086,1170634.5,0.9263604745360942
13083542.0,0.9403918940799935,1180645.75,0.9257307091761688
