loss,r2,loss_test,r2_test
17402802.0,0.9428080337004384,1289607.25,0.9188764105026896
16657082.0,0.941374043144132,1208194.375,0.9239977449255263
16463770.0,0.938874452981661,1183564.875,0.925547076576209
16721871.0,0.9407536205497261,1236808.25,0.9221977753206815
