loss,r2,loss_test,r2_test
17653776.0,0.950851174851054,1227854.875,0.9227609867903256
17583474.0,0.9569450353549203,1252469.25,0.9212126008007011
16540636.0,0.9607896414430737,1162112.0,0.9268965874690805
15551130.0,0.9651616000434162,1141122.875,0.9282169163378465
