loss,r2,loss_test,r2_test
20557602.0,0.9603779894830116,1232442.875,0.9224723740385109
19988400.0,0.9620337228790595,1197054.875,0.9246984738961572
19734864.0,0.9615089702898025,1184682.0,0.9254768067325019
18528716.0,0.9597424606281382,1165978.375,0.9266533662770969
