loss,r2,loss_test,r2_test
30223672.0,0.8723960006274536,1683219.5,0.8941159764314108
21987180.0,0.878878583984859,1391847.875,0.9124448945433491
19992696.0,0.9144375180204318,1270850.25,0.9200563269590302
18190602.0,0.9268126142659239,1313473.875,0.917375074147109
15496938.0,0.9234162147324124,1141957.875,0.9281644053473799
