loss,r2,loss_test,r2_test
17781198.0,0.9582769852256885,1267710.75,0.9202538251183858
18628394.0,0.9568679767538065,1313253.125,0.9173889534569191
16337664.0,0.9647650664096322,1171159.25,0.9263274592353943
18053846.0,0.9452557113571923,1339106.375,0.9157626377738802
