loss,r2,loss_test,r2_test
15130874.0,0.950025497800239,1248331.5,0.9214728862881972
14615598.0,0.9524929866178504,1210385.75,0.9238598895861693
14100058.0,0.9535117199121865,1171463.75,0.9263083023464024
13993706.0,0.955633821476258,1173388.125,0.9261872492437779
