loss,r2,loss_test,r2_test
20398882.0,0.9232085348658114,1300721.25,0.9181772750087034
21597474.0,0.9394213565400614,1337264.5,0.9158784995732056
18228036.0,0.9492569648191624,1175967.125,0.9260250256430157
17180136.0,0.9500884041811629,1154443.0,0.9273790071191048
