loss,r2,loss_test,r2_test
502583968.0,0.9474063599933228,1636721.375,0.8970409822116684
412131168.0,0.9592138917549804,1368882.25,0.9138895618272825
309413408.0,0.9630158975513957,1054910.25,0.9336401838527407
