loss,r2,loss_test,r2_test
165661568.0,0.9299644002157735,1772840.875,0.8884782778661751
116514688.0,0.9813038717035626,1252781.0,0.921192984399528
121847816.0,0.9736661550902572,1307457.625,0.9177535138918781
119489872.0,0.9865578917718428,1277950.25,0.9196097088913678
111995536.0,0.9715347473246635,1177628.625,0.9259205011992458
88924272.0,0.9863814832437562,920777.875,0.9420778607903162
