loss,r2,loss_test,r2_test
107081784.0,0.8033553115580011,1254655.75,0.9210750652301593
109398600.0,0.7046027206314777,1327113.5,0.9165170640460644
107232752.0,0.6697306924118875,1307350.25,0.9177602715365578
98762768.0,0.8221450138255313,1155873.875,0.9272889976997478
96654072.0,0.7689558101982229,1161638.375,0.9269263698492244
