loss,r2,loss_test,r2_test
133794528.0,0.9124319708374072,1377032.125,0.9133768907059993
146668224.0,0.903200826265907,1345145.625,0.9153827404408716
101786552.0,0.9597772351588115,1066994.75,0.9328799928196759
