loss,r2,loss_test,r2_test
108631032.0,0.9544481623890034,1264563.625,0.9204518026679708
93299904.0,0.9366418963900648,1094521.0,0.9311484346789128
86394096.0,0.9376180900120914,1018262.5625,0.935945524353407
104959104.0,0.8907720405904666,1220507.125,0.9232232051090025
