loss,r2,loss_test,r2_test
162024544.0,-0.2606892632242406,15268239.0,0.03954147610499292
159146016.0,-0.2622376285100685,14974727.0,0.058004972030873625
147570624.0,-0.14720006832338184,13873132.0,0.12730159363854743
77010088.0,0.49832533691899217,7170966.0,0.5489057219009188
37966892.0,0.5117040266874391,3298088.25,0.7925315917866853
28145082.0,0.642629735807404,2477217.25,0.8441690302035092
13679332.0,0.8495458412535124,1388961.875,0.9126264514661316
12891084.0,0.8773984478917419,1336374.125,0.9159345048394326
11866851.0,0.8842328388824195,1293848.875,0.9186095951813114
