loss,r2,loss_test,r2_test
168988816.0,-0.016235973710497786,15338550.0,0.03511851105368646
154851760.0,0.05883868075242371,13960202.0,0.12182440623525947
141990432.0,0.12605269627375648,12708465.0,0.2005657093803711
31060280.0,0.7465641696624641,2444680.75,0.8462157557730938
22633760.0,0.8647133500158988,1858445.5,0.8830932630059374
19754562.0,0.8669913625402089,1596826.375,0.899550581838109
16177328.0,0.8901003598108984,1323448.125,0.9167476310491555
16464667.0,0.9248732291988714,1390631.625,0.9125213997317659
