loss,r2,loss_test,r2_test
189841488.0,0.02058513600952816,15298527.0,0.037636142328752786
185369808.0,0.025160684173024972,14930045.0,0.060815815439662635
151012464.0,0.21730769381727055,12156762.0,0.23527087370903654
27894268.0,0.9399304615892989,2501357.75,0.8426504402672204
15741070.0,0.9697776400141737,1394866.125,0.9122550318932803
16263292.0,0.9699244301859584,1427096.75,0.9102275475174643
