loss,r2,loss_test,r2_test
162924736.0,0.03431320804568394,14988924.0,0.05711201346088479
158472128.0,0.05734313879673003,14604044.0,0.08132304058435347
136534016.0,0.2427644509657424,12531307.0,0.2117099965597774
36257464.0,0.8621432805396105,3463663.5,0.78211597951454
27476118.0,0.8969348965149339,2750366.5,0.8269864093314914
14216752.0,0.9226783048978139,1432498.125,0.9098877706443315
13248288.0,0.9237595051929529,1328379.625,0.9164374118984907
