loss,r2,loss_test,r2_test
43721556.0,0.9023496564165762,1362440.125,0.9142948201513961
39852052.0,0.8985728300157935,1269660.75,0.9201311603450835
