loss,r2,loss_test,r2_test
23606232.0,0.9215839032489718,1221207.5,0.923179139265981
22754512.0,0.9248392872092108,1211800.0,0.9237709279095224
