loss,r2,loss_test,r2_test
29384066.0,0.9729831097502422,1251488.25,0.9212743154267491
29373396.0,0.9777573268956584,1279424.625,0.9195169563211789
27320658.0,0.9766878651886244,1197950.875,0.9246421210313321
26417870.0,0.9768556370071156,1173578.375,0.9261752791907369
