loss,r2,loss_test,r2_test
37389304.0,0.9364998572079541,1327195.5,0.9165118961310255
35210332.0,0.9448765562023725,1247079.5,0.9215516501713148
