loss,r2,loss_test,r2_test
23879728.0,0.9197223301889272,1262283.375,0.9205952372114746
22592444.0,0.9127860444983545,1213718.0,0.9236502748305585
