loss,r2,loss_test,r2_test
26671580.0,0.9507656788743006,1196745.375,0.924717957848931
