loss,r2,loss_test,r2_test
101167176.0,0.9658536823926477,1129902.75,0.9289227303856823
44619488.0,0.9842465185702207,561607.0,0.9646717476017592
40554748.0,0.9956324275239341,485953.3125,0.9694307926921907
31570074.0,0.9848199692361912,502666.0,0.9683794661393013
