loss,r2,loss_test,r2_test
112912064.0,0.9827169427389619,1206691.75,0.9240922650188178
