loss,r2,loss_test,r2_test
116308936.0,0.9550487967331506,1301563.125,0.9181243205830564
112886568.0,0.9557224798950422,1234239.375,0.9223593588099567
118840552.0,0.9190464532458407,1392510.375,0.9124032190021838
