loss,r2,loss_test,r2_test
118325720.0,0.6528129490434516,1213793.625,0.9236455130582366
117888704.0,0.6662971637512816,1213747.125,0.9236484415212124
