loss,r2,loss_test,r2_test
127413552.0,0.9728772395896037,1246763.75,0.9215715141408773
129875696.0,0.966274287927946,1221413.625,0.9231661739894479
