loss,r2,loss_test,r2_test
173495776.0,0.7960389048996137,1388679.5,0.9126442069326766
161125776.0,0.8168448193761564,1273553.0,0.9198863154437574
154013632.0,0.8206342263743951,1256482.875,0.920960124376425
