loss,r2,loss_test,r2_test
121531456.0,0.9655113085966368,1292752.875,0.9186785371568273
163365136.0,0.8745306433771576,1806386.125,0.8863680981862145
