loss,r2,loss_test,r2_test
186221520.0,0.9339178491351607,1262091.375,0.9206073117229747
171687152.0,0.9338289840430128,1211279.25,0.923803685720213
151460384.0,0.9498553646630962,1134260.75,0.9286485884112925
131669200.0,0.9531496945295316,1005290.0625,0.9367615703376608
119844416.0,0.955762185817723,921342.9375,0.9420423169927588
