loss,r2,loss_test,r2_test
26504646.0,0.886083994525943,1262886.25,0.9205573161956251
21556232.0,0.8862040085180978,1026390.9375,0.9354342062571184
