loss,r2,loss_test,r2_test
39986540.0,0.923165967559238,1416515.625,0.9108931554566315
28661722.0,0.9311415781648302,1143986.75,0.9280367665124384
26301464.0,0.9415060848442928,1146604.75,0.927872082249973
