loss,r2,loss_test,r2_test
28364090.0,0.9320338584302215,1254258.625,0.9211000388949392
26599776.0,0.9409312567476336,1204355.75,0.9242392130344059
25421826.0,0.9386353860440502,1141010.0,0.9282240243589354
27482038.0,0.9262468352203664,1210491.25,0.9238532577470303
