loss,r2,loss_test,r2_test
30951726.0,0.9468672385281928,1204224.25,0.9242474882288505
29794176.0,0.9527553684030046,1135681.125,0.9285592363174056
