loss,r2,loss_test,r2_test
2344945.0,0.9395720173766359,1426861.0,0.910242378400123
2155406.25,0.8931940908996484,1321686.75,0.9168584228419715
1930822.0,0.908828852528718,1192914.875,0.9249589117605216
