loss,r2,loss_test,r2_test
73972312.0,0.8695753116369139,523902.0,0.9670436003607267
71275672.0,0.8562170859837611,525454.6875,0.9669459258884366
