loss,r2,loss_test,r2_test
1671219.375,0.6901856311286685,641972.625,0.9596162907972873
502733.5,0.953700885453459,458873.5,0.9711342626068418
681873.125,0.9354293670081739,454357.28125,0.9714183568026971
