loss,r2,loss_test,r2_test
172771696.0,0.9800426751635157,1233490.75,0.9224064564081769
42832972.0,0.9798124765042555,400045.09375,0.9748349034949996
43725648.0,0.9599908558883244,429703.53125,0.9729692197913891
