loss,r2,loss_test,r2_test
206095344.0,0.975057722700789,1170836.375,0.9263477782019921
47858052.0,0.9919139685612458,412526.0625,0.9740497766673528
