loss,r2,loss_test,r2_test
68877240.0,0.9913588098047822,482251.125,0.9696636770808924
59208472.0,0.9908705857434907,465793.84375,0.9706989346238526
53664044.0,0.9960485815559145,461442.8125,0.9709726359820944
