loss,r2,loss_test,r2_test
96380136.0,0.1126058204755288,13499936.0,0.15077770296443194
2181825.25,0.9979596496873993,757235.875,0.9523655792977846
1335413.375,0.9942203038365448,527309.375,0.9668292593982909
