loss,r2,loss_test,r2_test
63250312.0,0.9836394660257725,471939.40625,0.9703123406773181
44712220.0,0.9891896023382329,369659.28125,0.9767463407618939
55684160.0,0.9726139568154419,442297.15625,0.9721770098599551
