loss,r2,loss_test,r2_test
11263987.0,0.7731704755358797,1693015.625,0.8934997415736792
1662584.875,0.9603323064973829,762856.75,0.9520119999674493
529454.875,0.9940858475713703,534577.125,0.9663720774910594
467041.8125,0.995155582437182,488976.5625,0.9692406073158962
