loss,r2,loss_test,r2_test
12546785.0,0.9629854511446537,1195174.125,0.9248167900796964
419382.3125,0.9955145194075716,510211.6875,0.9679047994714203
624636.0625,0.9906686676904396,542469.625,0.9658755940982611
