loss,r2,loss_test,r2_test
100398048.0,0.9574407451702842,1985646.125,0.8750916277320347
67421288.0,0.9746211855090111,1368670.0,0.9139029205417617
59370552.0,0.9671197990777854,1234805.75,0.9223237305787672
58035780.0,0.961015207641452,1211762.25,0.9237732977525739
