loss,r2,loss_test,r2_test
737454720.0,-0.09726338848428284,12106093.0,0.23845824573896202
131908048.0,0.8596487205543242,1974276.0,0.8758068738687913
93826696.0,0.9385616055750329,1329809.75,0.9163474565013113
98569080.0,0.943054086708665,1376712.625,0.9133969897599399
91768952.0,0.8888475059476091,1397648.125,0.9120800218393028
87877752.0,0.9353262123236982,1239689.25,0.9220165379084195
89528640.0,0.8953823015739577,1338339.875,0.9158108501629327
