loss,r2,loss_test,r2_test
609187200.0,0.23277967946583633,11316824.0,0.2881077244097481
90731632.0,0.9099331659220602,1410957.875,0.9112427632933825
89907592.0,0.9278683427797241,1435652.5,0.9096893398488408
97748968.0,0.9232562281993801,1602591.75,0.8991879235131468
88735936.0,0.9135165515136945,1310530.5,0.9175602198907917
98798472.0,0.9224771039433292,1611887.875,0.8986031427731301
88980016.0,0.9276166340653016,1405172.0,0.9116067431525157
