loss,r2,loss_test,r2_test
59250256.0,0.9281176368812607,1295524.25,0.9185041926652032
