loss,r2,loss_test,r2_test
615731392.0,-0.08442225956225458,11432771.0,0.28081412184673427
118092312.0,0.9462357320826729,1911677.0,0.8797447170291053
90946464.0,0.9627716336104268,1391677.375,0.9124556263248782
86416936.0,0.9587224341245268,1310151.875,0.9175840333201325
86700624.0,0.9521235196713249,1310642.5,0.9175531725700381
84093992.0,0.9556561565608249,1262747.625,0.9205660359478888
85728392.0,0.9483812783587134,1295602.625,0.9184992651942396
