loss,r2,loss_test,r2_test
628091776.0,0.28414766038588657,10974085.0,0.3096679889141919
119476416.0,0.9031176840562407,1493942.875,0.9060225475828039
113078872.0,0.9179565099590088,1365369.75,0.9141105235154015
