loss,r2,loss_test,r2_test
35596912.0,0.7854751980402351,1338117.25,0.9158248549162156
34586252.0,0.8010084193548536,1293476.0,0.9186330469353943
35657220.0,0.8496466791081165,1316468.75,0.9171866705758936
