loss,r2,loss_test,r2_test
39268512.0,0.9438227026881664,1683014.375,0.8941288755905297
44965808.0,0.9312639624197733,1927571.375,0.8787448559135067
30309038.0,0.9615958228507996,1285323.5,0.9191458897384663
