loss,r2,loss_test,r2_test
56539200.0,0.8246384508422583,1511295.25,0.9049309853978382
54554740.0,0.8337227914311237,1491348.75,0.906185740497859
54389548.0,0.8278830351331818,1495305.375,0.9059368289402141
55925388.0,0.8106587012187307,1560005.375,0.9018668368116118
