loss,r2,loss_test,r2_test
37606128.0,0.9658501581908542,1691673.625,0.8935841572480897
29304554.0,0.9383092961014501,1388969.875,0.9126259395135722
26482836.0,0.9626669944660682,1227981.375,0.922753030342491
25766916.0,0.9613884942828324,1195953.625,0.9247677538992956
31862798.0,0.9201684157806007,1526565.625,0.9039703958479468
