loss,r2,loss_test,r2_test
29621244.0,0.9054046803822893,1294451.75,0.9185716688570791
29324360.0,0.908658139772912,1282891.25,0.9192988734727415
32888556.0,0.8903325323988276,1360836.625,0.9143956766417367
30129006.0,0.9197252489026522,1362951.375,0.9142626537031311
