loss,r2,loss_test,r2_test
14298856.0,0.9302081346844174,1256393.75,0.9209657349314345
14477970.0,0.948715883961162,1302301.0,0.918077902313373
13585382.0,0.9488718532176261,1236233.625,0.9222339217427722
12122271.0,0.9471102903693339,1126918.125,0.929110481118578
10784045.0,0.9729921822184976,1030642.5,0.9351667538388225
10784340.0,0.961527577470405,1024831.6875,0.9355322958998322
10033496.0,0.9748019343548994,978435.5,0.9384508777631417
