loss,r2,loss_test,r2_test
24533898.0,0.8854390047349305,1457143.25,0.9083374522444972
22076324.0,0.8759438524020455,1244294.375,0.9217268463625156
18212192.0,0.8892592635418602,1120449.625,0.9295173852239863
15030751.0,0.9096311668703336,1063371.625,0.9331079105384368
11613320.0,0.9149514355446425,977483.75,0.9385107459670078
