loss,r2,loss_test,r2_test
82019928.0,0.9905644781622853,765490.8125,0.9518463008199123
57087268.0,0.9877987798322294,706876.25,0.9555334889221082
45496768.0,0.9974701727758173,528368.125,0.9667626614891461
48628480.0,0.9954394519429595,564503.1875,0.9644895537336241
37055736.0,0.9857326112415132,540348.875,0.9660090018770645
31086650.0,0.993451879555509,475262.96875,0.9701032723029369
25686406.0,0.9953702719003337,443052.125,0.9721295164586894
22258406.0,0.9928094913331363,417963.625,0.9737077243174901
34767348.0,0.9906606399407321,513831.96875,0.9676770675118069
