loss,r2,loss_test,r2_test
58744880.0,0.9042955537668068,664026.9375,0.9582289520636146
70323256.0,0.8907093045081391,770985.25,0.9515006669901847
50894660.0,0.9535548325032501,631963.1875,0.9602459441582896
25613250.0,0.9765395807771494,429419.125,0.9729871070756644
25244482.0,0.9783198139507514,408949.59375,0.974274754902605
24877494.0,0.9780257618958385,414031.25,0.9739550931804185
24122432.0,0.9864988683778098,434320.46875,0.9726787855988726
21446368.0,0.9785161378874724,412827.1875,0.9740308334977246
