loss,r2,loss_test,r2_test
80636648.0,0.9508264724177558,874611.875,0.9449819630420809
65554936.0,0.9461510313352668,735350.25,0.9537423155522002
45371000.0,0.9309966517893402,574552.4375,0.9638574035967548
30957342.0,0.9426654154270442,447353.53125,0.9718589314208176
34808264.0,0.9497780103302595,482180.3125,0.9696681324733059
23620136.0,0.9549875847991743,398364.71875,0.9749406075886957
25261256.0,0.9651903254321853,462477.15625,0.9709075711233027
