loss,r2,loss_test,r2_test
166349520.0,0.9095260961538879,1695076.75,0.8933700894569675
68497464.0,0.9184001392948028,635590.1875,0.9600177824032324
34042320.0,0.9741347137799303,478461.0,0.9699020965978717
38728340.0,0.9683280084457676,513642.5625,0.9676889783124529
26982602.0,0.9788433492214681,459885.71875,0.9710705877242829
29077716.0,0.9733544889243209,462419.90625,0.9709111724094275
31815504.0,0.9767415114183373,496417.3125,0.9687725427416898
23134328.0,0.9854857796422911,458695.65625,0.9711454484917794
