loss,r2,loss_test,r2_test
81451488.0,0.9363793166587493,1169378.125,0.9264395013460747
68436176.0,0.949440557999344,974221.8125,0.9387159405259324
36354320.0,0.9521475483196784,546851.0,0.9655999814191454
19273146.0,0.9787487776948128,329942.1875,0.9792447712212963
19872774.0,0.9778000337842969,338516.75,0.9787053822735534
17217036.0,0.9746108521061732,327392.34375,0.9794051691971182
