loss,r2,loss_test,r2_test
70019456.0,0.9695273425347155,1294506.375,0.9185682219418954
66946928.0,0.9713768919571468,1228833.25,0.9226994449442577
63233516.0,0.9731631499608909,1131638.875,0.928813511950934
59255980.0,0.9768930686782724,1074380.125,0.9324154087426269
65586900.0,0.9630619401191713,1106201.5,0.9304136768567276
48903788.0,0.9760230380571736,893401.0625,0.9438000224973923
45560420.0,0.9710687795929058,795209.5,0.9499768298661884
37435836.0,0.971781444087198,697269.0,0.9561378354802734
36276860.0,0.9615137204861876,717263.125,0.9548800963621369
