loss,r2,loss_test,r2_test
70237664.0,0.34389741065515655,1213317.125,0.9236754828802065
70018000.0,0.3638625994007395,1190533.125,0.9251087378677609
68636880.0,0.30640772655734005,1173314.0,0.9261919153907907
68561728.0,0.3989835871909695,1198983.5,0.9245771595131006
56832292.0,0.5797101121118424,967413.25,0.939144239790629
48947092.0,0.7041072969359113,850648.6875,0.9464893859341259
42993780.0,0.8059782714675936,810889.0625,0.9489904940044428
35269800.0,0.886360814338234,734065.6875,0.9538231197285283
30667704.0,0.9077208476275418,634796.1875,0.9600677279405392
