loss,r2,loss_test,r2_test
3650393.5,0.9270122773016117,1281454.25,0.9193892840326559
3641511.0,0.9274574277128546,1242130.0,0.9218630019977558
3605957.0,0.927690700139497,1264399.25,0.9204621350806508
3311209.0,0.9316250899871603,1168283.625,0.9265083527256693
2976970.5,0.9377769759855168,1113866.5,0.92993150691483
2528107.75,0.9468045751959527,1016372.1875,0.9360644424608203
1883476.125,0.9646321929496884,863571.0625,0.9456764947487032
1308477.75,0.9798759502193615,720447.25,0.9546797941913618
1000282.25,0.9864129150334213,653464.375,0.9588933958614424
