loss,r2,loss_test,r2_test
2073829.0,0.9358037418227517,1268223.0,0.9202215951382257
1957250.375,0.9380708379630592,1240477.5,0.9219669498815838
1833407.875,0.935194686153444,1231181.375,0.9225517331696524
1611545.0,0.9511433626697402,1156910.5,0.9272237876952426
1430641.125,0.9598628772353891,1116805.375,0.929746625695257
1252181.625,0.9463410844138271,1056888.375,0.9335157473348323
1081411.5,0.9571273731998183,947029.3125,0.9404264946933942
864111.625,0.962938486570319,841321.5625,0.9470761182294866
769005.25,0.965869125687932,764846.8125,0.9518868087758894
