loss,r2,loss_test,r2_test
39646492.0,0.9382078062001231,1370331.0,0.9137984330150645
37379220.0,0.9341594701412224,1201487.625,0.9244196355889578
36257112.0,0.933501985897132,1176479.875,0.9259927637309907
34846060.0,0.9151772086662064,1099520.25,0.9308339620081094
46138280.0,0.9456128095629461,1722129.5,0.8916683099359357
26809886.0,0.9509913509168303,934511.5625,0.9412139342600464
22080744.0,0.947965343490769,787142.375,0.9504842972756655
17751160.0,0.9584485688022167,638342.4375,0.959844653940085
16360950.0,0.9513955646439715,626191.3125,0.9606090242391903
