loss,r2,loss_test,r2_test
71648064.0,0.8786705234960207,1269905.75,0.9201157507085809
63302912.0,0.8871800640288996,1202037.75,0.9243850281589777
54076620.0,0.8957085042132609,1105889.75,0.9304332798052877
48059656.0,0.9144136512915568,1052296.125,0.9338046158246786
46883240.0,0.9311953229959083,1045569.5,0.9342277632730582
37344792.0,0.9334254523060003,818282.6875,0.9485253869290503
30569218.0,0.9484501074417506,687853.875,0.9567301003211737
29180138.0,0.9514960032335584,650959.875,0.9590509438782526
25545858.0,0.9626045055782821,574216.25,0.9638785532202481
