loss,r2,loss_test,r2_test
11715058.0,0.10530008199301899,12104392.0,0.23856529138377824
1532140.375,0.9156574460409335,1745804.0,0.8901790566339782
1470543.5,0.8819193245666725,1456939.625,0.90835026124915
1320077.0,0.90646424221637,1353371.5,0.9148652865669866
1362926.0,0.8982385256812391,1409580.375,0.9113294299452326
1100656.0,0.9441067438112616,1216707.125,0.923462239896856
1277488.875,0.9422852088556849,1339999.625,0.9157064395251093
1528074.25,0.8694125755403718,1523222.375,0.9041806855304725
