loss,r2,loss_test,r2_test
39417720.0,0.9284584802255355,1314147.625,0.9173326846971028
38977636.0,0.9372302990500091,1307033.0,0.9177802240378348
38045852.0,0.9325535723291806,1250262.5,0.9213514213042846
37746492.0,0.9363984230935672,1245963.375,0.9216218590668984
37566580.0,0.9380486633131194,1239995.0,0.9219973001725832
39146164.0,0.9220837149138607,1269284.625,0.9201548134229628
36348476.0,0.9369067544109341,1187634.25,0.9252910881987857
35900244.0,0.9370044753075778,1170615.875,0.9263616460406839
