loss,r2,loss_test,r2_test
387186560.0,0.09223430218750672,14431033.0,0.09220648313679192
56529800.0,0.8439566469284365,1385817.0,0.912824272028061
53605852.0,0.8383486642599691,1331503.25,0.9162409166350486
53020500.0,0.8496853400083523,1317159.25,0.9171432287101804
52433316.0,0.839427464218522,1274685.5,0.9198150771246532
51423472.0,0.8401812923298619,1282703.0,0.9193107345346809
51266080.0,0.8450034362129933,1264593.875,0.9204499020944051
50745152.0,0.8421820435457547,1273397.75,0.9198960876398087
