loss,r2,loss_test,r2_test
20677178.0,0.9346752715201385,1202384.125,0.9243632481511124
19221354.0,0.9387959736659045,1115131.0,0.9298519543574649
10411975.0,0.9508921320973557,710368.875,0.9553137827359777
8464103.0,0.9694752300078812,634078.125,0.960112899713811
