loss,r2,loss_test,r2_test
22018296.0,0.9118277673618244,1285633.0,0.9191264219143118
21349310.0,0.9139353003622122,1233947.375,0.9223777312600048
16496113.0,0.9235767152102908,1100022.375,0.9308023739128136
14331459.0,0.9315244289592491,1035879.0625,0.9348373470412967
9518246.0,0.9623382167878008,758271.25,0.9523004513278571
