loss,r2,loss_test,r2_test
15044325.0,0.9502521418503456,1241768.625,0.9218857262162641
14189473.0,0.951984174717023,1178243.125,0.9258818426291076
14039716.0,0.9512242696785187,1164496.125,0.9267466090318496
13530015.0,0.9558032159806762,1134819.75,0.9286134253635667
12864193.0,0.9566692966404928,1061463.0,0.9332279669003706
12113930.0,0.9580991044774797,1005958.6875,0.9367195070343287
11928449.0,0.9580969600853154,991810.0,0.9376095437568186
8164655.5,0.9693673116252798,702246.1875,0.9558247414312706
6131235.0,0.9729067374553135,565192.3125,0.9644462091873134
