loss,r2,loss_test,r2_test
17752222.0,0.9717781633967884,1266480.0,0.9203312464411729
15659652.0,0.9736305555551902,1093397.5,0.9312191097786493
14221818.0,0.9734759978906808,982905.375,0.9381696983008462
11110005.0,0.9779269246210014,778211.0625,0.9510461237582025
8409614.0,0.969832544694862,593486.5,0.9626663440690787
7032693.0,0.9715818447689322,506635.0,0.9681297926743371
