loss,r2,loss_test,r2_test
16256316.0,0.9513210330005514,1240743.75,0.9219501994213337
15813070.0,0.954330043822455,1229457.0,0.9226602012707057
13098614.0,0.9672135277993152,1021199.5,0.9357607731432462
7312944.0,0.9762758540692582,624366.8125,0.960723794643479
