loss,r2,loss_test,r2_test
35324524.0,0.9769093427589777,474637.0625,0.9701426452199496
30888126.0,0.981232474845608,440821.65625,0.9722698241232021
28627100.0,0.9869540660387811,416726.4375,0.9737855535323121
29547884.0,0.9843896775720556,450187.53125,0.9716806579588404
24116894.0,0.9859206757175442,383744.84375,0.9758602786691691
