loss,r2,loss_test,r2_test
1147016.0,0.9656151203860968,768904.75,0.9516315400742261
