loss,r2,loss_test,r2_test
2448369.5,0.9772329208227477,919611.25,0.9421512476679625
