loss,r2,loss_test,r2_test
2578302.75,0.9737390533111656,610010.1875,0.9616269078627387
1880419.125,0.9768513732161586,698391.375,0.9560672277170784
1312189.125,0.9835915187267307,562234.25,0.9646322838712001
