loss,r2,loss_test,r2_test
884066.875,0.9799559080979641,585833.0,0.9631477888861469
612649.125,0.9847726839015535,510366.03125,0.9678950883366914
