loss,r2,loss_test,r2_test
49038196.0,0.7826733711748073,648553.4375,0.9592023180356934
53572712.0,0.9360561865627964,732115.5,0.9539457938669909
