loss,r2,loss_test,r2_test
261697984.0,0.9423442126974337,1545912.5,0.902753354803248
211310736.0,0.952824418813797,1288349.625,0.918955526004923
194100832.0,0.9551756006855753,1222851.875,0.9230756943092195
149850544.0,0.9503678161691221,1028387.625,0.9353086073760102
147210640.0,0.9485002350445072,1059713.0,0.9333380607595787
