loss,r2,loss_test,r2_test
206948000.0,-1.0468682484038245,29374356.0,-0.8478131796341717
84106224.0,0.21419795826352417,12251952.0,0.22928288910078454
12036963.0,0.8527659060890823,1447734.125,0.9089293413539878
11013297.0,0.8657276922681723,1292799.375,0.9186756104024446
10068918.0,0.887665623913058,1160342.5,0.9270079029150128
9605723.0,0.8983148881016292,1112881.0,0.9299935012738376
9016093.0,0.9129046519372047,1073440.5,0.9324745283385322
9370278.0,0.8965182387779492,1098628.25,0.9308900676851204
