loss,r2,loss_test,r2_test
203036784.0,0.8868845742925304,1446344.75,0.9090167360485246
175936768.0,0.9227378376615657,1249997.75,0.9213680667759059
172456048.0,0.9274222434818025,1223063.75,0.9230623666869864
156051664.0,0.9340630050070864,1119322.125,0.9295883048421965
163326496.0,0.9282758126367227,1193719.25,0.9249083151329043
