loss,r2,loss_test,r2_test
171339952.0,0.9273770246614181,1275631.25,0.919755586242685
167027856.0,0.9290222897004153,1242597.75,0.9218335782906766
148661648.0,0.939682348001684,1094938.625,0.9311221656723967
189714048.0,0.913584974206864,1427770.25,0.9101851726668108
151684576.0,0.9348418784765351,1101584.25,0.930704123234568
141549648.0,0.9382340205131533,1043292.75,0.9343709812526959
135783984.0,0.937776970573335,997637.4375,0.9372429683703789
