loss,r2,loss_test,r2_test
36405912.0,0.968487375322578,574701.1875,0.9638480472032352
30805142.0,0.9692084923551216,511186.625,0.9678434748547664
23550244.0,0.981369937718017,398909.96875,0.9749063066117142
20067952.0,0.9888253513194789,353925.6875,0.9777360725201439
17397178.0,0.9886841964795552,344776.125,0.9783116304554823
