loss,r2,loss_test,r2_test
41102204.0,0.9450721113865876,1783618.5,0.8878003133681657
33873112.0,0.9360126454519271,1410957.0,0.9112428315697025
29636592.0,0.9756410286149518,1274711.25,0.9198134568648504
28672318.0,0.9728153687925458,1228835.75,0.9226992856266711
31098652.0,0.94952190614038,1334603.125,0.9160459171890455
28314298.0,0.9669972215703561,1230393.25,0.9226013100917702
28407620.0,0.9632388054371583,1241897.625,0.9218776235562556
26890390.0,0.9782841933194011,1187125.875,0.9253230727487286
26201746.0,0.9757809492056709,1160246.75,0.9270139146041414
