loss,r2,loss_test,r2_test
42162468.0,0.8796145145069691,1892580.625,0.8809459858704917
37467036.0,0.9156686264314846,1500214.625,0.9056280167082402
30436496.0,0.9423728644423224,1277828.75,0.9196173377909126
30159278.0,0.9435949015718074,1254418.625,0.9210899839854229
33193686.0,0.92172201921292,1433378.5,0.9098323960387275
30310510.0,0.9356911485580397,1284014.625,0.9192282170120945
29175390.0,0.9401767662633789,1199562.25,0.9245407444037819
28882242.0,0.9363541952807163,1210481.75,0.9238538505267844
30219922.0,0.9228484413663074,1292866.875,0.9186713587469993
