loss,r2,loss_test,r2_test
33741212.0,0.7298946197930497,1715480.25,0.8920865960988967
25385944.0,0.8609678224188749,1451671.125,0.9086816727991166
22209978.0,0.9040304040486994,1283055.125,0.9192885794184589
21635630.0,0.9217427306878658,1233580.125,0.9224008407550225
23402512.0,0.9335535750044848,1275935.375,0.919736451800692
21670082.0,0.9172107962248365,1257571.875,0.9208916186623483
20972926.0,0.9279956373034977,1219342.625,0.9232964630465877
22763606.0,0.9308087002071879,1247808.125,0.9215058046977801
22740920.0,0.9072388155546138,1332846.25,0.9161564267190666
