loss,r2,loss_test,r2_test
36954168.0,0.8946013811575217,1630587.25,0.8974268467750741
29710788.0,0.9047595931999857,1302029.75,0.9180949672539981
29063196.0,0.9090693113193299,1266415.0,0.9203353354391348
32083386.0,0.9158707526419056,1464997.875,0.9078433462689994
31058340.0,0.8978493344353792,1302187.0,0.9180850717293308
28195434.0,0.9151438353329266,1231066.625,0.9225589454945026
29434824.0,0.9202803577212505,1336890.625,0.9159020140648247
28368040.0,0.91277100184856,1213646.625,0.9236547694866994
27402452.0,0.9175417036288421,1180652.125,0.925730312134911
