loss,r2,loss_test,r2_test
42008896.0,0.9487956437100687,1831081.5,0.8848146181569019
29911354.0,0.9342377373825252,1322158.125,0.916828775104978
31890636.0,0.9667207612440886,1429281.375,0.9100901228285416
27790624.0,0.9637518520482812,1251519.125,0.9212723685323596
29332566.0,0.967975202151413,1330127.75,0.9163274413454886
28625072.0,0.9297746018680986,1298313.5,0.9183287422797908
26106700.0,0.9584842829604049,1193775.75,0.9249047538748161
25656238.0,0.9608814845557246,1174753.375,0.9261013641223182
25301814.0,0.9546852703997801,1156407.5,0.927255428236713
