loss,r2,loss_test,r2_test
38706888.0,0.9186347177280674,1690271.875,0.8936723472930524
31854936.0,0.9409763757353282,1363046.375,0.9142566768885559
32171380.0,0.942383646328499,1387923.625,0.9126917630407744
29372110.0,0.9426447434087896,1298080.625,0.918343389501857
29566706.0,0.9470344582954955,1283937.875,0.9192330438933224
29008386.0,0.9479661688662002,1268891.125,0.9201795803026979
27362576.0,0.9490378832024947,1217076.625,0.9234389953227968
26976538.0,0.9506241248485211,1200953.75,0.9244532190778026
26973072.0,0.949443377555541,1218549.5,0.9233463430287401
