loss,r2,loss_test,r2_test
89909584.0,0.9437406844263995,1494006.125,0.9060185682616045
76887208.0,0.961422646095673,1224482.625,0.9229731213369723
79633432.0,0.9623453302908666,1273987.75,0.9198589605684852
74155224.0,0.9582467086195704,1194756.25,0.9248430791679249
