loss,r2,loss_test,r2_test
57259312.0,0.9298924441008946,1280340.75,0.9194593314431145
54493316.0,0.9338053768278972,1247125.625,0.9215487500926653
55189932.0,0.9341790701871818,1260637.625,0.9206987550700722
67035568.0,0.9204310719210815,1500767.25,0.9055932525894057
