loss,r2,loss_test,r2_test
73888568.0,0.9772380590819302,1263161.375,0.920540006347085
78480112.0,0.9825063932928327,1400341.0,0.9119106276560179
78733792.0,0.9823864404749282,1411293.875,0.9112216377074737
70879712.0,0.9825132821939919,1259401.375,0.9207765376797656
