loss,r2,loss_test,r2_test
55522880.0,0.8895976705631777,1271640.25,0.9200066323834176
55546440.0,0.8925423586064518,1277753.75,0.9196220533336683
53046268.0,0.9085104844017299,1212383.875,0.9237341987434879
63640316.0,0.9144312494162724,1374174.375,0.9135566590360025
