loss,r2,loss_test,r2_test
80481640.0,0.9095035089619964,1576144.125,0.900851622324021
68833416.0,0.9540492803432935,1291785.25,0.9187394029490552
68798576.0,0.9510410497402493,1291810.625,0.9187378119095317
64167264.0,0.9485361543086851,1219106.75,0.9233112897737318
63506160.0,0.9349476001789307,1225302.25,0.9229215584890955
