loss,r2,loss_test,r2_test
7683112.0,0.9943796780689548,1290404.375,0.9188262658139706
6922893.0,0.9917044715052494,1207422.875,0.924046274346493
5186898.5,0.9844868644153788,1083974.75,0.9318118564966638
3827502.5,0.979396173995205,931209.8125,0.9414216349443157
