loss,r2,loss_test,r2_test
208935056.0,0.8840689889776406,1141834.125,0.9281721733937951
210805584.0,0.919316120783926,1200689.0,0.9244698751957282
146967120.0,0.9218775538027351,821380.0625,0.948330550531075
118749504.0,0.9586078219684507,647669.25,0.9592579412162917
