loss,r2,loss_test,r2_test
13592607.0,0.9559668208254248,1310734.0,0.9175474106524466
12858955.0,0.9556036648536081,1280036.875,0.9194784344005063
12719716.0,0.9434485459468198,1338809.25,0.9157813251359445
6844313.5,0.9663489542540483,815000.375,0.9487318682483264
