loss,r2,loss_test,r2_test
223955776.0,0.9726110265455561,1339445.0,0.915741343372852
192103232.0,0.9652149981487436,1135449.625,0.9285737963561784
142283328.0,0.9668882049452168,851187.25,0.9464555110285178
113507368.0,0.994406076794121,649762.125,0.9591262857707894
