loss,r2,loss_test,r2_test
130387424.0,0.8800745744809134,2675696.75,0.8316835408978476
71312928.0,0.9353306807750039,1394655.5,0.9122682820268493
64921928.0,0.9416048442588077,1261053.375,0.9206726120173527
62100936.0,0.9418515836560513,1248550.0,0.9214591449582065
61900436.0,0.9440454031344068,1224713.625,0.9229585880113857
61028316.0,0.9436364208653061,1232033.5,0.9224981219451502
60529668.0,0.9427180227991317,1211985.5,0.9237592575166016
63057812.0,0.9442710808183244,1192862.0,0.9249622346556813
62350292.0,0.9392486270906032,1278359.625,0.9195839404283099
