loss,r2,loss_test,r2_test
116889760.0,0.877552937332569,2500038.5,0.84273342965822
73509504.0,0.904213171030128,1584348.5,0.9003355192345012
63612080.0,0.9254089863154894,1328587.75,0.9164243125043108
59816744.0,0.9389250289740676,1225858.0,0.9228865937129629
57749728.0,0.9424811913023996,1156562.5,0.9272456803218937
56950096.0,0.9437095326844178,1154549.375,0.9273723128385237
56762880.0,0.944322588500641,1134591.25,0.9286277960071001
