loss,r2,loss_test,r2_test
10222582.0,0.9873561044427985,1228589.375,0.9227147814040624
4807747.5,0.9913696804928195,1026582.375,0.9354221586661524
2980308.75,0.9908661015772164,735833.0,0.9537119435447861
2544914.5,0.9908945360837327,688544.5625,0.9566866540112305
1370920.0,0.9955009244418435,635152.6875,0.9600453023696514
964912.5625,0.9983213071276763,499507.0625,0.9685781844940277
