loss,r2,loss_test,r2_test
152175504.0,0.9735342181794917,768433.9375,0.9516611598834388
107742760.0,0.9299273197402022,584630.0,0.9632234657247982
89022880.0,0.9405883964458024,501325.875,0.9684637669507471
75849152.0,0.9687498323072183,433003.0625,0.9727616600590402
57724168.0,0.9680217974317772,380465.84375,0.976066545443136
