loss,r2,loss_test,r2_test
99057920.0,0.9622470884149386,538794.875,0.9661067527739008
