loss,r2,loss_test,r2_test
108597256.0,0.9877125194717,543896.5,0.965785833707557
77862560.0,0.9844098104886669,429328.75,0.9729927972764656
71783096.0,0.9767336759256816,417366.9375,0.9737452599122033
