loss,r2,loss_test,r2_test
177703824.0,0.9943899256837626,388790.6875,0.9755428658644054
221943984.0,0.9970212977999204,491975.15625,0.9690519818282801
156978288.0,0.9947052972132898,341695.9375,0.9785053923038071
142793872.0,0.9905926002258296,336666.34375,0.9788217842431691
143458480.0,0.9852802310680159,348162.3125,0.9780986228780258
