loss,r2,loss_test,r2_test
71484072.0,0.8358317056062343,1578087.625,0.900729366337391
54077968.0,0.9090657902099529,1216257.75,0.9234905013491708
