loss,r2,loss_test,r2_test
131013888.0,0.7281080453131095,2118535.0,0.8667321762154085
92496304.0,0.8817743211363287,1409593.75,0.9113285822588795
