loss,r2,loss_test,r2_test
541843840.0,0.35891083269979096,10185495.0,0.35927478652313294
65526384.0,0.917217686269303,1247144.25,0.921547581644348
83969056.0,0.9328876255016916,1573955.25,0.9009893216097207
