loss,r2,loss_test,r2_test
562532032.0,0.39566111579933294,9973469.0,0.37261240299380904
223926256.0,0.8519412087445661,2505843.5,0.8423682835543055
210397520.0,0.8652690956084532,2189849.75,0.862246071172342
218531664.0,0.8776316632505619,1996653.125,0.874399230581464
207181264.0,0.8747811486059807,1957094.5,0.8768876952720859
212274304.0,0.8640653666916831,2086853.5,0.8687251161940379
