loss,r2,loss_test,r2_test
51826220.0,0.9768474914283118,1175721.875,0.926040446155505
47567700.0,0.9714344906026005,1083326.0,0.9318526694758762
51942772.0,0.9716540667577398,1273511.25,0.919888940176259
