loss,r2,loss_test,r2_test
56141604.0,0.8240517943459169,1171877.5,0.9262822850789458
54936880.0,0.8047367326633741,1127165.375,0.9290949245350623
39698068.0,0.8600375109009529,896787.0625,0.9435870218348607
