loss,r2,loss_test,r2_test
3241737.0,0.892812591896068,1356479.5,0.9146697727288808
2125782.5,0.9443711660159596,1028147.1875,0.9353237323290201
