loss,r2,loss_test,r2_test
49428300.0,0.9391555113044432,1092669.5,0.9312649099666974
40049160.0,0.960394946726251,897306.375,0.9435543528337896
