loss,r2,loss_test,r2_test
22273108.0,0.6335781667601614,6190592.0,0.6105767459600608
24513184.0,0.5687864566575873,6910817.5,0.5652705201597776
16379240.0,0.7234211618337212,4945106.0,0.6889248665279817
