loss,r2,loss_test,r2_test
2335346.75,0.9723302911721717,1214546.625,0.9235981538827207
1733230.125,0.9765826851122694,1062725.125,0.9331485829021657
