loss,r2,loss_test,r2_test
2250023.5,0.9490993607075513,1186273.375,0.9253767045128263
