loss,r2,loss_test,r2_test
83791984.0,0.9224950684019746,1690532.25,0.8936559520562652
66286156.0,0.9640798849436575,1385082.125,0.912870495484408
57016528.0,0.9611458444438903,1202891.75,0.924331304195684
