loss,r2,loss_test,r2_test
125645504.0,0.9522288730286614,1172361.875,0.9262517984790005
134727888.0,0.9124843850246399,1218050.75,0.9233777192628383
54314180.0,0.9920522393712341,554191.6875,0.9651382091387011
52351164.0,0.9915225844608652,528004.0,0.9667855653935866
40506680.0,0.9965424089580553,464801.21875,0.970761371911103
45029500.0,0.9944649451631512,502466.03125,0.9683920475637438
39168948.0,0.9947162044567407,464880.375,0.9707563982390526
