loss,r2,loss_test,r2_test
108741128.0,0.9090272239858165,1092958.625,0.9312467156086044
99320760.0,0.8976437009391253,1015756.375,0.9361031773657759
71548048.0,0.9462551426763576,765471.3125,0.9518475240297126
62089072.0,0.942205281466721,650394.25,0.9590865234735316
51562920.0,0.9669699015997907,538446.125,0.966128692251646
45429144.0,0.9737236806834804,492257.71875,0.9690342044933856
44002600.0,0.9491980150109526,449016.40625,0.9717543278965861
38932604.0,0.97822712073486,425063.28125,0.9732611178847437
