loss,r2,loss_test,r2_test
125478944.0,0.9709829981045089,1138924.875,0.9283551906052009
155056656.0,0.9483901230209651,1469836.125,0.9075390051260522
64486476.0,0.9796439370480241,572607.375,0.9639797616078931
58967808.0,0.9881772010622503,579866.6875,0.9635231028298412
45087648.0,0.9855008391205994,480989.84375,0.9697430220381156
46686252.0,0.9887410270773986,476393.21875,0.9700321777852297
73747784.0,0.970234798550554,744530.0,0.9531648507346095
46073860.0,0.9915727926184646,512284.09375,0.9677744375816618
