loss,r2,loss_test,r2_test
150370256.0,0.8129258560968434,1393755.0,0.9123249258817078
50383972.0,0.9471205165007706,576335.25,0.9637452545880946
40129124.0,0.9666937360889393,491353.28125,0.9690911015214035
39921640.0,0.9398415573289854,476087.4375,0.9700514076904193
38867320.0,0.9636211108901693,472263.28125,0.9702919720437926
39692356.0,0.9460774963662338,477932.4375,0.9699353478671962
35745048.0,0.9507664684906115,439911.1875,0.972327100935344
38998956.0,0.9402465186019937,492451.5625,0.9690220154190952
