loss,r2,loss_test,r2_test
12692770.0,0.9392246609304246,1350655.125,0.9150361581583448
10861306.0,0.9352630388512734,1152116.0,0.9275253910356962
