loss,r2,loss_test,r2_test
26225694.0,0.8196423686389592,1512523.5,0.9048537194986127
