loss,r2,loss_test,r2_test
14590128.0,0.9767502832696179,1278996.875,0.9195438631475018
12607128.0,0.9761340948062895,1156095.375,0.9272750639472799
