loss,r2,loss_test,r2_test
16173824.0,0.9023127230235651,1249596.5,0.9213933099871098
14766524.0,0.9036604576377716,1170427.375,0.9263734993728909
