loss,r2,loss_test,r2_test
14530452.0,0.9689623856234248,1326655.875,0.9165458425781603
