loss,r2,loss_test,r2_test
17044096.0,0.9444558856618218,1289916.125,0.9188569781254953
16265753.0,0.9446041853125717,1330272.625,0.9163183370981896
