loss,r2,loss_test,r2_test
441817760.0,0.9098836132507093,802992.625,0.9494872228548382
221918752.0,0.9834854677328071,435372.28125,0.9726126210393868
188965888.0,0.9956153171823356,382226.40625,0.975955797397475
200086432.0,0.9910568244266797,400357.375,0.9748152576451768
306805216.0,0.9406952889259257,618094.0625,0.9611183864980619
