loss,r2,loss_test,r2_test
36517072.0,0.9363913948347853,1454789.5,0.9084855084557741
30843998.0,0.9569209857386428,1181774.25,0.9256597115650654
