loss,r2,loss_test,r2_test
35732584.0,0.9428826615301783,1270661.75,0.920068195943436
39557600.0,0.9377955143092693,1378744.75,0.9132691643377537
33504504.0,0.9540981730570612,1191681.75,0.9250364864742489
