loss,r2,loss_test,r2_test
5298195.0,0.9852386898917463,1389430.75,0.9125969500853396
4641058.0,0.9844789155805709,1206872.125,0.9240809099391465
2859050.75,0.9842064226546581,916966.875,0.942317595964251
1961429.25,0.9854336192676298,684086.6875,0.9569670807148902
