loss,r2,loss_test,r2_test
118115808.0,0.953526562329407,1237530.625,0.9221523259144494
67269768.0,0.942636641406727,748446.0625,0.9529185115533091
49751252.0,0.9763727145913087,551097.75,0.9653328336532612
44961064.0,0.9708206492934316,501342.4375,0.968462722772063
