loss,r2,loss_test,r2_test
126407208.0,0.9635466772124848,1211080.125,0.9238162078866838
105219472.0,0.9449383533079084,1045146.8125,0.934254356313851
76040912.0,0.9325734780515119,796809.75,0.9498761591189423
54422692.0,0.9745097795751538,576906.75,0.9637093080271409
46916248.0,0.9686648010390483,503633.59375,0.9683185994067999
