loss,r2,loss_test,r2_test
102669880.0,0.9026680613906459,1160182.25,0.9270179720008834
68418280.0,0.9336599612333313,762653.6875,0.9520247725202009
59720920.0,0.9482496306556959,645421.875,0.9593993160517245
43657872.0,0.9673657996032252,521410.3125,0.967200343197018
