loss,r2,loss_test,r2_test
6089352.0,0.9873895704139592,1297676.25,0.918368827012405
5399181.0,0.989477686550394,1209129.875,0.9239388947784261
2366097.5,0.9928090608889456,995874.1875,0.9373538826023773
1885841.25,0.9918129437169081,750783.4375,0.9527714796727418
