loss,r2,loss_test,r2_test
85942248.0,0.8410168398811012,2085015.875,0.8688407079607314
56413224.0,0.9117991944849608,1463000.0,0.9079690327488653
44821428.0,0.9228899771810032,1217090.875,0.9234381061882018
48249728.0,0.9143029121674128,1293292.625,0.9186445901197778
43530180.0,0.926803002829243,1200813.75,0.9244620362149361
41914320.0,0.9292385860632573,1160528.375,0.9269962021078846
39914532.0,0.9316403626043491,1117262.125,0.9297178969083484
