loss,r2,loss_test,r2_test
49996896.0,0.9460465487970623,1440417.875,0.9093895707086593
72879128.0,0.9437289916195292,2012993.25,0.8733713499205749
43443188.0,0.9442196761487742,1283264.375,0.9192754128833244
42966908.0,0.9450096180707395,1265705.625,0.920379960410958
53496460.0,0.8857680281188136,1409175.5,0.9113548937912547
41260148.0,0.9263307699199614,1188082.375,0.9252628958571911
37977196.0,0.9506735223286665,1144821.0,0.9279842836851353
