loss,r2,loss_test,r2_test
62417792.0,0.9471082421237434,1427726.75,0.9101879094412059
55701876.0,0.9280160916905281,1282210.875,0.9193416828118685
55103172.0,0.9250776849479295,1271717.75,0.9200017669566372
50755488.0,0.9378079374703352,1183863.0,0.9255283222699077
51985740.0,0.951086127625411,1205285.125,0.9241807506464744
53995380.0,0.9467155356253643,1250571.5,0.9213319840496044
