loss,r2,loss_test,r2_test
47291672.0,0.8994416986367895,1985995.375,0.8750696571151997
34567152.0,0.9131406277018213,1395177.625,0.9122354403743669
34577268.0,0.9244408429181621,1380680.375,0.9131473926834844
