loss,r2,loss_test,r2_test
4137056.25,-0.6081813569099708,1817758.375,0.8856527302723527
