loss,r2,loss_test,r2_test
24709176.0,0.04054899298476766,14944597.0,0.05990032221744057
23140136.0,0.11014142276662064,13915919.0,0.12460991171995028
4275506.5,0.795902021092068,2084025.5,0.8689030060144393
2117160.25,0.9317437556254535,1515853.25,0.9046442583222551
