loss,r2,loss_test,r2_test
3000974.0,0.961756560217435,1236657.625,0.92220724506583
2584464.0,0.968124522907106,1153303.25,0.927450699378103
729199.375,0.9886276805570111,630024.0625,0.960367921162595
500172.5625,0.9914277672115864,544703.375,0.9657350784704146
