loss,r2,loss_test,r2_test
59703592.0,0.9521579649677215,1089677.625,0.9314531215948808
51231780.0,0.9435891788969045,953707.375,0.9400064113371732
40267460.0,0.9740076735611641,754662.4375,0.9525274660548031
33234284.0,0.9710952920461879,626441.25,0.960593303298011
24054524.0,0.985057865918684,488803.0,0.9692515280527935
19495762.0,0.9919660670204132,436068.8125,0.9725688057667343
