loss,r2,loss_test,r2_test
58177400.0,0.9100244155589242,1069683.75,0.9327108439218657
19880452.0,0.9785847028988774,506079.125,0.96816475985821
