loss,r2,loss_test,r2_test
872257.5625,0.9844040224134873,791361.125,0.9502189084746694
545920.625,0.9855065614986079,666964.5,0.9580441625413197
