loss,r2,loss_test,r2_test
74375248.0,0.8609078643688637,1220405.375,0.9232295977118837
42302220.0,0.9090594698593725,761864.9375,0.952074387500084
31253096.0,0.8928469569908797,603036.1875,0.9620656122160265
27606540.0,0.8909191849737158,540855.6875,0.965977121023469
