loss,r2,loss_test,r2_test
66569300.0,0.9328071636629385,1263092.25,0.9205443599228768
63326656.0,0.943683330846755,1209946.75,0.9238875107122061
33267902.0,0.9743813335103588,678780.75,0.9573008542796954
