loss,r2,loss_test,r2_test
70752840.0,0.9495960419414218,1112808.875,0.9299980251333155
57348076.0,0.9627468201301634,978321.625,0.9384580458627135
