loss,r2,loss_test,r2_test
29787698.0,0.003159281711887729,15579398.0,0.01996774725479411
1143609.5,0.9790114880424376,1342311.625,0.9155610041613362
1043717.5,0.9804760295676866,1264633.0,0.9204474360368773
730539.125,0.9845447356259613,1013225.0,0.9362624173342192
654486.25,0.9860886454122741,961920.4375,0.9394897688308828
