loss,r2,loss_test,r2_test
2625819.75,0.9601265050018044,1121605.25,0.929444685427572
2408266.25,0.9581189600627295,986508.0,0.9379430653847072
1725682.625,0.9805549710851934,807391.25,0.9492105250242387
1283166.875,0.9875302011047277,694599.4375,0.9563057685678308
