loss,r2,loss_test,r2_test
1266929.25,0.9585688842861095,724634.8125,0.9544163727546193
