loss,r2,loss_test,r2_test
4355380.0,0.8466247887163999,1424001.875,0.9104222278043679
4167445.25,0.8475377950557956,1272474.375,0.9199541680338781
2055231.0,0.9329893397828465,993996.4375,0.9374720028548872
1408913.25,0.9583957433296346,972137.5625,0.9388470493540297
673437.875,0.9837454582986497,706388.375,0.9555641749277709
