loss,r2,loss_test,r2_test
27726702.0,0.9492290384631284,1245375.375,0.9216588452200672
26588974.0,0.9511124404639848,1209600.625,0.923909292085732
