loss,r2,loss_test,r2_test
26863840.0,0.9476012931611686,1281451.125,0.9193894805237948
23683346.0,0.959747022621742,1155613.0,0.9273054112149506
