loss,r2,loss_test,r2_test
32410604.0,0.8833106864552991,1219586.25,0.9232811285375787
25499322.0,0.9156533605270981,1127151.875,0.9290957668866149
