loss,r2,loss_test,r2_test
32906414.0,0.9616877435770473,1225047.125,0.92293760303953
34110588.0,0.9613784284242333,1405128.625,0.9116094591745703
29023536.0,0.963014061510548,1142568.125,0.9281260046537608
