loss,r2,loss_test,r2_test
36433196.0,0.7488535861966713,1411187.75,0.9112283101133375
32227062.0,0.7427423928027443,1204734.375,0.9242153968223706
33494348.0,0.7588048950270722,1425955.375,0.9102993413130284
