loss,r2,loss_test,r2_test
26213598.0,0.9392720653252901,1262989.0,0.9205508474526691
25855026.0,0.9439073165659212,1239827.875,0.9220078182913173
26100558.0,0.9255105412142425,1323161.0,0.916765690925055
24386360.0,0.941507073540504,1223916.5,0.9230087363939175
