loss,r2,loss_test,r2_test
39101404.0,0.9068871957066578,1207581.75,0.9240362743462445
38985556.0,0.9134068281235247,1183347.375,0.9255607643660981
