loss,r2,loss_test,r2_test
35486316.0,0.8694341319609002,1503092.5,0.9054469798382611
29524404.0,0.8568800840969445,1198315.125,0.9246192004629972
