loss,r2,loss_test,r2_test
27842132.0,0.9136378824644869,1209132.5,0.9239387249644121
