loss,r2,loss_test,r2_test
26006086.0,-0.21999397147646937,14782159.0,0.07011861204794534
