loss,r2,loss_test,r2_test
19888522.0,0.6394713616320267,6594444.5,0.5851721206685534
