loss,r2,loss_test,r2_test
816498880.0,0.042735650581926965,14740178.0,0.07275953000026425
76677504.0,0.8474295112098837,1268165.5,0.9202252144136781
