loss,r2,loss_test,r2_test
151902160.0,0.8474592275652368,1549991.75,0.9024967511884477
141530896.0,0.8239497110219925,1306570.125,0.9178093504856465
137445408.0,0.8502134707633506,1270549.875,0.9200752172931218
100397912.0,0.910751294160135,958847.875,0.9396830476629233
78840216.0,0.9357857450380318,817341.375,0.9485846066854464
71577664.0,0.9561016289511519,781454.9375,0.950842063017729
56440356.0,0.973780589703247,649926.0,0.9591159767461576
45306240.0,0.9579021825616479,570914.5625,0.9640862456583212
46281928.0,0.9770393894269511,562999.125,0.9645841745418166
