loss,r2,loss_test,r2_test
117235304.0,0.9423111996519089,1214065.75,0.9236283944395157
121993896.0,0.9298467608381674,1244252.375,0.9217294893611021
97895848.0,0.960020396479245,1077657.75,0.9322092383316903
87537600.0,0.9733394057498014,1010620.3125,0.9364262715040647
82569624.0,0.9372497057213247,902445.6875,0.9432310668524302
81722760.0,0.951684939333734,875108.6875,0.944950710610607
56668996.0,0.9889488954304183,732872.0625,0.9538982055028593
49415636.0,0.9737568620786639,573948.1875,0.9638954117046227
47897360.0,0.9761579477395832,564780.6875,0.964472103709128
