loss,r2,loss_test,r2_test
4332515.5,0.10570438255927483,1247981.5,0.9214949114737887
3662887.0,0.33820746759993736,1248724.375,0.9214481746206777
3511219.0,0.3067300299032666,1242750.375,0.9218239736203253
3332236.5,0.24434751098036445,1216363.125,0.9234838828633367
2573422.0,0.46531935474379305,1092220.625,0.9312931473135011
2157472.75,0.4412954696325131,854384.5,0.9462543910568755
1773258.625,0.5670588890396526,724532.0,0.9544228455887976
1536832.75,0.6439431365517345,670355.3125,0.957830859885916
1444146.125,0.6326959799631602,629264.6875,0.9604156909320075
