loss,r2,loss_test,r2_test
5131280.0,0.9161913044596595,1303810.125,0.91798297067913
4791753.0,0.9153964082710402,1230914.25,0.9225685352997263
4456044.5,0.9174041227459416,1165528.625,0.9266816613367119
4001116.5,0.9330066910167316,1090510.25,0.9314007416977017
3462246.0,0.9279280755159638,949552.3125,0.9402677895875792
2885521.0,0.9194384010108834,815487.1875,0.9487012445941772
2548835.0,0.9463886464197782,687617.625,0.9567449601061851
2517144.75,0.9507038353199662,606660.5,0.9618376261894487
2421997.5,0.9520851939126757,709231.8125,0.9553853110613797
