loss,r2,loss_test,r2_test
112868584.0,0.9589324319017862,1230032.75,0.9226239840460853
105882616.0,0.9601579139728075,1230706.75,0.9225815848632094
96498888.0,0.9539401350535808,1202013.625,0.9243865505493165
78098520.0,0.9682490430474483,1013378.4375,0.9362527671874747
78485984.0,0.9821225369148293,1007642.5625,0.9366135771602576
56819508.0,0.979727091007229,730165.375,0.9540684703168185
44420988.0,0.9898208614905083,592552.5625,0.9627250915785749
44057092.0,0.9924795357763333,602003.625,0.962130571565255
47576412.0,0.9738949925257964,673549.0,0.9576299607230349
