loss,r2,loss_test,r2_test
6901952.5,0.9298425139646722,1344935.125,0.9153959765773905
6583010.0,0.9482657754162875,1223738.25,0.9230199377206313
6345186.0,0.9544440400750203,1174991.0,0.9260864235236935
6148163.0,0.9276637200608664,1196949.25,0.9247051300804425
5335702.5,0.9485174641745876,1016715.3125,0.9360428557973773
4479953.0,0.9513304619201083,809113.125,0.9491022089833263
4266565.5,0.9633055815815088,775974.875,0.9511867919398846
2963096.75,0.9713191856006148,643804.8125,0.9595010347426277
2792962.25,0.9740732199026347,637039.9375,0.9599265819132059
