loss,r2,loss_test,r2_test
5001958.0,0.8811179761850008,1304154.125,0.9179613299302126
4447826.0,0.8929248906282707,1307406.75,0.9177567294272175
4100116.0,0.902948512462459,1314508.875,0.9173099644795647
3160051.75,0.9280872635340831,1227891.375,0.9227586896482554
2140552.0,0.9535520357742823,1078290.25,0.9321694412191528
1538520.375,0.9666110014611391,859969.75,0.9459030409126998
1213384.125,0.9736981219791832,748295.3125,0.9529279964183736
1120639.875,0.9724605463115179,736949.0,0.9536417414240755
1112823.125,0.9674575676695062,683098.4375,0.9570292491220461
