loss,r2,loss_test,r2_test
7193393.0,0.9138765338085598,1386078.5,0.9128078310981971
7800394.0,0.8797506097999266,1356646.75,0.9146592433621847
6602474.5,0.9177312434342255,1428121.0,0.9101631216314549
6357054.0,0.938566350280761,1431853.0,0.909928348037375
5635213.0,0.9299523109812468,1134356.125,0.9286425810359097
4095870.25,0.9415793940674864,917191.625,0.9423034599043333
3146266.0,0.9622018706086162,803776.875,0.9494378875390582
2543391.5,0.9618806290427172,745343.6875,0.9531136704597793
2711585.0,0.9599491080602445,649194.0625,0.9591620245066328
