loss,r2,loss_test,r2_test
8266498.0,0.7709847106840494,4296468.0,0.729727857835007
3423450.5,0.9387062570624574,1424386.25,0.9103980452846279
3364836.75,0.9426107845245195,1321107.375,0.9168948682500403
3158610.0,0.9526772329646682,1276228.625,0.9197180031027065
