loss,r2,loss_test,r2_test
37797304.0,0.8755897050917818,1411862.625,0.9111858594329035
33776920.0,0.885024543330992,1278528.5,0.9195733297796178
