loss,r2,loss_test,r2_test
175609728.0,0.956302375463975,1211710.125,0.9237765858478011
139418736.0,0.9531779715687794,1003833.625,0.936853197299081
102799280.0,0.9501635900489577,722608.8125,0.9545438179098215
76737704.0,0.9081914411971888,552540.375,0.9652420883444222
66862216.0,0.920933539950449,487383.53125,0.96934082128102
