loss,r2,loss_test,r2_test
138199760.0,0.9136111187459306,1228901.75,0.9226951305457711
121490480.0,0.9086812113826644,1120261.625,0.9295292097563885
