loss,r2,loss_test,r2_test
106910592.0,0.9203884768797906,1186616.25,0.9253551340614844
87730296.0,0.92895881390492,975799.3125,0.9386167085877668
