loss,r2,loss_test,r2_test
151642080.0,0.9084098661137757,1221663.75,0.9231504441057984
143721952.0,0.921504471989467,1172984.875,0.9262126188709727
105782128.0,0.9122499379876288,907342.5,0.9429230254578553
