loss,r2,loss_test,r2_test
138950800.0,0.9689594686383565,1309663.25,0.9176147791124694
120242496.0,0.9794318505439936,1153020.25,0.9274684993143137
