loss,r2,loss_test,r2_test
122400968.0,0.9806040664709943,1112119.75,0.9300413835146865
107386064.0,0.9814763997589699,1046509.9375,0.93416861023392
