loss,r2,loss_test,r2_test
377630656.0,0.9554726898687015,389209.5,0.9755165207564194
410943232.0,0.924256478754578,421634.09375,0.9734768301360914
428049984.0,0.9679605947248661,426947.625,0.9731425839504672
329487392.0,0.9665301733864314,348210.53125,0.9780955867963494
387717184.0,0.9615801775276696,373243.625,0.9765208653275609
396815264.0,0.9785612736021173,426262.3125,0.9731856925692545
272093568.0,0.959717338823115,337605.78125,0.9787626863277119
281692640.0,0.9375944919905085,366315.5,0.9769566829201054
