loss,r2,loss_test,r2_test
15305700.0,0.993212878931378,505142.0,0.9682237102330983
11068492.0,0.9937752992807314,384183.09375,0.9758327106666015
10787488.0,0.9905145829160518,383926.96875,0.9758488223257649
9787086.0,0.9901947654795771,398340.09375,0.9749421554592872
9921508.0,0.9882885618012051,420831.0625,0.9735273495766869
