loss,r2,loss_test,r2_test
390173152.0,0.0394919578335442,14533462.0,0.08576316326330269
328675424.0,0.16869275549932516,12237287.0,0.23020543224729495
86876272.0,0.8464424766272205,3281152.25,0.7935969707439774
59032284.0,0.9060449634832866,2152235.75,0.864612216529126
45303932.0,0.9243076295556076,1354827.75,0.9147736761625986
42501044.0,0.9346082610538293,1296268.25,0.9184574035757749
