loss,r2,loss_test,r2_test
99795248.0,0.7734398739502765,3634706.75,0.771356391225006
45684092.0,0.8117335526061846,1575804.25,0.9008729997814263
