loss,r2,loss_test,r2_test
348741248.0,0.24017026915127593,12350426.0,0.22308835094885981
99148624.0,0.7571742291175849,3450815.0,0.7829242156200219
39869864.0,0.800620999524105,1275040.75,0.9197927261779282
