loss,r2,loss_test,r2_test
434941600.0,0.09196453697397244,14438193.0,0.09175596904587768
392852000.0,0.16903462912156297,13605811.0,0.1441176073106517
54043520.0,0.9229371054117996,1891264.0,0.8810288052878472
41436468.0,0.9534819695717421,1486116.875,0.906514850362478
38601268.0,0.9537387668352746,1328977.875,0.9163997752155858
37437452.0,0.9560899945424018,1286505.875,0.9190715036771195
36802608.0,0.9579167050109244,1271377.625,0.9200231609484029
