loss,r2,loss_test,r2_test
384901760.0,0.056802865770576694,14585534.0,0.08248739583725295
39850804.0,0.9336143720105892,1409716.875,0.9113208317857947
