loss,r2,loss_test,r2_test
38042296.0,0.9460533656651591,1475075.375,0.9072094182592745
33349108.0,0.952560279723894,1367442.25,0.91398015592152
31607770.0,0.9537339502452493,1274934.25,0.9197994198956334
31008452.0,0.9515674599249518,1290532.125,0.918818238015704
