loss,r2,loss_test,r2_test
36079664.0,0.9359398494812727,1338945.25,0.9157727825328906
38418600.0,0.925255951826008,1421423.125,0.9105844513982579
35241132.0,0.9368810149555604,1320282.0,0.9169467936190621
