loss,r2,loss_test,r2_test
417717408.0,0.07135451007926585,14634899.0,0.07938211208589407
107980056.0,0.6856414145314598,3655047.5,0.7700768503769947
80958048.0,0.8346281045273406,2396622.25,0.8492389149687993
66183508.0,0.8886033628646319,1739234.75,0.8905923026219589
60629292.0,0.8931118756124897,1517334.5,0.904551080402239
62046336.0,0.8834044772346324,1574290.5,0.9009682238033698
57810044.0,0.9171388066881637,1392984.25,0.912373408471244
