loss,r2,loss_test,r2_test
403347616.0,0.027417659089700397,15268070.0,0.03955194109650062
382080256.0,0.05579991018806263,14452702.0,0.09084332584550736
94204216.0,0.6658735697865915,3629174.0,0.7717044237280499
54818780.0,0.8612051340973355,2146340.75,0.8649830145163644
35803672.0,0.9435568065524147,1409364.75,0.9113429827248194
