loss,r2,loss_test,r2_test
341410368.0,0.19103720477895159,12367684.0,0.2220027429257746
90090608.0,0.7384162522887665,3177353.0,0.8001265182638903
41302996.0,0.911887728542205,1452048.0,0.9086579732573609
37944508.0,0.9309359332914847,1304396.375,0.9179460897532736
