loss,r2,loss_test,r2_test
376517504.0,0.06799450522336103,14633309.0,0.0794820684586609
48024004.0,0.8524705147769334,1925603.375,0.8788686645969688
28753620.0,0.9373275259784788,1307073.625,0.9177776688571007
27544994.0,0.9483242697444508,1243320.125,0.9217881357075226
