loss,r2,loss_test,r2_test
274207936.0,0.9557819115853651,1218794.5,0.9233309242498112
260125584.0,0.965695805738341,1126716.25,0.9291231733448855
