loss,r2,loss_test,r2_test
254370512.0,0.9541733890894081,1230637.625,0.9225859369316494
