loss,r2,loss_test,r2_test
20401326.0,0.9620726029915789,1588403.25,0.9000804568309761
18648802.0,0.9787351968726511,1465638.25,0.9078030667223503
