loss,r2,loss_test,r2_test
13848290.0,0.9603118633532499,1313698.75,0.9173609147149528
13661652.0,0.9515045041809153,1306731.875,0.9177991868282735
