loss,r2,loss_test,r2_test
32996156.0,0.9595997771099336,1211828.625,0.9237691323280842
32773388.0,0.9639021408534794,1177665.875,0.9259181587563649
30048186.0,0.9670296145518604,1099607.25,0.9308284883129406
24021212.0,0.9773804223712498,898701.25,0.9434666131719118
16612804.0,0.9881986203135115,640278.0625,0.9597228906244165
16553328.0,0.9833215814507853,672023.9375,0.9577258938919556
