loss,r2,loss_test,r2_test
2378735.0,0.9313339482203856,1290342.75,0.9188301459572226
2345875.0,0.9306797799822096,1210338.75,0.9238628413200972
2269455.0,0.9324909162205598,1218480.375,0.9233506941544343
2110908.0,0.9384550746692127,1130657.625,0.9288752382441307
1855108.375,0.9446227262884189,1077803.75,0.9322000561688979
