loss,r2,loss_test,r2_test
38637396.0,0.901511262438506,1274787.0,0.9198086882742749
37278100.0,0.9125266475519591,1267878.5,0.9202432754673806
27319634.0,0.926525775292857,1069024.5,0.9327523131116873
28121688.0,0.9241740622020574,1167350.5,0.9265670496319517
