loss,r2,loss_test,r2_test
67367072.0,0.9561159790981213,1184278.25,0.925502204633237
55811576.0,0.9631534011932209,1043966.6875,0.9343285919423293
