loss,r2,loss_test,r2_test
4758160.0,0.8553903795717654,1229789.125,0.9226393205416471
4257876.0,0.8769213863567431,1308981.125,0.9176576901045217
3157432.5,0.9165538136259278,1151881.125,0.9275401667867408
1379243.75,0.9730370251413731,818482.5,0.9485128201540168
