loss,r2,loss_test,r2_test
3563449.0,0.9258405159390973,1256060.875,0.9209866623038081
1510726.625,0.9728065699325422,771295.75,0.9514811335812303
