loss,r2,loss_test,r2_test
4480092.5,0.9518503985747796,1450195.625,0.9087744930159931
4133664.5,0.9592390030787517,1408762.625,0.9113808603184764
2481313.75,0.9664300457188593,1082491.0,0.9319051993070309
1146094.625,0.9800899947400792,828499.125,0.9478827155094033
