loss,r2,loss_test,r2_test
2516595.0,0.9715442911834166,1148318.75,0.9277642587899818
