loss,r2,loss_test,r2_test
5026363.5,0.9501614804517698,1356634.125,0.9146600372797216
3263817.0,0.9822383916715942,820461.1875,0.9483883496997079
