loss,r2,loss_test,r2_test
72900608.0,0.9290097678972696,1293195.5,0.9186506950473968
68152320.0,0.9360467345427426,1242459.75,0.9218422547245695
52735776.0,0.9521644551905699,1010715.6875,0.9364202705260042
45942124.0,0.9459863371332689,877230.5625,0.9448172407996704
27750530.0,0.9546067880822451,596151.0625,0.9624987270551851
