loss,r2,loss_test,r2_test
19549858.0,0.9679758728816211,1299188.375,0.9182737006003733
