loss,r2,loss_test,r2_test
13826243.0,0.9540720629656603,1213141.125,0.9236865602642592
