loss,r2,loss_test,r2_test
64509540.0,0.7757031255188905,4338007.0,0.7271148199007451
18598812.0,0.9610234553563415,1258686.75,0.920821482229966
21715098.0,0.962281435552136,1572823.75,0.9010604943572612
