loss,r2,loss_test,r2_test
28291404.0,0.9273672922304558,1340874.0,0.9156514460146309
27501502.0,0.9310084603855994,1317276.125,0.917135883944219
