loss,r2,loss_test,r2_test
69069200.0,0.4659475719506565,4550503.0,0.713747633779208
21882546.0,0.9259737226859155,1277942.875,0.9196101599452171
21900542.0,0.9372483714444388,1217226.375,0.9234295779633336
