loss,r2,loss_test,r2_test
17603654.0,0.9448861109078619,1374818.375,0.9135161590328393
