loss,r2,loss_test,r2_test
57623192.0,0.8818159339643518,2863395.5,0.8198762405425507
52997636.0,0.8825922741072254,2102092.5,0.8677665079806768
49512820.0,0.8952182894535444,1898951.0,0.8805452526156144
