loss,r2,loss_test,r2_test
869070656.0,0.16390983436455475,12619867.0,0.20613900927944273
90155456.0,0.9145536537987032,1274951.375,0.9197983497411614
84043816.0,0.9298918375455929,1206562.0,0.9241004320188618
82209152.0,0.9322844745257108,1181136.75,0.9256998166274997
82236752.0,0.9287656053007195,1193086.0,0.9249481388184492
46490976.0,0.9597265827086991,692977.9375,0.9564077690393413
