loss,r2,loss_test,r2_test
6770442.0,0.9338193652539698,1227746.25,0.9227678197057199
6744352.0,0.9358120445288263,1226943.875,0.9228182928557846
6336493.5,0.9377759397063423,1203066.25,0.9243203272792417
5352230.0,0.9486105691025032,1067434.25,0.9328523530006061
5088372.0,0.9480324792729649,1013207.0,0.9362635482044881
