loss,r2,loss_test,r2_test
45187316.0,0.9209231606333792,1236994.0,0.9221860824019295
41934548.0,0.9211612006271335,1176207.75,0.9260098834760995
46964852.0,0.9159675647706482,1288911.875,0.9189201531645119
29496230.0,0.9452681150594453,896915.4375,0.9435789498610518
28526090.0,0.9533449888234572,885555.375,0.9442935602050626
21227908.0,0.9661185665263138,689607.125,0.9566198127636361
20346854.0,0.9624557479482815,638120.375,0.9598586224921779
17710404.0,0.9677130728034584,562008.9375,0.9646464575816635
26231732.0,0.9568978923547932,726271.3125,0.954313426489523
