loss,r2,loss_test,r2_test
53391900.0,0.9548747223557588,1194016.875,0.9248895877686806
48946660.0,0.9651576170097127,1127579.5,0.929068868840995
42471356.0,0.9624881088188971,1043666.25,0.934347493161106
36941484.0,0.9664791211317917,936517.9375,0.9410877247392041
34500360.0,0.9589581936094196,869954.0,0.9452749733912091
38204136.0,0.9741924791929721,965298.0,0.9392772998500536
22741672.0,0.9744059474226213,613420.6875,0.961412368866494
22360566.0,0.9825139198360665,628620.75,0.9604561984321947
18078810.0,0.9744546413711562,512036.125,0.9677900311184345
