loss,r2,loss_test,r2_test
55147464.0,0.97804684660541,1190501.625,0.9251107169484932
57005344.0,0.9752466903623016,1240818.625,0.9219454933149908
46266720.0,0.9772254747553221,1093734.0,0.9311979554064216
40907504.0,0.9797398440570055,983904.9375,0.938106824227636
32231516.0,0.973649744027005,786767.375,0.9505078847743214
43502520.0,0.9453531085364505,1026321.875,0.9354385540246681
28875418.0,0.959132833979194,728569.0,0.9541688853961623
23172900.0,0.9586608037357249,604044.8125,0.962002165414076
20512326.0,0.9787825898006579,541449.875,0.9659397415654134
