loss,r2,loss_test,r2_test
42225796.0,0.9413249029791133,1205714.875,0.9241537190421198
39674428.0,0.9339294323380348,1161608.875,0.9269282305377536
40150048.0,0.9533969049163301,1197759.875,0.92465413081253
34540424.0,0.9629715782452011,1035074.375,0.9348879658578141
27965118.0,0.9580992648247323,814488.4375,0.948764067956562
26299460.0,0.9596649751140268,723693.125,0.9544756116268934
21674190.0,0.9706665061763398,618817.5625,0.9610728770090777
19692024.0,0.9712503538465951,558133.5625,0.9648902396427579
17505630.0,0.9708716289682737,546806.875,0.9656027572371708
