loss,r2,loss_test,r2_test
44901144.0,0.9068872769529301,1265024.375,0.9204228106188181
40847512.0,0.9152472442416645,1149282.0,0.9277036603630235
39005688.0,0.9134921160321479,1092826.625,0.931255028530975
33403620.0,0.9158170222534422,917428.4375,0.9422885595837628
26231696.0,0.9392275198897024,747756.5625,0.9529618876330382
32595144.0,0.9051806323750461,900990.25,0.9433226168320978
18292186.0,0.9593973442958086,625739.3125,0.9606374575626233
16611535.0,0.9594818013714475,580343.6875,0.9634931014982504
15367658.0,0.9620422165877056,551753.875,0.9652915599467231
