loss,r2,loss_test,r2_test
50302288.0,0.9518763194420757,1195576.875,0.9247914561004702
58931116.0,0.962339163248788,1392454.125,0.9124067571814583
45164900.0,0.9679432526303655,1088043.75,0.9315558964568544
37551504.0,0.9482193568194277,914919.875,0.9424463714888125
38764244.0,0.9790487153304893,983688.75,0.9381204098690052
27170116.0,0.9778193610893189,704107.375,0.9557076674777628
37640460.0,0.931533248703689,866512.375,0.9454914763547175
23301272.0,0.9664065658956088,584708.0,0.9632185616298407
24963276.0,0.96902003519676,610588.0625,0.9615905587006326
