loss,r2,loss_test,r2_test
49838896.0,0.9112672099827446,1337275.75,0.9158777915903182
42884728.0,0.9147954876600861,1196836.5,0.9247122142670752
35142312.0,0.92913604503283,974513.375,0.9386975960998434
25436120.0,0.9384837252108658,720487.625,0.9546772527487364
