loss,r2,loss_test,r2_test
51471796.0,0.9568898773909678,1008507.9375,0.9365591457201903
25212426.0,0.9789480246101926,595537.625,0.9625373169513303
33853988.0,0.9611892240801467,677940.6875,0.9573536956358878
