loss,r2,loss_test,r2_test
54608584.0,0.9175803512102432,1407318.25,0.9114717176224885
34879612.0,0.983622782809261,772076.5625,0.9514320172436745
31978240.0,0.9850749920390461,752973.625,0.9526337022780509
