loss,r2,loss_test,r2_test
63713080.0,0.9700072364242867,1247737.375,0.921510263418266
42440864.0,0.9559837366580667,900427.75,0.9433580041445918
38752072.0,0.968638757340651,812025.1875,0.9489190259184392
