loss,r2,loss_test,r2_test
43110080.0,0.9540347073646329,1036889.125,0.9347738177707446
29812696.0,0.96214802960482,777005.75,0.951121942478178
21919700.0,0.9748600305783777,575892.1875,0.9637731215658651
