loss,r2,loss_test,r2_test
43021256.0,0.9410673518185516,1269098.125,0.9201665591378864
39574972.0,0.9532869693301602,1198871.625,0.9245841897049698
