loss,r2,loss_test,r2_test
4477942.0,0.9672265330853251,699591.5625,0.9559917312666278
