loss,r2,loss_test,r2_test
98935496.0,0.8830716665769381,1117701.75,0.9296902398594781
54042536.0,0.9283113151258454,653918.3125,0.9588648379022093
