loss,r2,loss_test,r2_test
65881160.0,0.9747753702332753,873975.9375,0.9450219727552788
