loss,r2,loss_test,r2_test
34968416.0,0.5984714760408838,6698791.0,0.5786081707649575
6950624.5,0.9121768350971186,2307253.25,0.8548607149852236
1923467.625,0.9716426901663604,994218.9375,0.9374580103434933
