loss,r2,loss_test,r2_test
5250084.5,0.8982008111164265,1243358.75,0.921785697520061
