loss,r2,loss_test,r2_test
103073408.0,0.8766849275810816,1573686.625,0.9010062108177486
74357984.0,0.9337240733922207,1202775.125,0.924338646665414
72251608.0,0.9424928378041431,1232807.75,0.9224494172150925
65092316.0,0.9529113567173862,1095278.125,0.9311008137498896
56798972.0,0.95004445447546,931545.0625,0.9414005435373626
51173064.0,0.9644477258357539,875211.4375,0.9449442493584026
42672280.0,0.973711140523618,741739.875,0.9533403660018887
36086724.0,0.9771271400227778,646801.875,0.9593125086940066
