loss,r2,loss_test,r2_test
46204600.0,0.9208552403399242,1447498.75,0.9089441429895593
41381916.0,0.9350535782977402,1226927.0,0.9228193551634458
40697208.0,0.9376312301613695,1198358.5,0.9246164711269753
45164384.0,0.9224144016896731,1294683.0,0.918557112153916
39405704.0,0.9393353853956378,1134864.375,0.9286106042089739
38944192.0,0.9436273606193533,1143380.5,0.9280748994458982
35930360.0,0.9439737306363307,1027283.875,0.9353780427427488
