loss,r2,loss_test,r2_test
46252336.0,0.9367890898251782,1659237.875,0.8956245594388167
32430366.0,0.962152317102114,1185774.5,0.9254080818522558
30295788.0,0.9643137173171175,1124358.5,0.9292714954762933
29895962.0,0.9605748720980238,1124049.125,0.9292909561984993
29196638.0,0.9643664232085579,1087008.0,0.9316210473392279
28578880.0,0.9657220277725892,1070929.25,0.9326324880441907
27446396.0,0.9684003067899883,1022141.75,0.9357015060227474
26898142.0,0.9672154018016037,1003863.0625,0.9368513349172282
