loss,r2,loss_test,r2_test
336205024.0,0.12950008910024924,14385270.0,0.09508515262669404
45597504.0,0.9228163309416921,1975425.25,0.8757345838115713
32982566.0,0.9369797948845315,1418157.125,0.9107898990547333
30908750.0,0.9445111986214789,1324933.5,0.9166541852451655
32301152.0,0.9651959630395235,1365602.75,0.9140958673573231
