loss,r2,loss_test,r2_test
45208356.0,0.7785345408273472,1797024.0,0.8869570279384398
37286408.0,0.8248707170576415,1447310.625,0.9089559851091001
37316844.0,0.8281570091296213,1435688.0,0.909687114329942
31568984.0,0.8655044755487585,1253178.5,0.921167982462624
