loss,r2,loss_test,r2_test
43167772.0,0.9479846420317212,1909194.875,0.879900849601263
34969516.0,0.9303151361241608,1453349.875,0.9085760747813029
29510586.0,0.9764671700018555,1271578.625,0.9200105203574117
28498088.0,0.9733508105361495,1227168.375,0.9228041651076776
