loss,r2,loss_test,r2_test
22610726.0,0.9724180498715128,591189.4375,0.9628108407174245
18901042.0,0.9873826519579436,466339.78125,0.970664591059597
16767841.0,0.9903642090313023,396711.40625,0.9750446106426033
13279856.0,0.9833029584131985,359214.09375,0.9774033988182859
