loss,r2,loss_test,r2_test
83076664.0,0.8613045890393125,1320351.125,0.9169424505297572
23152696.0,0.9514888559159732,564487.0625,0.9644905702124693
30063776.0,0.9880475068155196,757063.5,0.9523764248730641
14276876.0,0.9844443889393208,385693.0,0.9757377289167627
16956316.0,0.9742717255661891,410703.03125,0.9741644563691377
