loss,r2,loss_test,r2_test
533596800.0,0.9792090379334784,974724.6875,0.9386843043289661
331128992.0,0.9763065327614151,600911.9375,0.9621992435245587
306249376.0,0.9724974315346318,549098.5,0.9654585992643763
350829728.0,0.9965485566138474,630454.1875,0.9603408685556436
399571488.0,0.9818931397680958,734167.1875,0.9538167296233199
281119520.0,0.9931072834024544,521373.0,0.967202690426405
274183936.0,0.9861897713135839,517307.625,0.9674584258781838
259487008.0,0.9920661357786288,488498.5,0.9692706830670614
