loss,r2,loss_test,r2_test
640695232.0,0.7248523334546145,1059909.25,0.9333257113939691
562588416.0,0.7053049117121786,955491.75,0.9398941643403291
477821440.0,0.80121423060941,823446.1875,0.9482005784984154
354129056.0,0.8208094129022638,620233.375,0.9609838111968179
382524832.0,0.8845570782721661,678569.875,0.9573141224592646
