loss,r2,loss_test,r2_test
27661184.0,-0.27998759081212876,15694900.0,0.012701975244468033
1619100.0,0.9461205849201881,1174998.75,0.9260859347316477
