loss,r2,loss_test,r2_test
2070951.25,0.9607553872238521,1200109.75,0.9245063075993138
