loss,r2,loss_test,r2_test
3157602.0,0.9371925113546712,1278828.25,0.9195544702340627
2866844.25,0.9405146616599901,1197142.25,0.9246929911062761
