loss,r2,loss_test,r2_test
195175952.0,0.11614678244986498,13726835.0,0.1365044275554519
