loss,r2,loss_test,r2_test
173570464.0,0.2205620100196869,12082875.0,0.23991884409442865
