loss,r2,loss_test,r2_test
25752966.0,-0.142622192591652,14839867.0,0.06648841785844295
2221247.5,0.9421341588896167,1250308.875,0.921348489154473
2190235.0,0.9448162675963268,1227891.375,0.9227586916739503
2004626.25,0.945083313681204,1180793.75,0.9257213966415136
