loss,r2,loss_test,r2_test
113516536.0,0.8631536169417788,1632016.625,0.8973369288675809
96598736.0,0.9053430416267212,1251654.625,0.9212638492889259
