loss,r2,loss_test,r2_test
10588040.0,0.6863560990286346,3948967.75,0.7515876084197523
2105673.0,0.9385560815033949,1233607.75,0.9223991103922881
2032231.5,0.9473888570037841,1327447.0,0.9164960871998662
