loss,r2,loss_test,r2_test
7265250.0,0.8054466905002872,1897669.0,0.8806258957714189
5374135.0,0.8461821050054813,1280122.5,0.9194730539450983
