loss,r2,loss_test,r2_test
80512888.0,-0.5867844193434097,31083592.0,-0.9553337305719956
2687875.5,0.9424906808680501,1416830.25,0.9108733665791525
2375923.25,0.9536719272133996,1279521.625,0.9195108624395871
2458660.0,0.9593805569015754,1229947.0,0.9226293753706739
2217750.5,0.95989322781658,1196642.875,0.9247243921522639
