loss,r2,loss_test,r2_test
4145343.5,0.9283741192935007,1341526.5,0.9156103974310165
