loss,r2,loss_test,r2_test
32813416.0,0.9604690145113866,954306.6875,0.9399687156582782
