loss,r2,loss_test,r2_test
21117028.0,0.9559923863665246,669383.5625,0.9578919878086889
