loss,r2,loss_test,r2_test
39484528.0,0.9399122343057009,1049648.25,0.9339711945478617
