loss,r2,loss_test,r2_test
54890736.0,0.9554670926391238,1215078.625,0.9235646875621956
16070384.0,0.9749394890790618,492343.09375,0.9690288351731317
14141184.0,0.9818589024076165,484485.09375,0.9695231489641676
