loss,r2,loss_test,r2_test
51883820.0,0.9695369930735758,1166802.125,0.9266015468302433
28976440.0,0.9758055682616655,807389.375,0.9492106454016922
