loss,r2,loss_test,r2_test
51592204.0,0.9512447688147772,1210687.5,0.9238409164203226
43785500.0,0.9503134912338789,1105430.75,0.9304621529096972
29305644.0,0.9531937608780456,810724.5,0.9490008476344943
15134045.0,0.9817151914918816,508949.96875,0.9679841694616612
