loss,r2,loss_test,r2_test
67320648.0,0.9525840666090212,1350609.625,0.9150390217886337
71662112.0,0.9541106199072861,1536515.0,0.903344520085688
