loss,r2,loss_test,r2_test
73572984.0,0.95104522878076,1297055.875,0.918407849357683
72517536.0,0.9520815601214971,1261486.75,0.9206453452237984
50392488.0,0.9639364244375065,923688.3125,0.9418947841055635
42562896.0,0.9758452962933071,777555.3125,0.9510873754343823
