loss,r2,loss_test,r2_test
151771504.0,0.9647053912178483,1282128.5,0.9193468700648723
97916328.0,0.9844332784650024,973195.4375,0.9387805046402165
