loss,r2,loss_test,r2_test
107116616.0,0.9232593570996676,1189383.0,0.9251810766753678
100154296.0,0.8833315282508809,1146966.75,0.9278492956769132
80609376.0,0.9134973946373242,960168.1875,0.9395999948719171
