loss,r2,loss_test,r2_test
47826720.0,0.9044773003755046,1498831.5,0.9057150241667259
43755504.0,0.92520702933164,1307061.25,0.9177784489566878
46490044.0,0.930620016635529,1292521.125,0.9186931124214612
41661268.0,0.9342933080860254,1197389.25,0.9246774461844879
