loss,r2,loss_test,r2_test
44090568.0,0.9247654092956351,1297230.375,0.9183968693255589
44781604.0,0.9157975540450464,1338726.375,0.9157865376676049
41022176.0,0.9403671551600837,1230059.75,0.9226222836721528
37023136.0,0.9451719539682355,1175478.375,0.9260557591667419
