loss,r2,loss_test,r2_test
32182724.0,0.9493181731756003,1260820.25,0.9206872820240796
31481346.0,0.953322824395178,1236537.375,0.9222147989691624
32093820.0,0.9509539820454084,1231152.375,0.9225535483650809
30564158.0,0.958361239207971,1192755.125,0.9249689515378902
