loss,r2,loss_test,r2_test
50404000.0,0.893722529799104,1416600.125,0.9108878410385189
44411652.0,0.903688564015771,1274484.875,0.9198276924383174
46158948.0,0.9085789524532337,1387910.125,0.9126926094695803
38992484.0,0.9178727731533586,1214637.75,0.9235924131619113
