loss,r2,loss_test,r2_test
29868720.0,0.9487592288606352,1258243.125,0.9208493903943229
29166368.0,0.9476329129351275,1234194.5,0.9223621835207695
29219228.0,0.9502771827116996,1247056.125,0.9215531186131003
28128578.0,0.9508383571332046,1195471.0,0.9247981147487606
