loss,r2,loss_test,r2_test
37892896.0,0.9205369450694717,1281084.25,0.9194125534543272
37906048.0,0.9300472691072429,1229639.375,0.9226487314626908
37599512.0,0.9333244120580805,1215285.5,0.9235516693549601
36760452.0,0.9375942629336055,1186485.125,0.9253633816618465
