loss,r2,loss_test,r2_test
119195144.0,-0.0062867443678324975,15158827.0,0.04642405923078208
9520737.0,0.9101338762362792,1317227.75,0.9171389307406391
8698505.0,0.9107887321174671,1217995.375,0.9233812116913398
9028520.0,0.8995818906743736,1283248.75,0.9192764032450063
8111849.0,0.9117845074878358,1168945.5,0.9264667241011761
7405876.0,0.9251779914785885,1065727.625,0.9329597071480162
6666042.0,0.9243119973158272,952952.5625,0.9400538873297271
5778627.0,0.9202479692520034,828876.75,0.9478589636214162
5457201.0,0.9239814920843661,734158.3125,0.9538172902565171
