loss,r2,loss_test,r2_test
120576040.0,0.044106723545481175,15040693.0,0.053855302548172945
9215339.0,0.9576457057898402,1404935.125,0.911621637304549
8498303.0,0.9525049845098903,1251853.875,0.9212513183501644
8094937.5,0.9519801835944857,1256805.625,0.9209398153915612
7565015.0,0.9481217266930417,1206292.375,0.9241173845677404
6687964.0,0.9598439799781266,1209195.5,0.9239347653359186
5532167.5,0.9640803905331279,1031555.9375,0.9351092980648049
5040656.5,0.9680954261674563,916640.875,0.9423381083594476
5129888.5,0.9592556586930034,835124.375,0.9474659501252684
