loss,r2,loss_test,r2_test
257340496.0,0.9206504875702097,1494361.125,0.9059962322251616
205689648.0,0.9788796267546225,1226179.0,0.9228664057310199
226445104.0,0.9531514289087376,1370357.125,0.9137967861606258
188409280.0,0.9690180449170777,1142265.25,0.9281450541775675
172170736.0,0.9734120494979615,1052580.0,0.9337867680451684
170086544.0,0.9729025551948149,1062213.25,0.9331807811395847
156436192.0,0.9797297416342423,934182.375,0.9412346473011524
124052824.0,0.9806131381060017,797510.5,0.9498320758072931
100068712.0,0.9799053297822398,635402.0,0.960029619577206
