loss,r2,loss_test,r2_test
214342752.0,0.32424307228350335,1285982.25,0.9191044448724706
200762688.0,0.4226623627079601,1231712.25,0.922518336846642
195686208.0,0.6688435335265039,1229060.375,0.922685150076531
187152576.0,0.4621143326760965,1159784.0,0.9270430318765994
211902240.0,0.28690148592073106,1296452.0,0.9184458387787408
148533440.0,0.7061785279173847,951306.375,0.9401574512559627
146518544.0,0.6543781708517618,932439.5,0.9413442777607067
106105392.0,0.7471002798425023,700992.625,0.9559035990002287
95748952.0,0.8323349653963784,649706.125,0.9591298110660036
