loss,r2,loss_test,r2_test
217444848.0,0.9552531320485198,1259413.125,0.9207757927660073
211943936.0,0.966777226096149,1226738.875,0.9228311915207736
214742992.0,0.9588544791510349,1253960.75,0.9211187798279957
196031888.0,0.9777246845676468,1153594.0,0.9274324031849526
207704816.0,0.9599003777348063,1229309.375,0.9226694895177843
195208864.0,0.9628005001378105,1157457.75,0.9271893649894714
154485584.0,0.9698446122442755,917294.4375,0.9422969952704621
157863840.0,0.9722472393775401,933080.8125,0.9413039374116192
108701040.0,0.9738312796608477,657405.75,0.9586454616207042
