loss,r2,loss_test,r2_test
105473848.0,0.046932830070351095,15277085.0,0.03898496287617437
4677270.0,0.9916959697418873,1319276.625,0.9170100406340673
5066850.5,0.9889113006635761,1267490.25,0.9202676966181469
4502685.0,0.9928500967563155,1233924.125,0.922379194451308
4389111.5,0.9916051144841628,1209510.625,0.9239149467274307
4064333.0,0.9914791083537949,1176141.375,0.9260140531415071
3560267.25,0.9914607098487843,1079715.75,0.9320797752422594
3494032.75,0.9852296061848463,1004246.875,0.9368271861101153
2330387.0,0.9956488389718553,784014.6875,0.9506810385235547
