loss,r2,loss_test,r2_test
206954160.0,0.9717517325517658,1441583.875,0.9093162125372004
168985776.0,0.9576167391337667,1197091.75,0.9246961640371233
164410272.0,0.9612799475405625,1182259.25,0.9256292071733017
183650320.0,0.9478268457231361,1275916.0,0.9197376659405242
149668336.0,0.9664488285628128,1077208.5,0.9322374925054655
130844176.0,0.9766743390605326,935827.0625,0.9411311895485845
113584400.0,0.9739792048552343,809685.9375,0.94906617807544
124572920.0,0.9821235198206348,860806.0,0.9458504390247878
92894760.0,0.9819709745905905,665573.5,0.9581316648192076
