loss,r2,loss_test,r2_test
18429844.0,0.9931906072905612,490474.0625,0.9691464042827466
17219372.0,0.9922873660657686,479404.0,0.969842778081496
15032998.0,0.9948544163253062,475223.9375,0.9701057269343858
14286311.0,0.994740692287499,457476.875,0.9712221187653248
12810591.0,0.9926281955110315,465560.90625,0.9707135873965698
18949886.0,0.9929557775874335,526641.1875,0.9668712897631864
