loss,r2,loss_test,r2_test
26042676.0,0.9771233032379062,631351.5,0.9602844201118378
21114104.0,0.9661208231318833,569803.5625,0.9641561350478852
17637834.0,0.9732283880532981,509861.125,0.9679268502327039
16597852.0,0.9791118995813444,464007.9375,0.970811278348611
17346618.0,0.9725259434144078,482990.1875,0.9696171860893035
16941522.0,0.9774979063531627,479574.90625,0.969832028080325
