loss,r2,loss_test,r2_test
36689412.0,0.9699505978195903,763645.25,0.9519623959096754
26100388.0,0.9818458770264269,600612.8125,0.9622180594166699
14084852.0,0.9849137970261863,416275.6875,0.9738139052154087
12627978.0,0.9880424620222228,433493.4375,0.9727308115965381
