loss,r2,loss_test,r2_test
59047580.0,0.9613064953938356,1199891.25,0.9245200546244832
44689356.0,0.9767571128849742,890672.125,0.9439716852885962
20529752.0,0.9845516042153577,526684.6875,0.9668685558965592
17105048.0,0.9834732955304857,480798.375,0.9697550593404932
17834214.0,0.9758255288867589,495098.59375,0.968855501711114
13148010.0,0.9857366341337837,431781.6875,0.9728384890729943
