loss,r2,loss_test,r2_test
56918792.0,0.9443607551028651,1154962.5,0.9273463323057082
53228576.0,0.947784999409401,1080073.625,0.9320572617119183
49067200.0,0.9532224933378128,978677.75,0.938435634735916
40972936.0,0.9537876220792164,861715.0625,0.9457932466325963
