loss,r2,loss_test,r2_test
3823789.75,0.8636873850966252,1416378.0,0.9109018146670212
3411267.25,0.8873074609267365,1293659.0,0.9186215302301834
3340781.5,0.9004227801701982,1254438.5,0.9210887266192902
2999319.25,0.9109809486487541,1195544.5,0.924793490000132
2604628.5,0.933645177284546,1188474.125,0.9252382595665071
2528953.75,0.9265042530537123,1375739.625,0.9134581938495044
