loss,r2,loss_test,r2_test
2678298.25,0.958249356541069,1189116.5,0.9251978540228608
1881712.375,0.9787698745926144,1049664.625,0.9339701550055104
