loss,r2,loss_test,r2_test
1930321.25,0.966840785616262,1006874.875,0.9366618743338964
