loss,r2,loss_test,r2_test
967910.125,0.990827873803319,1002524.1875,0.9369355610506547
962095.5625,0.9873490713808335,993745.6875,0.9374877721290606
717000.4375,0.9898190174256135,837502.25,0.9473163753723725
