loss,r2,loss_test,r2_test
15582705.0,0.922726577215412,1367928.125,0.9139495846463787
11851803.0,0.9386498195659517,1171303.0,0.9263184167110536
10860238.0,0.9442763986322701,1095592.5,0.9310810461810926
8456853.0,0.951247855402863,873403.875,0.9450579614507397
6443406.0,0.9614766946389252,645570.6875,0.9593899509508917
5587305.5,0.9692587082390198,522986.9375,0.9671011676548867
5473603.0,0.9704487182326454,483508.71875,0.969584567389218
5102016.5,0.9712446111741317,451853.1875,0.9715758806631863
5151671.5,0.9700365194579577,437398.9375,0.9724851349730272
