loss,r2,loss_test,r2_test
346803648.0,0.9548628588912811,1162536.25,0.9268698963946909
285138656.0,0.9535282197370932,1016816.6875,0.9360364805415539
245338656.0,0.9420461349295559,899035.0,0.9434456160653605
186978368.0,0.9418623691312629,706127.5,0.9555805865930501
138143968.0,0.9280481901874988,529925.8125,0.9666646755823434
122221896.0,0.921284381268621,478057.125,0.9699275054207767
121960832.0,0.9197042869307795,463544.9375,0.9708404045087083
145583728.0,0.940247877120992,563579.0,0.964547694378085
105668848.0,0.9207064030050798,414427.40625,0.9739301716490938
