loss,r2,loss_test,r2_test
557969152.0,0.09419334715645478,13191072.0,0.1702069532707673
101995920.0,0.8114065852131315,2424013.75,0.847515823904798
60938716.0,0.8909090957811752,1493329.875,0.9060611000974916
74034864.0,0.8794030427867252,1808802.0,0.8862161223688722
49101576.0,0.9153365219948209,1264250.125,0.9204715169752056
48198624.0,0.9168529024379773,1250575.0,0.9213317568592372
64101064.0,0.8995128079737549,1620074.75,0.8980881363129958
47479720.0,0.918752588133157,1242137.25,0.9218625472246772
54088160.0,0.9121611379255499,1403834.375,0.911690878496321
