loss,r2,loss_test,r2_test
598245504.0,0.007238932856037383,13123554.0,0.1744543351545289
128013936.0,0.8756339505743974,2797410.0,0.8240270956790152
70594736.0,0.9534207888379681,1535922.0,0.9033818210797542
59748056.0,0.9453847386340001,1318882.125,0.9170348562197926
68703384.0,0.9640613651310492,1531390.5,0.9036668763614789
60922020.0,0.9689298469169458,1366607.375,0.9140326644915959
64070252.0,0.9676692203202509,1437103.625,0.909598062100066
59168672.0,0.9266920711029066,1328387.875,0.9164368890663647
83127576.0,0.952103093547414,1870345.25,0.882344701262867
