loss,r2,loss_test,r2_test
549702912.0,0.1869254001886852,12662866.0,0.20343415800343378
157671856.0,0.668720448647194,2955221.5,0.8140998552783328
144158240.0,0.6888052045564155,2356832.5,0.8517419210566319
116784792.0,0.792563414165791,1663923.625,0.8953297941422985
117742592.0,0.7976771954768193,1646312.375,0.896437640175991
112889040.0,0.8487354469944905,1538869.125,0.9031964308001691
116470976.0,0.8598533062394593,1600326.375,0.8993304179807704
117092928.0,0.8615954319735925,1627527.25,0.8976193363730599
122203760.0,0.8576875179983647,1766499.625,0.8888771827586393
