loss,r2,loss_test,r2_test
568614016.0,0.10807505907879666,13083146.0,0.17699611916101832
149148096.0,0.7189013318303572,3420719.0,0.7848174285431933
86000104.0,0.8732772069609347,1909308.0,0.8798937389804186
63899808.0,0.9404401772372745,1379542.0,0.9132190113754239
63961548.0,0.9431462016039092,1374721.25,0.9135222635283563
64456424.0,0.9422754794123849,1380241.875,0.9131749851938158
58709768.0,0.9605673586438149,1262509.75,0.9205809992149452
59408932.0,0.9571523443869714,1275386.5,0.9197709820531311
69372008.0,0.940328761595174,1473543.0,0.907305817212131
