loss,r2,loss_test,r2_test
587700032.0,0.07336760697172606,13640567.0,0.14193122214178056
112883968.0,0.8562921249627989,2527019.5,0.8410361780661448
70572928.0,0.9162028948972588,1506672.625,0.9052217749905168
66483696.0,0.9265111263777638,1414250.75,0.9110356247169621
60007232.0,0.9399071079650595,1270926.25,0.9200515600337451
60139584.0,0.9432038584571066,1276438.125,0.9197048235670818
59116544.0,0.9406002408657987,1252407.875,0.921216463965535
63249464.0,0.9449722956984585,1349029.25,0.9151384318689278
59069160.0,0.9399959710001131,1258410.75,0.9208388431884116
