loss,r2,loss_test,r2_test
636029120.0,0.12203892337444999,13151709.0,0.1726831201657688
127050824.0,0.7253667304661622,2561008.5,0.8388980737563329
89120304.0,0.8675121199932231,1859821.25,0.88300672822983
68065240.0,0.9178504493394465,1336242.0,0.9159428188618003
70827904.0,0.9110159156044241,1320951.5,0.9169046844156874
65334024.0,0.9317765499159548,1296100.875,0.9184679247069594
73789712.0,0.91118053416639,1346561.5,0.9152936714229611
68512096.0,0.9347283385651715,1422790.25,0.9104984480544425
64555348.0,0.9375952688621273,1286160.5,0.9190932349386307
