loss,r2,loss_test,r2_test
108393640.0,0.9805521236422379,772596.5,0.9513993144779969
78121704.0,0.972230957322317,589802.3125,0.9628981020988752
