loss,r2,loss_test,r2_test
9242158.0,0.8972101390449353,1246436.5,0.9215920949823131
5312258.5,0.9610225889145781,1004388.875,0.9368182612834131
4587605.0,0.9505015795302303,787767.875,0.9504449493586603
