loss,r2,loss_test,r2_test
234067136.0,0.8493519846158144,1134250.875,0.9286492086637149
192783600.0,0.9186462007686307,1155025.25,0.9273423784633099
