loss,r2,loss_test,r2_test
237004688.0,0.9507886734954076,1382731.5,0.9130183657579668
133909320.0,0.9824373414543085,806241.75,0.9492828362274739
100928504.0,0.9533652721602343,628862.3125,0.9604410037876242
