loss,r2,loss_test,r2_test
10939130.0,0.31764690105754034,1505538.375,0.9052931160327817
5853636.0,0.20414113597912809,1326396.875,0.9165621332937972
2272634.0,0.5946158990345536,675075.0,0.9575339676230145
