loss,r2,loss_test,r2_test
26865400.0,0.9454364052299439,1100642.375,0.9307633720326224
20851006.0,0.9614120173727803,867559.4375,0.9454256030033924
