loss,r2,loss_test,r2_test
4427958.5,0.916016979811934,1325051.5,0.9166467629327826
2959018.0,0.9406208217191938,1091928.5,0.9313115202850917
2232074.25,0.9577409528284053,1060078.0,0.9333150962311481
