loss,r2,loss_test,r2_test
643289280.0,0.9675117387427661,1193096.75,0.9249474650197433
438635424.0,0.9721538164638662,817414.8125,0.948579984840367
422193760.0,0.9782485275508428,800648.3125,0.9496346923616681
300228800.0,0.976613240644539,581924.375,0.9633936655055181
287194656.0,0.9769867446124414,564385.0625,0.9644969882808203
