loss,r2,loss_test,r2_test
40279232.0,0.9235563364786306,1262156.75,0.9206031985087877
36233084.0,0.9077692257336152,1115247.25,0.9298446402999867
19047270.0,0.9545452240145645,756407.375,0.9524176993896801
17433588.0,0.9571861209800469,746791.6875,0.9530225792550027
15112463.0,0.9674426098432649,644599.625,0.9594510395567561
15402464.0,0.9626161974576387,665111.9375,0.9581606957678602
14161378.0,0.9619663829665489,599986.625,0.9622574487535211
