loss,r2,loss_test,r2_test
922041984.0,0.9414784043923823,1388444.75,0.9126589649545916
791645440.0,0.9417965929361344,1231442.0,0.9225353308390196
762746304.0,0.945756134719759,1369677.5,0.9138395425525634
521761472.0,0.9400996150989461,915525.3125,0.9424082866746617
388328768.0,0.9333340468377463,715116.5,0.9550151299508451
461385664.0,0.9416573275886005,860783.4375,0.9458518513917878
373838464.0,0.9042568630178572,714847.4375,0.9550320565060093
254544944.0,0.9255277891405839,498940.0625,0.9686138490402944
