loss,r2,loss_test,r2_test
15241442.0,0.9247068674992567,1303056.625,0.9180303749079511
15361143.0,0.919590001989528,1225668.875,0.9228984959365465
