loss,r2,loss_test,r2_test
13870802.0,0.9437737059740312,1255948.375,0.9209937459950213
