loss,r2,loss_test,r2_test
15356102.0,0.9055252667223189,1488449.25,0.9063681203779443
14813479.0,0.9505716989000909,1304815.0,0.9179197561816433
13237462.0,0.9560876331292824,1193135.625,0.9249450229484729
12315621.0,0.9633182535103239,1114624.625,0.9298838071153585
