loss,r2,loss_test,r2_test
21496936.0,0.9244141985715291,1456296.75,0.9083906940730864
13454777.0,0.9569290370907862,1130830.625,0.9288643564374028
12403002.0,0.9660806916916512,1120660.125,0.9295041421711938
