loss,r2,loss_test,r2_test
14550952.0,0.9613976266705533,1216014.5,0.923505807734296
13521584.0,0.9656416279552043,1122076.5,0.9294150421887533
11784978.0,0.9622034901196308,1013192.5625,0.9362644596800607
