loss,r2,loss_test,r2_test
20161832.0,0.9496680182074928,1256947.25,0.9209309109721964
19416384.0,0.9548001538036398,1249943.25,0.9213715050248488
18043978.0,0.9602182794964387,1159743.625,0.9270455712989661
16924398.0,0.96124309948679,1074924.0,0.9323812023585628
