loss,r2,loss_test,r2_test
101229856.0,0.9021552404214339,1241541.75,0.9219000076726609
112544544.0,0.8823964173526501,1395256.625,0.9122304655924239
87133048.0,0.945627886398011,1100085.5,0.9307984088093487
82538048.0,0.9442597132848746,1052151.125,0.9338137374870192
