loss,r2,loss_test,r2_test
116484336.0,0.9241962158325004,1359429.875,0.9144841656241404
107511608.0,0.953912779696681,1258121.625,0.920857031558424
92943104.0,0.9452505608527172,1149825.625,0.9276694586678055
81718904.0,0.9660781906075817,1045509.0,0.9342315728015719
