loss,r2,loss_test,r2_test
136411968.0,0.8136328797576237,1352219.0,0.914937782001405
120092456.0,0.8344275340267702,1283099.5,0.9192857830226255
109168056.0,0.8258326835368,1236123.625,0.9222408406906193
117975432.0,0.7838167954599952,1373999.5,0.913567659598968
