loss,r2,loss_test,r2_test
139762832.0,0.9621770893390605,1460734.625,0.9081115250498392
124926832.0,0.9648964333936341,1262434.875,0.9205857103583516
128728896.0,0.9552192117953047,1216869.875,0.9234520051781212
101566360.0,0.9569269026137495,1055351.625,0.9336124182236065
