loss,r2,loss_test,r2_test
115943696.0,0.6570006351508182,1228183.375,0.9227403123240443
143131184.0,0.5987974001783717,1587653.125,0.9001276430636207
93813016.0,0.654445458340287,1092455.375,0.9312783802864174
84238720.0,0.6734299436877564,998540.0,0.937186186790874
