loss,r2,loss_test,r2_test
247512928.0,0.8829277281108836,1262152.625,0.9206034688913338
234099568.0,0.8811870696569113,1207952.375,0.924012967253772
227457696.0,0.8849505505547063,1178399.0,0.9258720385814023
218502208.0,0.8919336466788577,1149788.125,0.9276718309794758
255326048.0,0.9046694160853531,1363793.5,0.9142096807338201
