loss,r2,loss_test,r2_test
7865412.5,-0.0671431397773441,1288473.875,0.918947702118419
6563307.0,0.2410652974162666,1234151.0,0.9223649262418644
6078445.5,0.3607566729402787,1218009.125,0.923380340768028
7257694.5,-0.0038394659761913363,1324109.75,0.9167060090011796
