loss,r2,loss_test,r2_test
210491728.0,0.9685504068557443,1225530.25,0.9229072185396918
213362032.0,0.9702124634363788,1242581.125,0.9218346233363547
204027152.0,0.9639395111861617,1202130.75,0.9243791793604201
190404736.0,0.9769094963015392,1124383.625,0.929269912429575
