loss,r2,loss_test,r2_test
271554816.0,0.9597861221850315,1457337.875,0.9083252026992439
254451136.0,0.9684561614817252,1248464.125,0.9214645436543686
237671328.0,0.9767443703347702,1187442.125,0.9253031831035505
222837008.0,0.9771630215703494,1121028.0,0.9294809993979044
