loss,r2,loss_test,r2_test
41249232.0,0.03166756574077101,13632449.0,0.14244190977355198
