loss,r2,loss_test,r2_test
296309120.0,0.06459318610474629,13901546.0,0.12551412408874196
28511818.0,0.9254181243389313,1281301.375,0.9193989047698989
27580088.0,0.9252314861183946,1242604.125,0.9218331649179891
