loss,r2,loss_test,r2_test
5463806.5,0.7069840066637736,1715324.125,0.8920964181408855
5886144.0,0.6770772396704878,2157861.75,0.8642582911866943
3579429.5,0.8023544889432691,1354157.375,0.9148158419156999
3140295.5,0.8318114996689927,1242810.375,0.9218201969233049
3196762.0,0.8294975821807202,1409165.0,0.9113555547444294
