loss,r2,loss_test,r2_test
2876834.75,0.8607791927070948,1794413.25,0.8871212610632375
2119313.0,0.8982572344509184,1341086.0,0.9156381142371752
