loss,r2,loss_test,r2_test
6428615.5,0.6829847791484296,2858628.25,0.8201761211511681
3250218.5,0.8516495949236501,1685107.375,0.8939972102166
1907715.75,0.9393621807775171,1327175.375,0.9165131741786293
