loss,r2,loss_test,r2_test
170607600.0,0.5593850524074442,7283493.0,0.541827125260871
48461624.0,0.908791422076106,1335498.25,0.9159896002605309
