loss,r2,loss_test,r2_test
61781656.0,-0.9764566122766307,31126204.0,-0.9580142443746009
16719036.0,0.4597347412179825,7747302.5,0.5126508545038904
2494756.5,0.9381344098692502,1363727.25,0.9142138493498115
