loss,r2,loss_test,r2_test
10098724.0,0.6601107839372811,4136754.25,0.7397747558273164
2151661.0,0.9462056578207689,1215828.875,0.9235174891664304
1739079.375,0.9652705803560623,1138705.5,0.9283689925497467
1839393.25,0.9636123051943937,1162454.75,0.9268750210930292
