loss,r2,loss_test,r2_test
1044590.8125,0.9497331296369401,1205948.375,0.9241390361868663
932037.9375,0.9529990386929506,1138338.375,0.9283920891677391
924604.4375,0.9456740727320878,1184435.25,0.9254923146316539
