loss,r2,loss_test,r2_test
34609980.0,0.8672925005460445,1327709.625,0.9164795534416885
31753488.0,0.8874778662370659,1213008.375,0.9236949087111814
30644066.0,0.8846467704113781,1198884.875,0.9245833625227634
29481852.0,0.8924350673334046,1138064.0,0.9284093371206629
28691482.0,0.8943482406239397,1109450.0,0.9302093207194445
