loss,r2,loss_test,r2_test
53385752.0,-0.5511685575292022,30296962.0,-0.905850275139439
1624361.75,0.950947990041604,1287247.5,0.9190248533925353
1574540.0,0.9524861082455456,1250689.125,0.9213245824461884
1297125.5,0.9663873798755664,1133018.75,0.9287267131371477
1392564.25,0.9675976314568894,1201835.0,0.9243977845514366
