loss,r2,loss_test,r2_test
20197512.0,0.8913235758636514,1284395.375,0.9192042645972764
18784968.0,0.8906454695990988,1238663.75,0.9220810479912246
17454544.0,0.9067742298756147,1112458.25,0.9300200908203567
