loss,r2,loss_test,r2_test
17408568.0,0.801389978939043,1263118.625,0.9205427011239186
18124876.0,0.8821215299955132,1286146.75,0.9190940986430816
