loss,r2,loss_test,r2_test
16678688.0,0.9760579257689012,1435380.0,0.9097064766124531
12794104.0,0.9575804900654826,1156081.375,0.9272759433566496
11601562.0,0.9699265381735658,1043659.4375,0.9343479215282862
12729660.0,0.9544210063787111,1152847.5,0.9274793698655994
