loss,r2,loss_test,r2_test
9690515.0,0.9554610371878755,1112227.25,0.9300346174755667
9152672.0,0.9501325226370458,995457.875,0.9373800709705213
8590671.0,0.9599012759459198,970139.75,0.9389727187657063
