loss,r2,loss_test,r2_test
15463890.0,0.9420127459993078,1319079.875,0.9170224183617492
15052346.0,0.9444534859836687,1289691.5,0.9188711157039386
12937326.0,0.9533702517228941,1190981.875,0.9250804980048448
10913534.0,0.9540495748445059,1016500.4375,0.9360563791230789
10060345.0,0.9605849599322002,960582.625,0.9395739187982218
