loss,r2,loss_test,r2_test
22427726.0,0.887513347705693,1404717.5,0.9116353256235072
20083714.0,0.9077775789198953,1200128.625,0.9245051255617281
