loss,r2,loss_test,r2_test
76549152.0,0.899003647707049,1238289.5,0.9221045888979007
74944408.0,0.9047783528791387,1213950.5,0.9236356464473361
69739272.0,0.92589599547334,1137212.75,0.9284628857946353
41360656.0,0.9615364571116564,763723.75,0.9519574609890623
36814292.0,0.9666017783929303,758892.6875,0.9522613581181901
30339838.0,0.9729871419007705,715210.4375,0.9550092196907558
