loss,r2,loss_test,r2_test
49086564.0,0.9106135459088378,1318695.75,0.9170465825883265
44679412.0,0.9092418603784751,1241459.375,0.9219051890575846
40929880.0,0.9186224307850064,1146169.375,0.9278994678902028
31453036.0,0.9326916692375182,863887.4375,0.9456565940880437
23164986.0,0.9618901661306458,736509.625,0.9536693776069834
14278489.0,0.96592050363054,510844.09375,0.9678650158411585
