loss,r2,loss_test,r2_test
63230832.0,0.9689825219116761,1433724.75,0.9098106045255773
54784904.0,0.9671463467295408,1261458.0,0.9206471611649227
48039948.0,0.9651473577766874,1146651.125,0.9278691678483788
43233336.0,0.9686630424240822,1003824.125,0.9368537896171194
33337488.0,0.9777341997522836,818572.9375,0.9485071293065699
27207064.0,0.9756121398521974,683401.9375,0.957010153874821
30472272.0,0.9785531891123672,775734.9375,0.9512018882484528
21750760.0,0.9868615188082485,552663.5,0.9652343370697919
