loss,r2,loss_test,r2_test
56624480.0,0.9471743077036602,1234355.625,0.922352048637913
54236472.0,0.9561498771211716,1208661.0,0.9239683833218162
51414636.0,0.9562041247055543,1139289.625,0.9283322445673198
47313092.0,0.9631401416258449,1069878.75,0.9326985773291339
29583042.0,0.9738240284216814,777985.1875,0.9510603330297385
23196496.0,0.9790616106309933,671838.8125,0.9577375366722204
21476182.0,0.97246341115362,616443.1875,0.9612222362704821
