loss,r2,loss_test,r2_test
63538764.0,0.9702850810062019,1247390.75,0.9215320665762136
62693944.0,0.9699430671597278,1207733.25,0.9240267550810901
58666596.0,0.9604745058942241,1137743.5,0.9284295010247438
47048792.0,0.9657294580850515,1003412.0,0.9368797099630003
38646208.0,0.9662958884109122,813106.6875,0.9488509896490622
35095952.0,0.9640531777602829,794444.875,0.9500249266856177
33235920.0,0.9695913496607578,713661.9375,0.955106632162419
25205246.0,0.9737121555973143,547195.5,0.965578306996862
