loss,r2,loss_test,r2_test
53827400.0,0.9512301945832243,1227367.5,0.9227916488425455
50645784.0,0.952636654236308,1177385.0,0.9259358295248475
46625852.0,0.9513050905181744,1130540.75,0.9288825925146926
41944844.0,0.9466313873642052,1053078.75,0.9337553862307761
32406718.0,0.9703106175954446,870127.5625,0.9452640563529261
28794668.0,0.9741151940388254,830201.75,0.9477756168145177
24646628.0,0.9845782566153026,733510.8125,0.9538580188421765
