loss,r2,loss_test,r2_test
178824336.0,0.014358787904587667,15334756.0,0.035357160614128524
174586592.0,0.04518138337027511,14937330.0,0.06035748499205473
170467264.0,0.06840599138369596,14572389.0,0.08331431834190561
163474672.0,0.1053921388034631,13962652.0,0.12167016089846683
