loss,r2,loss_test,r2_test
188910192.0,-0.014397464284288564,15321980.0,0.036160701229476566
185761136.0,-0.015517842018070382,15073060.0,0.05181933217599899
179476528.0,0.03465705911129091,14516863.0,0.0868071574143292
172018288.0,0.05810123140411305,13900163.0,0.1256011849391333
