loss,r2,loss_test,r2_test
197314544.0,0.026027447115476332,15247753.0,0.04083026853745986
193922784.0,0.037909737359896334,14971697.0,0.058195576599972765
187208112.0,0.07192145210989409,14439188.0,0.09169338292699858
180484800.0,0.1029748050465158,13903713.0,0.12537784153718634
