loss,r2,loss_test,r2_test
168305456.0,-0.03441581231580049,15309171.0,0.03696667712949708
165345968.0,-0.07441194874205448,14979822.0,0.05768451266152341
160806176.0,0.01467218708671214,14602838.0,0.08139894752084176
154601184.0,0.04309709100521297,14009406.0,0.11872915862011757
