loss,r2,loss_test,r2_test
5018817.0,0.9831764337300979,1226446.125,0.9228496011803448
5186521.0,0.9836974199859121,1344037.375,0.915452441882044
4019889.0,0.9850299213621564,1066487.25,0.9329119203326612
2824538.25,0.987163635451318,917845.25,0.9422623452630022
1817664.625,0.9860946239164212,603170.25,0.9620571831571637
994535.9375,0.9926996032652247,462499.4375,0.9709061686550218
866371.0,0.9927192444761769,491252.40625,0.969097449627168
1119062.25,0.9900736168664629,520941.90625,0.9672298073169273
