loss,r2,loss_test,r2_test
34260140.0,0.07943034556015904,14531890.0,0.08586197116858763
4647943.0,0.8269572965891381,1292540.875,0.9186918709252675
3685486.75,0.8660306839721188,1269704.125,0.9201284308546122
3097612.75,0.8879785084410735,1208150.125,0.924000530501791
2354852.5,0.9144311941641889,1036536.1875,0.9347960117280221
1542437.875,0.9478297649467716,954681.25,0.9399451503734519
1014236.875,0.9684987831887736,850722.4375,0.9464847499646438
657983.25,0.9820411979274618,803320.875,0.94946657364893
546599.6875,0.9865071149248981,720879.875,0.9546525845831593
