loss,r2,loss_test,r2_test
30144058.0,0.08507228951513224,14766756.0,0.07108754263089712
2961149.5,0.9437811136767719,1497301.0,0.9058112992488572
2409773.25,0.9582181041534142,1345133.625,0.9153834893852324
1890888.5,0.9665301021623663,1201842.125,0.9243973391750666
1439846.75,0.9667836767559729,1029919.4375,0.9352122403466555
1124870.0,0.9739211859765944,954658.1875,0.939946604862379
980202.875,0.9730471601976938,860823.75,0.9458493173668324
702110.875,0.9824219904301547,780208.0625,0.9509204996880523
482993.03125,0.9884171501633569,683517.1875,0.9570029011319262
