loss,r2,loss_test,r2_test
35583164.0,0.9208851514826205,1328422.625,0.9164347057372767
32576286.0,0.9287438001018296,1191971.125,0.925018272358182
33189802.0,0.9296950052466058,1235300.375,0.9222926152931847
28548186.0,0.9429664681811241,1043943.125,0.9343300788481801
24762208.0,0.9545526409151721,913847.1875,0.942513843637109
23287464.0,0.964641753311395,867157.5,0.9454508916300745
18796160.0,0.9739302780377048,728655.75,0.9541634368153206
17496558.0,0.9782171620314309,670189.875,0.957841265632436
22232218.0,0.9594237207027471,884563.9375,0.9443559222678086
