loss,r2,loss_test,r2_test
34381856.0,0.9241106842520732,1223820.625,0.9230147627662222
33701548.0,0.9256077971091651,1258328.375,0.920844028314426
27548736.0,0.9374682836006176,1068597.5,0.9327791700701511
26219188.0,0.9406406873637209,1012824.9375,0.9362875816772782
24029568.0,0.945655709463394,924661.5625,0.9418335593923328
20708228.0,0.9454083181986945,819007.1875,0.9484798107466835
18400488.0,0.9503670493767482,754282.375,0.952551372872587
18540066.0,0.9509842213875508,763526.875,0.9519698404852563
13165391.0,0.9600801862714403,564502.5625,0.9644896012230573
