loss,r2,loss_test,r2_test
628263360.0,0.8921803092282459,1392135.0,0.9124268314409391
650959168.0,0.8567469554684352,1932247.625,0.8784507052504589
542868736.0,0.9070227617159801,1368541.0,0.9139110401401211
596999104.0,0.8969594988284765,1874253.5,0.8820988548854053
