loss,r2,loss_test,r2_test
1059645.5,0.9723314395361938,1481136.125,0.9068281588209155
934218.0,0.9805180835034897,1293284.25,0.9186451092300686
