loss,r2,loss_test,r2_test
2864509.5,0.9507872281104313,1482199.5,0.906761270839167
2509612.5,0.9507111206256481,1293953.125,0.9186030317945444
