loss,r2,loss_test,r2_test
43288784.0,0.8977343726501591,1419374.375,0.9107133295442038
39356184.0,0.9151901175733081,1284015.125,0.919228179858095
37054336.0,0.9339261588629316,1290190.5,0.9188397238241721
