loss,r2,loss_test,r2_test
59937948.0,0.9427991130702966,1335371.375,0.9159975918047711
60125084.0,0.9392142620170156,1337811.0,0.9158441162191232
55103672.0,0.9457831622495065,1273031.75,0.919919103241349
52363728.0,0.9501591911778949,1208366.0,0.9239869436526391
51719680.0,0.9496214767186532,1215574.5,0.9235334915150591
50460892.0,0.9479723018964029,1203138.5,0.9243157879261343
39587708.0,0.965074508046697,994502.125,0.9374401953520917
38481168.0,0.9590018236185518,956224.1875,0.9398480906470466
35544000.0,0.9629714656633394,899366.4375,0.9434247661505951
