loss,r2,loss_test,r2_test
52397384.0,0.9624745719548999,1232429.125,0.9224732346461981
50592164.0,0.9545400948586934,1189862.0,0.9251509564509375
49581964.0,0.9543201783387455,1187123.125,0.9253232384077817
51983208.0,0.9448700310887305,1243262.5,0.9217917593716634
53818452.0,0.9662458596031235,1228149.875,0.9227424303982993
39321284.0,0.9707318860215601,959649.0625,0.9396326501456475
36677292.0,0.9754128011364118,896954.625,0.9435764780371334
