loss,r2,loss_test,r2_test
51378604.0,0.950745880216719,1196369.875,0.9247415678717418
57992736.0,0.9652508016655699,1335093.0,0.9160151110619319
49154124.0,0.972051457867961,1145522.75,0.9279401379872979
42568680.0,0.961149496097845,998262.1875,0.9372036640111503
31847580.0,0.9721642236727515,754395.625,0.952544247990498
