loss,r2,loss_test,r2_test
55000796.0,0.9320567442117469,1309795.25,0.917606474050538
52211324.0,0.9225165189400604,1251624.0,0.9212657722046359
58484448.0,0.9574133321966622,1390026.0,0.9125595029167806
53011584.0,0.9153094030156376,1309250.125,0.9176407688516839
41753408.0,0.970859545524064,1047888.75,0.9340818751305204
45973248.0,0.9226249665426104,1173575.25,0.9261754832295219
35252936.0,0.9591132836467718,935018.6875,0.9411820293227385
33864764.0,0.9823098391135773,902267.125,0.9432422978688217
31124180.0,0.978936676487305,838198.5,0.9472725741849793
