loss,r2,loss_test,r2_test
844184448.0,0.14926631344292407,12942950.0,0.18581526137054738
108997048.0,0.9279797191218683,1397998.875,0.9120579706846644
100219256.0,0.9389666367112539,1274147.0,0.9198489469576927
95556408.0,0.9424054666421227,1242429.375,0.9218441595350055
86771576.0,0.9347272473628865,1193203.875,0.9249407351860597
77267336.0,0.9424562747955478,1093158.5,0.9312341513352993
71864664.0,0.9509223644488868,1068192.875,0.9328046223525953
66650164.0,0.9503342194278303,1002637.0625,0.9369284633943012
