loss,r2,loss_test,r2_test
33809772.0,0.7926808024576628,1300120.875,0.918215040171442
31693160.0,0.8094601872461736,1229195.75,0.9226766368986132
31363994.0,0.8230678024477407,1273160.625,0.9199109983050271
31083750.0,0.8087301911491325,1203711.875,0.9242797239025953
30436686.0,0.8190583420676416,1213769.25,0.9236470435628046
28524612.0,0.8137673483687887,1130991.25,0.9288542575130243
32263804.0,0.7793002713894577,1212144.125,0.9237492861462886
