loss,r2,loss_test,r2_test
32429714.0,0.1290711089929314,13610458.0,0.14382518029851576
2625838.5,0.9412021767350798,1570199.0,0.9012256045010026
2052509.75,0.9567955255835192,1384878.125,0.9128833428613825
1501317.625,0.9763074907819738,1203293.0,0.9243060652888102
1397648.625,0.9744040738288758,1164098.875,0.9267715949820088
1395370.5,0.973647135759112,1132691.375,0.9287473104505358
