loss,r2,loss_test,r2_test
2958563.25,0.9189685757915761,1343924.875,0.9154595256591025
2262158.75,0.9468007333140677,1153651.375,0.9274288027979084
2042918.75,0.954920897030144,1089942.5,0.931436452853994
