loss,r2,loss_test,r2_test
5761819.5,0.8358890965751288,1399621.5,0.9119558973923719
5342505.0,0.8544646720579366,1384736.25,0.9128922599571258
4972688.0,0.8508369127405331,1214587.625,0.9235955772543029
4737271.0,0.8593541906269351,1212714.125,0.9237134174460255
4455477.0,0.8662354092533042,1167667.25,0.9265471293627334
3757755.0,0.8917386152203088,1090042.125,0.9314301899900028
