loss,r2,loss_test,r2_test
2706727.0,0.9688218560615258,1274767.875,0.9198098915103882
2324587.0,0.9757328896120355,1244705.25,0.9217010075379781
1576575.0,0.9792756229949552,1133967.625,0.9286670246815604
