loss,r2,loss_test,r2_test
2759839.25,0.9461557310658241,1246973.5,0.921558316715756
