loss,r2,loss_test,r2_test
81261352.0,0.9317588009009833,1133774.75,0.9286791618422976
35813592.0,0.9765519910117952,560770.9375,0.964724337080527
29813270.0,0.9854030225895172,474661.96875,0.9701410778915414
28408362.0,0.9887200878064409,463711.0625,0.9708299538681351
37869312.0,0.9800464740609289,596659.1875,0.9624667637449316
