loss,r2,loss_test,r2_test
190825760.0,0.875987827610637,1687294.0,0.8938596611278914
71345928.0,0.9891275618134759,725998.75,0.9543305741826533
59151244.0,0.987897994778409,612010.375,0.9615010861947264
54792944.0,0.9925998333806805,569884.5,0.9641510413689754
43862196.0,0.9945593223275704,517353.125,0.9674555627531533
41584032.0,0.9836320445842678,511531.9375,0.9678217452402509
35433348.0,0.9912209549439666,449964.21875,0.9716947074141947
36848720.0,0.9931370520079622,496117.65625,0.9687913944726906
36443560.0,0.9849075310826126,445078.78125,0.9720020305348183
