loss,r2,loss_test,r2_test
105274952.0,0.9827032170682183,1154284.375,0.9273889855800213
85332928.0,0.9870306185255189,940219.875,0.9408548534324096
63020648.0,0.9619684972443201,690088.375,0.9565895390056982
61406420.0,0.986229861202988,658864.4375,0.9585537018863932
48389480.0,0.9826334561301682,542719.875,0.9658598472097984
49995256.0,0.9919192056294879,572536.8125,0.9639841938419169
38699972.0,0.9865603477265437,462706.15625,0.9708931684958074
51081076.0,0.9893165399437189,590575.0,0.9628494891854822
34747608.0,0.9935189131496812,469484.96875,0.9704667392181183
