loss,r2,loss_test,r2_test
123998920.0,0.925305894278833,1120946.25,0.929486140356442
79998272.0,0.9296649049250126,870863.875,0.9452177399930677
51638292.0,0.9741978894497,584792.8125,0.9632132259836778
48683444.0,0.9504864739912768,588325.375,0.9629910057151088
39228840.0,0.9840161936451438,512936.46875,0.9677333963655091
39704940.0,0.9634489737729146,485449.0,0.9694625137485181
34208992.0,0.9885472279446252,512752.625,0.9677449591291563
32816454.0,0.9867966377826622,512779.6875,0.9677432597431841
36141996.0,0.9703498270589709,463448.09375,0.9708464970630193
