loss,r2,loss_test,r2_test
114918880.0,0.9190772131387637,1320785.75,0.9169151049235597
69587632.0,0.9809194152883277,841298.875,0.9470775420786873
54520712.0,0.9788396999963817,655959.5,0.9587364377285506
44240412.0,0.9813996339419425,542820.9375,0.9658534947010231
58499848.0,0.9681795249457127,691044.4375,0.95652939850565
36243784.0,0.9878445081212596,504597.34375,0.9682579709813733
30538552.0,0.9904037428297797,479467.78125,0.9698387666727603
29322006.0,0.9851941674116338,447594.3125,0.9718437887724126
33045588.0,0.98636207004654,492226.53125,0.9690361684731842
