loss,r2,loss_test,r2_test
111574280.0,0.9742658804105263,1082528.375,0.9319028398478512
74745600.0,0.9887775583156946,744586.4375,0.953161305037597
58303204.0,0.9888721249392552,715562.0625,0.9549871003238137
48644608.0,0.9845775784517806,586361.0,0.9631145741937069
42628508.0,0.9836929840755712,531056.625,0.96659353236967
54771612.0,0.9712094212489,663311.3125,0.9582739680775703
41470312.0,0.9826892892014023,543488.8125,0.9658114804840177
34165704.0,0.9916183099832427,477804.40625,0.9699434023723111
40941132.0,0.981572828873492,536666.0625,0.9662406696169857
