loss,r2,loss_test,r2_test
185111584.0,0.9449628605220088,1665087.75,0.8952565476276237
83672312.0,0.9905649026334333,759880.875,0.9521991950269908
73789360.0,0.9922196362806741,624563.1875,0.9607114436757596
64910352.0,0.989564491646422,553510.0,0.9651810901874527
54332396.0,0.9935319581046677,538380.0625,0.9661328511717541
51926048.0,0.9941834643648532,511944.21875,0.9677958145701454
47581960.0,0.992389826340674,518918.78125,0.9673570728856882
46083452.0,0.9808210880527772,517383.78125,0.9674536354795241
72185208.0,0.9809616378017074,779257.375,0.9509803014813725
