loss,r2,loss_test,r2_test
425563744.0,0.034306859126091105,15250808.0,0.040637873069705566
48000568.0,0.9089653415119332,1638456.0,0.896931848894264
41448732.0,0.9304921009853936,1397556.5,0.9120857848545938
