loss,r2,loss_test,r2_test
28329596.0,0.23525526895581883,12237278.0,0.2302060181840897
