loss,r2,loss_test,r2_test
29148172.0,0.023854654449318557,15305820.0,0.03717738464938214
3033457.5,0.9035046670488723,2137668.75,0.8655285486396589
1763857.75,0.9518104145629127,1272528.875,0.9199507436399148
