loss,r2,loss_test,r2_test
58502664.0,0.8786132381437988,1888536.75,0.8812003702332813
48697580.0,0.8986642485055873,1428426.125,0.9101439300984348
