loss,r2,loss_test,r2_test
2516209.75,0.968466397361061,1271049.5,0.9200438018147582
