loss,r2,loss_test,r2_test
57667596.0,0.8175300922091867,1192259.875,0.925000116943884
