loss,r2,loss_test,r2_test
41383952.0,0.9657229978293546,809666.9375,0.9490673673077383
