loss,r2,loss_test,r2_test
41044832.0,0.9378115420018462,964096.5,0.9393528835748906
