loss,r2,loss_test,r2_test
2541616.0,0.34320612093212566,1284128.625,0.9192210490898909
1959406.5,0.5148874855622053,1294555.5,0.9185651327654345
1872347.75,0.44543170574950874,1124996.75,0.9292313501289524
