loss,r2,loss_test,r2_test
111991624.0,0.9489797229754737,1288110.75,0.918970545949858
