loss,r2,loss_test,r2_test
6949643.5,0.9559896758321864,1280690.625,0.9194373203883544
