loss,r2,loss_test,r2_test
185329488.0,-0.03152492708503951,15455004.0,0.02779283704502955
17777364.0,0.9061729452429231,1649961.25,0.8962081029280902
12491665.0,0.928746705552455,1281065.25,0.9194137487060416
11865716.0,0.9270000087468078,1254674.125,0.9210739017971906
11576640.0,0.9286211491036809,1234814.75,0.9223231704023664
11354576.0,0.930087851749528,1217471.5,0.9234141539738034
11061557.0,0.9301333017429909,1201287.375,0.9244322372155998
11280953.0,0.9367626626416655,1194855.5,0.9248368396258436
10927636.0,0.9293011418971608,1228924.25,0.922693711535876
