loss,r2,loss_test,r2_test
449123264.0,0.920725321487961,1746949.875,0.8901069762072751
401732288.0,0.8744088093802567,1444031.75,0.9091622338967125
377832288.0,0.8930829480731776,1334029.75,0.9160819940079218
393958496.0,0.9009621252234797,1430433.0,0.9100176809848233
365972512.0,0.9213524733798009,1256413.875,0.9209644635364177
432105792.0,0.7714427590953916,1677586.125,0.8944703442726829
343288224.0,0.8958193489895212,1197030.875,0.9246999897644923
348052352.0,0.9343002509211724,1209619.0,0.9239081285488788
389744704.0,0.9327691876555652,1423838.625,0.910432499161916
