loss,r2,loss_test,r2_test
658707456.0,0.862814515651033,2347338.75,0.8523391378663658
605940480.0,0.846195327463838,2277275.5,0.8567465131591337
511641856.0,0.9241683027841345,1556470.375,0.9020892195067192
494589024.0,0.9310793290769878,1462925.25,0.9079737310153745
571056384.0,0.8684229734873492,1981495.375,0.8753527335081798
467577376.0,0.9268706104365708,1508536.875,0.9051044979546494
449340704.0,0.9448411141900269,1288693.875,0.9189338588106339
461012608.0,0.9153903601141292,1710159.0,0.8924213311331767
390151648.0,0.9451465316540291,1276367.125,0.919709290418012
