loss,r2,loss_test,r2_test
153975840.0,0.9297992966379439,1354676.5,0.9147831920345905
