loss,r2,loss_test,r2_test
141950352.0,0.97833940385421,1241398.125,0.9219090355337427
133686760.0,0.9805255867768788,1189889.0,0.9251492596461818
