loss,r2,loss_test,r2_test
73138640.0,0.9668706765007485,577787.3125,0.9636539128679291
50859404.0,0.9848610080558771,421128.40625,0.9735086447787213
39783500.0,0.9881050491897683,345273.9375,0.978280316586241
36399444.0,0.9887518191273893,335092.96875,0.9789207579210384
37798724.0,0.9898097420401657,355373.3125,0.9776450075142509
