loss,r2,loss_test,r2_test
48459576.0,0.9701992520695263,402186.25,0.9747002105887489
47092992.0,0.9752481526497734,405746.25,0.9744762704073308
35277488.0,0.9776386181317631,343919.28125,0.9783655332841386
33785752.0,0.9805254643275092,338795.53125,0.9786878446013978
35351824.0,0.980884640183988,340063.21875,0.978608100633988
37271720.0,0.9841972156537355,342934.4375,0.9784274831895577
31968544.0,0.9807665399004547,333006.25,0.9790520224063085
32191516.0,0.9814938197870785,349243.0,0.9780306391529938
