loss,r2,loss_test,r2_test
3373358.75,0.8750697745747678,1164198.75,0.9267653147420616
2610033.25,0.9104390513360533,1176078.625,0.9260180013486562
