loss,r2,loss_test,r2_test
28260994.0,0.912976158621642,1087001.5,0.931621461396202
31033354.0,0.9279363882088268,1229631.625,0.9226492181574788
