loss,r2,loss_test,r2_test
814602.3125,0.9601968971179683,1114008.875,0.9299225502457846
