loss,r2,loss_test,r2_test
19739972.0,0.9057804083078613,1233842.125,0.9223843585126273
18447690.0,0.9008520312203846,1202232.25,0.9243727907446605
16107274.0,0.9085078380423219,1076524.875,0.9322804910801515
