loss,r2,loss_test,r2_test
35384520.0,0.9221514991083863,1265124.25,0.9204165303007591
32987090.0,0.9245727587446813,1199948.0,0.9245164819703096
30087844.0,0.9323805670261001,1114767.625,0.9298748087919511
27550478.0,0.9376253584258757,1032822.5625,0.9350296184924574
25629854.0,0.9404024786277699,984085.5625,0.9380954537182078
