loss,r2,loss_test,r2_test
36009076.0,0.838693393432327,1215046.75,0.9235666914611721
37307684.0,0.872744559060525,1333827.75,0.9160946883340608
