loss,r2,loss_test,r2_test
12171537.0,0.9252566166841025,1287723.5,0.9189949099349103
12675741.0,0.9265499114842297,1597937.625,0.8994806878859233
7571054.0,0.9482930211602165,1169139.375,0.9264545184240247
2958702.0,0.9845936279006621,683070.75,0.9570309905965171
2481758.75,0.9907331203314796,562668.125,0.9646049909890693
2221366.0,0.9929238337944233,570035.5625,0.964141541514185
