loss,r2,loss_test,r2_test
247934944.0,0.9555957857959323,1352263.0,0.914935015474552
230890096.0,0.9721451606164502,1414619.0,0.9110124720735949
102729968.0,0.959096003197524,612799.25,0.9614514594323694
86182632.0,0.9866526244794583,529396.5,0.9666979682840678
72090672.0,0.9729206753346424,476748.40625,0.9700098303290016
80900576.0,0.9809236521900306,556500.875,0.9649929457307168
59679148.0,0.9860331072818745,441828.8125,0.9722064696615813
