loss,r2,loss_test,r2_test
193915712.0,0.9447982383604242,1230893.5,0.9225698338584664
102758072.0,0.9749538783336132,648636.4375,0.9591971030395077
97262784.0,0.986355082694878,628504.625,0.9604635048167086
87160744.0,0.9868462283620163,633215.5,0.9601671659649589
61570384.0,0.9861185258415328,470887.40625,0.9703785201768228
64136980.0,0.9830695993427148,489437.59375,0.969211604830198
56514508.0,0.992064988381498,469537.78125,0.9704634183757465
