loss,r2,loss_test,r2_test
214726176.0,0.9582655173825159,1348828.75,0.9151510523511799
105362000.0,0.9902692030916489,654896.9375,0.9588032792939822
82833552.0,0.9917808677377367,550734.6875,0.9653556716282875
109540280.0,0.977788216003047,727763.9375,0.9542195283796079
129072824.0,0.9881080016906639,841289.5625,0.9470781311439663
