loss,r2,loss_test,r2_test
23249238.0,0.8836343927889517,1505911.25,0.9052696644733912
