loss,r2,loss_test,r2_test
24998570.0,0.8698989069792481,2115956.75,0.8668943620785088
16777188.0,0.9430488650614246,1387865.125,0.912695438048448
