loss,r2,loss_test,r2_test
140932768.0,0.2017409935348441,12355112.0,0.22279359178941482
31629700.0,0.8407079744906012,1768287.0,0.8887647506418211
