loss,r2,loss_test,r2_test
268951488.0,0.8664777266211523,1218653.625,0.9233397975741919
230108368.0,0.8936438074698938,1146821.875,0.9278584236617579
204342272.0,0.9054499899923631,1090264.125,0.9314162268693658
224251712.0,0.8889048349427073,1191099.125,0.9250731233325336
158947024.0,0.9335386309064263,885497.0625,0.9442972261482633
139221008.0,0.9393962670303037,746968.5,0.9530114557357215
134575968.0,0.9323774169738182,721325.125,0.9546245683817913
113513688.0,0.9493693866298789,602583.3125,0.9620941018298154
114482152.0,0.9581560885463756,624471.75,0.9607171953766346
