loss,r2,loss_test,r2_test
11431680.0,0.9318323082717666,1249022.25,0.9214294366341208
13194463.0,0.9085254749507472,1494895.375,0.9059626210081587
10724086.0,0.9280742802914191,1240641.125,0.9219566534269918
9430147.0,0.9351849416102616,1125379.375,0.9292072722500735
7675319.5,0.9374583967890951,1027665.9375,0.9353540041405537
6175561.0,0.9391915171335032,897222.875,0.9435596104657661
4867414.0,0.9499622731074114,782955.375,0.950747676029087
4714837.0,0.9600944209636177,709873.0625,0.9553449708715038
6931836.5,0.9404685256574246,848532.0,0.9466225414621607
