loss,r2,loss_test,r2_test
7213186.5,0.8737545783225247,1337555.125,0.9158602203404214
7080765.5,0.8859286790066303,1363521.5,0.9142267865290868
6660141.5,0.9246812580720265,1196480.625,0.9247346042816759
6387003.0,0.923684771577984,1201954.25,0.9243902843039162
5978788.0,0.9368589810933505,1090247.375,0.9314172752830332
6810292.5,0.918167570177319,1152313.75,0.9275129566780977
4764278.5,0.979660085395489,808736.1875,0.9491259200041657
4354849.5,0.9679483695556796,888904.625,0.9440828681239563
3810708.0,0.9842221827942726,708780.875,0.955413672064671
