loss,r2,loss_test,r2_test
7855637.5,0.9838245271026289,1282871.375,0.919300133012928
7331627.0,0.9946749919941233,1223704.375,0.9230220778235791
7170639.0,0.9935663833698867,1196023.5,0.9247633513546543
8931892.0,0.9605763024198191,1375210.625,0.9134914711121807
5319705.0,0.9699903008732248,1053138.375,0.9337516432632157
4342132.5,0.9695710300751602,903723.3125,0.9431506950622424
3323241.5,0.9505605528058927,780269.75,0.9509166207497992
2870311.25,0.9826788288757996,712945.25,0.9551517113057898
3379889.25,0.9153250546379346,699971.25,0.9559678515700906
