loss,r2,loss_test,r2_test
8324198.0,0.9424260301309717,1352077.75,0.9149466603703998
7235016.0,0.9547639428625159,1317823.875,0.9171014262689127
6479986.5,0.9450854984414861,1244051.125,0.9217421455643459
6115926.5,0.9472836564191798,1199722.125,0.9245307015274082
5094953.0,0.9566484381680687,1142770.125,0.9281132954952162
4319417.0,0.958316721822189,1008258.8125,0.9365748134800767
4093645.0,0.9445011840146962,807315.3125,0.9492153016964845
5694964.5,0.9174847792749555,893112.4375,0.9438181809592154
3746976.5,0.9480008002951972,699625.8125,0.9559895772250047
