loss,r2,loss_test,r2_test
14890475.0,0.9585999662095147,1432464.75,0.9098898725997491
12053346.0,0.9810911392266529,1222323.75,0.9231089207148524
11308877.0,0.9757609232546687,1239607.625,0.9220216754074059
10764877.0,0.9745284281016219,1204681.0,0.9242187499225598
9088407.0,0.981305767349969,1058828.25,0.9333937184127861
9401404.0,0.9903009206406644,1093256.125,0.9312280062832349
6466541.5,0.9900145180252734,837122.25,0.947340276935164
5914339.0,0.9874629775812133,778668.25,0.9510173669224182
5426161.0,0.9833416404807088,659962.375,0.9584846359393883
