loss,r2,loss_test,r2_test
216904272.0,0.979262133426838,1286767.0,0.9190550808275708
193946128.0,0.9604313243598597,1166384.375,0.9266278243075742
190002656.0,0.9736968666355856,1134445.875,0.9286369323470678
283584736.0,0.9112040330105724,1590879.125,0.8999247102850144
188389792.0,0.9864748503765571,1062197.5,0.9331817758462194
156103072.0,0.9595287587185608,896206.375,0.9436235573280878
114935944.0,0.9862730731678614,664426.3125,0.9582038292542289
161746208.0,0.9934362860115767,880168.125,0.9446324489854614
129960496.0,0.9891936467311879,758673.3125,0.9522751588919026
