loss,r2,loss_test,r2_test
247138624.0,0.8856290241821954,1218867.25,0.923326361923106
249248880.0,0.8925455498034284,1254088.5,0.9211107461061847
233558144.0,0.8932763627916175,1139876.0,0.9282953487827978
207454032.0,0.9063412811142167,1001223.6875,0.937017371084028
264230576.0,0.9380435690475112,1391225.125,0.912484073740211
163218832.0,0.943479075065642,798947.6875,0.9497416724100259
134434480.0,0.9492086878830494,659874.0,0.9584901906349044
143221200.0,0.9620887597664237,760046.125,0.9521888041322688
141563184.0,0.9419325966687196,703578.875,0.9557409110195217
