loss,r2,loss_test,r2_test
248103872.0,0.964820961223084,1204840.75,0.9242087010035718
248854928.0,0.9702261383325566,1206633.125,0.9240959629752783
218389312.0,0.9629216207255681,1075134.375,0.932367977514972
205311536.0,0.9324999416889626,1027559.5,0.9353606900597503
176136960.0,0.951141071840711,887718.9375,0.9441574564254254
150114160.0,0.9681336396628955,753481.4375,0.9526017512293443
213936032.0,0.8976131801282415,1086968.375,0.9316235471219514
118740824.0,0.9657760910298756,603578.4375,0.9620315063551932
156828704.0,0.9283522000765715,790900.4375,0.9502478888044638
