loss,r2,loss_test,r2_test
222186176.0,0.9745321260883103,1307432.5,0.9177551078749409
121558224.0,0.9970467357664905,696129.75,0.9562095055729117
89213560.0,0.9962608785196944,543679.0,0.9657995165990149
97382112.0,0.9756242315497171,607685.5625,0.9617731433395086
70644784.0,0.9909428731279691,475282.28125,0.9701020569858202
75717328.0,0.9961032675071185,504834.71875,0.968243043853164
59174552.0,0.9946577128049303,429486.46875,0.9729828715922804
134471344.0,0.9494629032354521,808909.1875,0.9491150363006875
56204240.0,0.9957152883423738,421502.625,0.9734851015574548
