loss,r2,loss_test,r2_test
229990864.0,0.9686945313732639,1058059.125,0.9334420963915919
209048800.0,0.9638124128992228,1044231.1875,0.9343119511861554
115541080.0,0.9752547073111997,562424.9375,0.9646202916138593
87020512.0,0.9853162747847196,449093.71875,0.9717494644135392
79290640.0,0.9800161391913872,445876.875,0.971951826156775
80781536.0,0.9800390539996131,428748.875,0.9730292734203145
76794456.0,0.9867076047768782,455599.375,0.9713402273832881
102277504.0,0.9628105949546679,536253.5625,0.9662666200483256
81600888.0,0.9690582226232337,459720.84375,0.9710809563600481
