loss,r2,loss_test,r2_test
11239049.0,0.9724852028858821,1670993.75,0.8948850463115463
5739725.0,0.9504233378568928,1250357.625,0.9213454306665054
2917916.0,0.9728363276282347,783628.125,0.950705362863668
2464133.25,0.9756935247965218,647332.8125,0.9592791044050912
1571521.875,0.9938046206294422,578719.625,0.9635952636762045
1528808.125,0.9971008138000114,578264.5,0.9636238917548123
1290005.625,0.9969680610843987,540635.125,0.965990992554454
1622954.0,0.9895456137511889,547123.6875,0.9655828261791675
1280398.25,0.9929588580166199,672988.125,0.9576652427153178
