loss,r2,loss_test,r2_test
272208768.0,0.924235508811148,1255809.25,0.9210024878942423
137767072.0,0.9179447627728613,685463.1875,0.9568804923084436
148425600.0,0.9831034655120137,736377.5625,0.9536776867814335
104676344.0,0.9463297561178554,567395.125,0.9643076360271072
83764360.0,0.9651660719071449,476914.0,0.9699994141728752
72345888.0,0.9664989938118693,429808.46875,0.9729626175238975
74121152.0,0.9839600610176545,428735.65625,0.9730301023613663
73962176.0,0.9683000870670536,429883.71875,0.9729578826481905
104152768.0,0.9426683602186966,584889.75,0.9632071298147756
