loss,r2,loss_test,r2_test
211970672.0,0.9144185739974865,1219237.0,0.9233031050063553
130461480.0,0.9312000771609176,720399.6875,0.9546827853308728
92373360.0,0.9781692296729285,529467.25,0.9666935164883261
84403472.0,0.9809734944816209,516147.59375,0.967531398481581
77534176.0,0.9758184072727056,444055.625,0.972066389926603
135904560.0,0.9607931423034975,741527.75,0.9533537162568935
70799320.0,0.9870195205365888,419235.75,0.9736277019282162
67226504.0,0.9884136763450169,400453.5625,0.9748092063645455
64658568.0,0.9611592665854073,389755.03125,0.9754822043806183
