loss,r2,loss_test,r2_test
14526381.0,0.9546657783791855,1190366.5,0.9251192095775265
13174861.0,0.9536352174706259,1076624.25,0.9322742471844305
