loss,r2,loss_test,r2_test
17963022.0,0.873412687691957,1354070.125,0.9148213376698819
16884160.0,0.8638245802299555,1205303.25,0.9241796118965889
17255896.0,0.8808109899399166,1314325.5,0.9173215016940164
