loss,r2,loss_test,r2_test
24559578.0,0.9175115510389047,1598999.5,0.8994138887502784
22883546.0,0.9302077457194041,1374882.125,0.913512147959258
21617258.0,0.9354566269532931,1302315.375,0.9180769926885471
23778868.0,0.912395526084085,1578928.875,0.9006764451455795
20480566.0,0.9112277308569657,1491849.625,0.9061542238728059
