loss,r2,loss_test,r2_test
18482450.0,0.9378939606472516,1537284.875,0.9032960871448186
15794239.0,0.9506612481140342,1281731.625,0.9193718325403892
16042444.0,0.9465700846339429,1302112.5,0.9180897657044291
