loss,r2,loss_test,r2_test
16645061.0,0.935546848107472,1309449.375,0.9176282349454901
13808478.0,0.9182795938663023,1194664.0,0.9248488820094278
