loss,r2,loss_test,r2_test
15104786.0,0.9703023330357577,1351706.0,0.9149700437376147
14218331.0,0.9469894351160778,1321061.75,0.9168977388009099
13701319.0,0.948818895312907,1275875.25,0.9197402279577644
13267894.0,0.9502501387166181,1236057.5,0.9222449970860048
13648604.0,0.9599240196674695,1205861.5,0.9241445024874324
