loss,r2,loss_test,r2_test
13742010.0,0.9784685512434572,1207067.0,0.9240686638004811
12408041.0,0.9731714509569004,1120873.25,0.9294907346460379
12070293.0,0.9767908296485783,1094782.25,0.9311320064144377
