loss,r2,loss_test,r2_test
10817892.0,0.9399287553711908,1200717.5,0.9244680814922372
12514330.0,0.8950907414063078,1414655.125,0.9110101872961911
11161792.0,0.9321466537346186,1202328.0,0.9243667711494373
10770393.0,0.9332198759243064,1156899.75,0.927224462935064
9480853.0,0.9408243713911093,1092080.625,0.9313019583917339
