loss,r2,loss_test,r2_test
216597584.0,0.038072447090175654,15196222.0,0.044071742775307565
209930096.0,0.06265411684180955,14738315.0,0.07287672789603783
30513924.0,0.9148855823319743,2065885.125,0.8700441514653838
20038324.0,0.9696517313919863,1356076.625,0.9146951153017616
