loss,r2,loss_test,r2_test
36909744.0,0.8820214962218237,2806142.5,0.8234777629816243
16929998.0,0.9449224110279447,1353753.5,0.914841263808642
