loss,r2,loss_test,r2_test
227762928.0,-0.17471151002034624,14690024.0,0.07591446576354055
214783792.0,-0.24437894278143268,13948157.0,0.12258205130324162
24339060.0,0.928556475713834,1392488.375,0.9124046138055788
22649690.0,0.9270168796019626,1310553.75,0.917558757038208
