loss,r2,loss_test,r2_test
30867452.0,0.9432309646953955,1321930.125,0.9168431239303747
27289606.0,0.9622508716942866,1183555.5,0.9255476615617748
28450030.0,0.9452345736353285,1250606.25,0.9213297960892581
23996788.0,0.9590735337834713,1087868.5,0.9315669151917498
21968434.0,0.961913627106261,1032465.0,0.935052121441001
23836772.0,0.9679949387545559,1153279.875,0.9274521727954168
17884058.0,0.9680827501982328,888717.0625,0.9440946754111299
15555459.0,0.9769239306706333,804000.875,0.9494237975586017
12611189.0,0.9747929740115615,686050.125,0.9568435642159019
