loss,r2,loss_test,r2_test
24406738.0,0.9183500296647473,1270528.25,0.920076585433284
22075116.0,0.9246767019342382,1186006.0,0.9253935252503624
21714356.0,0.92176563695641,1169748.25,0.9264162206469007
20566336.0,0.9269074330617213,1117345.875,0.9297126200423529
18992024.0,0.9337777730326301,1046485.375,0.9341701511509546
17874894.0,0.9363919312002014,988881.3125,0.9377937734898628
18081974.0,0.9420149305391734,998693.5,0.9371765341130739
16484121.0,0.9479606218225515,930380.3125,0.9414738130201931
11732867.0,0.9560346490606151,692834.125,0.9564168159316765
