loss,r2,loss_test,r2_test
26098850.0,0.9575953171480841,1241637.25,0.9218940001291653
26655260.0,0.9653268229167672,1237056.875,0.9221821274719417
25216286.0,0.966152282860287,1173596.5,0.9261741440046538
27314912.0,0.9385982868571559,1330926.25,0.9162772107155696
21788738.0,0.9670580225799337,1042265.25,0.9344356293351642
21194406.0,0.9746375302045985,995532.4375,0.9373753773766629
19288916.0,0.9766742196848337,914691.125,0.9424607508196926
15985536.0,0.9789124592092726,805918.5625,0.9493031700440425
13453578.0,0.9861749657773604,696856.3125,0.9561637929806928
