loss,r2,loss_test,r2_test
33018724.0,0.9633252317792671,1504305.875,0.9053706484665435
27236894.0,0.9651720059577189,1263964.0,0.9204895133730613
25316496.0,0.9459510312741233,1181151.875,0.9256988704468392
23772212.0,0.9585671467745157,1110053.125,0.9301713860116277
22604424.0,0.9463152418668319,1059517.875,0.9333503282135366
23554774.0,0.9658404012350787,1103453.375,0.9305865397380783
19682828.0,0.9643642578674684,941626.9375,0.9407663389054146
19526850.0,0.9648609082146035,940148.875,0.940859321684196
16901012.0,0.9668629931481013,837161.5625,0.9473377985607876
