loss,r2,loss_test,r2_test
33031366.0,0.8693415612244141,1383784.375,0.9129521413170535
30112290.0,0.862994528526222,1223441.25,0.9230386253080138
29509424.0,0.8632593576433824,1188655.0,0.9252268758637865
28615286.0,0.884065195203836,1228796.25,0.9227017600764924
26461998.0,0.8755858320598376,1099204.625,0.9308538121969325
24557526.0,0.8994300241658157,1066330.625,0.9329217750162421
26504762.0,0.8657361068345353,1039149.25,0.9346316337510553
19016614.0,0.924422365667233,825437.1875,0.9480753349544809
14242789.0,0.9502131297355167,712927.5625,0.9551528179719102
