loss,r2,loss_test,r2_test
1313442944.0,0.9752833761175684,1176364.625,0.9260000225774817
1273215744.0,0.9591368949129719,1155483.25,0.92731356425036
652501440.0,0.970915618127327,624507.75,0.9607149326957591
576467584.0,0.9818738913456968,553532.9375,0.9651796476050258
692118528.0,0.9943034287035667,632767.1875,0.9601953668365312
