loss,r2,loss_test,r2_test
47411332.0,0.8802256996145426,1219891.875,0.9232619002537614
32596032.0,0.9471603016537281,891000.4375,0.9439510393863293
31296272.0,0.9483848610169987,848992.375,0.9465935799735904
