loss,r2,loss_test,r2_test
16853192.0,0.8159424080694452,1988539.625,0.8749096129791908
9642362.0,0.9358168438129951,1298694.75,0.9183047611015213
9485824.0,0.9350702683871129,1258030.0,0.9208627946313317
9330798.0,0.9493024559648444,1325423.375,0.9166233702285196
9137029.0,0.941334506585211,1213736.5,0.9236491057399154
9418763.0,0.9355106671928181,1220299.0,0.9232362984118169
8634785.0,0.9470070318704551,1201001.25,0.9244502238829193
8626657.0,0.9441806011355999,1175303.75,0.9260667491587554
8961039.0,0.949479018864889,1257832.625,0.9208752209553634
