loss,r2,loss_test,r2_test
241846064.0,0.9250029167084954,1401168.75,0.9118585632361704
221840928.0,0.9458406021489337,1283332.375,0.9192711364898087
217372400.0,0.9529207554293674,1260236.5,0.9207240081957984
209321392.0,0.9646433395200756,1212424.75,0.9237316280421258
319541152.0,0.8629955253178523,1814757.375,0.8858415063154141
202627200.0,0.9717139796038565,1173993.0,0.9261492061885914
241696576.0,0.9257301727567285,1407530.875,0.9114583445989556
199450400.0,0.9780036188238196,1161445.375,0.9269385199401382
195098320.0,0.9801706318201032,1135905.75,0.928545101336483
