loss,r2,loss_test,r2_test
7152977.0,0.9639114890560693,2072200.25,0.8696468986967154
5122056.5,0.9902150013278024,1371410.375,0.9137305275391255
5098153.0,0.9905081916291496,1269837.875,0.9201200205159958
5209189.5,0.9910813213977764,1306692.875,0.9178016265680575
5146359.0,0.9915054063001516,1277391.5,0.9196448453595453
5042482.5,0.9893094696387078,1211375.625,0.9237976163832506
4886705.5,0.9897537069148455,1206810.375,0.9240848036350311
4857299.0,0.9893980290456059,1198766.25,0.9245908272956986
4682203.0,0.9893981999345908,1194143.875,0.9248815956837657
