loss,r2,loss_test,r2_test
22795220.0,0.9274226863896025,2257898.75,0.8579654085091191
15509596.0,0.9366561379623485,1355792.375,0.9147129973997462
20487682.0,0.91795757079449,2404223.25,0.8487607581681224
14187735.0,0.9362373559643105,1256969.625,0.9209294985969487
13492973.0,0.9390503004822814,1321695.375,0.9168578877690257
13162504.0,0.9390961909840585,1357402.75,0.9146116840835645
14012010.0,0.9358985144522006,1591356.25,0.8998946897433625
12627720.0,0.9399663996957289,1304077.125,0.9179661778595279
12700379.0,0.9389651136125008,1357137.0,0.914628407041554
