loss,r2,loss_test,r2_test
249156656.0,0.9674208680737695,1494887.875,0.9059631045661428
217612640.0,0.984905617035918,1295884.125,0.9184815681922804
210470672.0,0.9858350426756413,1255060.875,0.9210495698026634
216079328.0,0.9675298599961514,1262397.0,0.9205880886567648
202890640.0,0.9729729410316773,1208256.0,0.9239938656375679
228047744.0,0.953356929888808,1333097.75,0.9161406144314547
197269488.0,0.9747548076106618,1178451.125,0.9258687588949519
200856144.0,0.9623635746534841,1187880.75,0.9252755857440562
194479952.0,0.9648765484378601,1155017.375,0.9273428773171648
