loss,r2,loss_test,r2_test
100057976.0,0.9036373497951012,1239512.25,0.9220276708833571
114943480.0,0.8781839176126721,1426313.625,0.910276810987393
89023840.0,0.9401450583482794,1134235.875,0.9286501529983422
72825456.0,0.945630874314474,998230.375,0.9372056685765549
48764896.0,0.9807714273119729,717210.5,0.9548834039545989
57305784.0,0.9586607228365478,811271.6875,0.9489664238609846
