loss,r2,loss_test,r2_test
115462448.0,0.9876812015266464,1243672.375,0.9217659722030502
118385368.0,0.9754853457936008,1268983.75,0.9201737472152106
96464208.0,0.976716575291695,1029703.1875,0.9352258479216211
71826360.0,0.9926650504656288,821351.625,0.9483323378315751
60773592.0,0.9891771458748111,729016.25,0.9541407608099438
