loss,r2,loss_test,r2_test
98047240.0,0.9368513699858084,1257320.25,0.9209074534444541
58156640.0,0.9820095774702858,819250.875,0.9484644895254593
47038268.0,0.9783453603970842,696614.5625,0.9561790029339863
59158816.0,0.9638412865254821,842348.125,0.947011540643043
