loss,r2,loss_test,r2_test
120243472.0,0.8489537110789743,1390960.25,0.9125007302159388
115254520.0,0.8150079105150112,1324001.25,0.9167128328248939
95743664.0,0.8223301459446153,1158711.375,0.9271105080816414
91543888.0,0.7874371521175529,1149701.0,0.9276773052851257
83534032.0,0.8489772346298166,985472.875,0.9380081797445602
109525864.0,0.6690864585823779,1388563.875,0.9126514795059535
52442584.0,0.9088247171803442,652374.875,0.9589619334909623
