loss,r2,loss_test,r2_test
60163500.0,0.7487117495945823,720889.1875,0.9546519962000621
58665928.0,0.6895181848520756,734585.9375,0.9537903963614465
