loss,r2,loss_test,r2_test
88970688.0,0.8540224775859421,1234442.875,0.9223465586702377
83373992.0,0.8414299166764952,1194154.25,0.9248809395740697
72475368.0,0.8641092930783807,1040685.5625,0.9345349965117709
51853672.0,0.9136160510060135,766808.75,0.9517633934094852
42707904.0,0.951893521463358,621241.875,0.9609203725558494
