loss,r2,loss_test,r2_test
107051720.0,0.8888901001537124,1234898.0,0.9223179328666269
108954968.0,0.8798624285533739,1245182.125,0.9216710096010574
99404984.0,0.9068099804352885,1140587.5,0.9282505914695979
48674852.0,0.9739867889009601,654934.6875,0.9588009038427652
