loss,r2,loss_test,r2_test
529150816.0,0.9325170311652515,962715.5,0.9394397484505008
246528816.0,0.9207500097199156,482521.46875,0.9696466687099626
189241968.0,0.9575924892568657,385309.28125,0.9757618670135291
154877840.0,0.9486034499523628,334889.9375,0.9789335297938269
170724384.0,0.9338485186395252,371820.0,0.976610420949019
