loss,r2,loss_test,r2_test
7576246.0,0.9725598527447138,1235666.875,0.9222695646437695
2174654.75,0.9802573579320787,699874.3125,0.9559739494394448
2652959.0,0.9651652799333703,687484.5,0.9567533384494038
2845563.0,0.9737820904356959,616770.5,0.9612016483848976
1159204.25,0.9916023896153688,571030.8125,0.9640789302416896
1403522.875,0.9849424137110158,538398.0625,0.9661317130500683
