loss,r2,loss_test,r2_test
9094990.0,0.9637085368339301,1260366.25,0.9207158342278124
6183252.0,0.9784848233849625,962444.0,0.9394568267182124
4064427.0,0.9830380584353484,738677.25,0.9535330292175149
3736145.5,0.9795016252357157,705614.6875,0.9556128483083428
5718400.0,0.9642084649601769,854950.1875,0.9462187971234445
3745620.0,0.9896935720783699,621461.875,0.960906532658609
4026574.75,0.9753957208299255,661487.75,0.958388679560506
2666130.75,0.990912058893014,514851.3125,0.967612941668733
2300867.5,0.9938729761871764,496853.9375,0.9687450801494826
