loss,r2,loss_test,r2_test
62877104.0,0.1582409592738293,13025872.0,0.18059898307669442
10212586.0,0.9028817031460341,1717615.125,0.8919522845253842
5627053.5,0.968574133634089,1381933.5,0.9130685825848074
5631405.5,0.9764748610271637,1483302.375,0.9066918994207595
