loss,r2,loss_test,r2_test
75671448.0,0.19290338302233612,12978916.0,0.18355284184770626
11356884.0,0.9295958282320509,1810218.25,0.8861270518360216
9003501.0,0.9379164782277497,1682576.875,0.8941563946387503
8233808.0,0.9426796365694249,1463848.0,0.9079156877955665
