loss,r2,loss_test,r2_test
147614208.0,0.8301754919242854,1538645.5,0.9032104948610304
131409152.0,0.8228122864644637,1383328.375,0.9129808259038033
128733152.0,0.8333229164773729,1347793.625,0.9152161676893434
124304104.0,0.8376786190809675,1282536.0,0.9193212385857688
