loss,r2,loss_test,r2_test
154601888.0,0.9717445710630904,1808041.5,0.8862639835295534
114903320.0,0.9817370673963141,1310294.25,0.9175750829390437
113811720.0,0.9843177082883227,1290132.5,0.9188433782938517
119608480.0,0.9702864326469137,1378326.125,0.9132954958625149
