loss,r2,loss_test,r2_test
186446800.0,0.9652525713402224,1729023.625,0.8912346401583819
159874048.0,0.9474212953854687,1379242.0,0.9132378801896821
165140960.0,0.9289983718159807,1494572.0,0.9059829686075717
154596528.0,0.9465677146272391,1315142.0,0.9172701327699465
