loss,r2,loss_test,r2_test
66442364.0,-0.09394721224663605,13331476.0,0.1613747686090139
10081589.0,0.9602110653377963,1724329.75,0.8915299025618438
7018627.0,0.958086345408745,1295189.75,0.9185252377411658
6704508.0,0.9497877637463272,1263528.375,0.9205169228907439
