loss,r2,loss_test,r2_test
57025496.0,-1.1814317310487685,12988030.0,0.1829794407910923
7935806.0,-0.1370049307627954,1834499.75,0.8845995865217594
5151735.0,0.03721450395825787,1305104.75,0.9179015243884772
4825450.5,0.2222659825743255,1285740.75,0.9191196352927187
