loss,r2,loss_test,r2_test
57991792.0,0.13683221517075617,13112475.0,0.17515116187401902
8550706.0,0.8486416974771843,1838373.25,0.8843559207062573
5750809.0,0.9152518659811009,1308242.0,0.9177041844138841
5134679.0,0.9398586649388591,1300641.375,0.9181823091646236
