loss,r2,loss_test,r2_test
15594794.0,0.9560380895148614,1192843.0,0.9249634270724701
