loss,r2,loss_test,r2_test
30883028.0,0.918248833048948,1424097.625,0.9104162035389921
16100837.0,0.9307779276123898,1035936.625,0.9348337333696212
