loss,r2,loss_test,r2_test
23200558.0,0.7812268211685853,1433858.0,0.9098022203468994
19784464.0,0.8299519738355882,1195751.625,0.9247804639159292
16321162.0,0.907359921315179,1096599.75,0.931017677310801
