loss,r2,loss_test,r2_test
17833824.0,0.9174380173046088,1167483.625,0.9265586743810196
15494087.0,0.9208155438381299,1131657.875,0.9288123201327165
11862923.0,0.9392941125641282,963008.5625,0.9394213140545887
