loss,r2,loss_test,r2_test
2270377.0,0.971706845810249,597284.25,0.9624274430091163
