loss,r2,loss_test,r2_test
196475312.0,-0.06279694878726194,15334522.0,0.0353718322858656
11398000.0,0.9691551737779285,1133194.0,0.9287156962720055
11233294.0,0.9660438320763058,1092360.5,0.9312843425986066
4444481.0,0.9590946683509183,553824.125,0.9651613325643953
3996492.75,0.9682039093956231,616761.4375,0.9612022185991045
