loss,r2,loss_test,r2_test
102238936.0,0.9937505051039279,468133.34375,0.9705517684059565
