loss,r2,loss_test,r2_test
11391182.0,0.9340162494725486,1255328.5,0.9210327311931072
7636995.0,0.9434850970976236,872537.0625,0.9451124877127115
4549746.5,0.9647195643360594,643107.875,0.9595448764009532
4665537.0,0.9645878159025004,574624.6875,0.9638528575538233
3559486.5,0.9768233743685121,520484.625,0.9672585718329386
