loss,r2,loss_test,r2_test
189681664.0,0.9768442695781057,840051.875,0.947155981590827
143261168.0,0.9876534073664268,652328.3125,0.9589648583859642
115776984.0,0.9780385718416703,541972.4375,0.9659068676203795
102741016.0,0.9717672333742671,494876.0625,0.9688695000646602
