loss,r2,loss_test,r2_test
39079972.0,0.9171368894284121,1361099.0,0.9143791807610435
34818332.0,0.9465405262652589,1234208.375,0.9223613176452977
34390448.0,0.9505287518057572,1226954.5,0.9228176234429373
34997660.0,0.9478665119058004,1228660.25,0.9227103287883632
37961832.0,0.9466730818659876,1385905.75,0.9128186976343031
32084960.0,0.9608486750109497,1146837.875,0.9278574117625625
