loss,r2,loss_test,r2_test
317691360.0,0.23119864646858967,12358344.0,0.22259032644783827
27272492.0,0.9530611529844397,1228131.0,0.9227436152599805
27214860.0,0.9537890147017678,1220556.0,0.9232201276471212
25236218.0,0.947202114311988,1152073.5,0.927528071750259
26353788.0,0.9583097911036809,1153610.0,0.9274314077779022
