loss,r2,loss_test,r2_test
40255496.0,0.7968826903673145,1329769.5,0.9163499804553519
35749984.0,0.8328831548606316,1179082.625,0.9258290338766865
