loss,r2,loss_test,r2_test
2351038.5,0.9863334217367371,605131.125,0.9619338259047212
