loss,r2,loss_test,r2_test
3565301.75,0.9943748508681823,1210602.625,0.9238462432432499
3023262.5,0.9867482584310758,1139252.75,0.928334556011974
1306356.875,0.9486317231948792,644088.75,0.9594831771454004
886419.6875,0.9871422265919017,606562.25,0.9618438044327994
