loss,r2,loss_test,r2_test
71377672.0,0.9541966210899898,761787.125,0.9520792818820419
