loss,r2,loss_test,r2_test
119647752.0,0.36376414676508106,1123239.625,0.9293418767382229
109808600.0,0.4321578133017767,1074388.375,0.9324148877024488
89413096.0,0.7412037566986365,862571.8125,0.9457393557996888
48390712.0,0.9278191448561149,545030.75,0.9657144854863434
59306868.0,0.924056420214328,630211.9375,0.9603561076171723
44987360.0,0.948720409634944,522340.8125,0.9671418089650008
