loss,r2,loss_test,r2_test
125010120.0,0.9034177080208892,1263966.875,0.9204893380036016
49395328.0,0.9726528420445186,543378.8125,0.9658183986545262
39883684.0,0.9712348525722417,450808.84375,0.9716415761949591
35125080.0,0.9652990281235764,398755.40625,0.9749160308459273
