loss,r2,loss_test,r2_test
158297200.0,0.9412140045478319,1369698.0,0.9138382540685422
104982728.0,0.9695073049727946,1003457.4375,0.936876852783738
72495832.0,0.9690714421646437,660059.5625,0.95847852086194
48843800.0,0.9743103076500149,448868.90625,0.9717636084757725
47533260.0,0.9740882257527672,439954.40625,0.9723243787129214
