loss,r2,loss_test,r2_test
8997312.0,0.9559048595218109,1256804.0,0.9209399270232927
2812597.75,0.9834778651329837,934015.0,0.9412451733451503
1822373.375,0.984504054036817,599327.3125,0.9622989223383368
1622920.75,0.9858242467140148,569490.75,0.9641758164230639
1571609.75,0.9839972997569681,522779.71875,0.9671141987817023
