loss,r2,loss_test,r2_test
11112987.0,0.9610296285968944,1186432.5,0.9253666840909371
5647789.0,0.9643005641204433,800865.5625,0.9496210234965137
1562162.5,0.9943434394780193,536552.5625,0.9662478066977486
1424780.875,0.9873486658913432,479319.375,0.969848100095229
898422.0,0.9974111006946526,477170.53125,0.9699832754491001
961699.625,0.9948277308796708,498152.28125,0.9686634056926647
720427.3125,0.9979069720878878,498353.78125,0.9686507308270834
1011352.875,0.998076161644317,485217.96875,0.9694770499484019
