loss,r2,loss_test,r2_test
12257434.0,0.9243820333656328,1354114.375,0.9148185424286531
1038786.75,0.9918004141348611,599283.1875,0.9623016999225853
1751430.875,0.9935089537694193,641066.3125,0.9596733024596156
529694.125,0.9974626537335343,512047.46875,0.9677893179880142
372159.09375,0.9982623439318876,516534.6875,0.9675070468237977
421870.125,0.9981034828574704,519351.875,0.9673298319158644
283247.8125,0.9982396290554624,491569.25,0.9690775122426571
