loss,r2,loss_test,r2_test
50027496.0,0.962060666183523,546587.25,0.9656165717674156
36382656.0,0.9799298424344809,454123.96875,0.9714330342708829
41064396.0,0.9784338858412509,485345.6875,0.9694690117569439
32257658.0,0.9840645478125297,425176.5625,0.9732539903622217
28485070.0,0.99380093706361,466827.625,0.9706339058462418
24360672.0,0.9968352880528428,426490.59375,0.9731713324068241
22954454.0,0.9832396013995416,425605.6875,0.9732269950399889
31831158.0,0.9710109169795249,484485.3125,0.9695231319056553
