loss,r2,loss_test,r2_test
266072048.0,0.9358653372477964,1247875.75,0.9215015534292152
87317456.0,0.9812532714042799,501690.375,0.9684408400168338
85986488.0,0.9769307083941903,515839.4375,0.9675507825652357
58651860.0,0.9840324513358728,411897.6875,0.9740893060270659
72401232.0,0.9838180490298272,469610.6875,0.9704588303112436
59398172.0,0.9875423368728193,412869.71875,0.9740281591984837
54782564.0,0.9883260041260857,385464.9375,0.9757520780194626
67369456.0,0.9842608013581218,465681.0,0.9707060348894734
