loss,r2,loss_test,r2_test
2341127.25,0.9884962291842557,947032.0,0.9404263353345763
1987064.25,0.989486727180489,646399.9375,0.9593377912661308
1838507.375,0.9893669107256493,600985.5625,0.9621946127789656
2171348.5,0.9817998191579121,684213.0625,0.9569591270705399
1713983.125,0.9870038613144876,576725.125,0.9637207301703982
1048012.25,0.995266853278159,638089.4375,0.9598605642070867
962730.625,0.994805896973044,616442.125,0.9612223085212421
879283.25,0.9932753249377865,599981.3125,0.9622577844444492
