loss,r2,loss_test,r2_test
645341440.0,0.9769572867820011,632064.5,0.9602395679939276
