loss,r2,loss_test,r2_test
19143084.0,0.9502066436115689,1082390.625,0.9319115057239007
14693096.0,0.9644445511617064,843557.9375,0.9469354325521954
11113879.0,0.9753315710196249,705095.375,0.9556455162281808
7359238.0,0.9677308864177564,518737.34375,0.967368485468919
6219499.5,0.9850849051593454,477796.5625,0.9699438949088259
