loss,r2,loss_test,r2_test
25553206.0,0.9241068014538377,1225443.75,0.9229126487172501
21081310.0,0.9375955929128942,1068296.5,0.9327981116079381
15533192.0,0.9548230779169542,822509.0,0.948259526934152
12033983.0,0.9365400654431122,700242.3125,0.9559507967306435
8542382.0,0.9650287277673282,472447.75,0.9702803634924013
6692387.5,0.9701929927629072,433023.0625,0.9727604017692969
