loss,r2,loss_test,r2_test
7891336.0,0.987423727930201,477504.25,0.9699622807889202
