loss,r2,loss_test,r2_test
15383252.0,0.9737356958528056,733587.875,0.9538531737434717
