loss,r2,loss_test,r2_test
38696108.0,0.7251758373422639,1500721.5,0.9055961339407458
37319028.0,0.7355586342126058,1445887.5,0.9090454899586495
33883712.0,0.8711550380397044,1334871.375,0.9160290487821845
27502030.0,0.8390977417044252,1140404.125,0.9282621431013716
18980418.0,0.8361378106316144,812595.625,0.9488831415891674
