loss,r2,loss_test,r2_test
38742008.0,0.7594766877848892,1488221.5,0.9063824550910164
31876590.0,0.7292968341192521,1203980.875,0.924262792913298
24847192.0,0.7589379139909451,1024221.0,0.9355707077482613
