loss,r2,loss_test,r2_test
21415244.0,0.9287188875596153,1145173.75,0.9279620986561288
24575890.0,0.9218138989284782,1260549.0,0.9207043382973907
16780162.0,0.9445516276679385,924917.1875,0.9418174767615237
