loss,r2,loss_test,r2_test
163041648.0,0.8488722684032699,1520283.75,0.9043655534314922
