loss,r2,loss_test,r2_test
166498864.0,0.8950745285800431,1392448.375,0.9124071278295203
151424016.0,0.8483023446023393,1257466.375,0.9208982587983497
