loss,r2,loss_test,r2_test
32853594.0,0.7723492841187956,5290106.5,0.6672223947391143
10896542.0,0.9610809936652617,1464831.375,0.9078538270475227
10050784.0,0.9601846255367559,1325361.875,0.9166272465525556
10653451.0,0.9744785785891045,1652701.875,0.8960357129927523
