loss,r2,loss_test,r2_test
5159414.5,0.9162167772393833,1529414.625,0.9037911776159464
4409153.0,0.9942739126787948,1309830.75,0.9176042385975527
