loss,r2,loss_test,r2_test
34668640.0,0.49526467017010456,5588017.5,0.6484820831833492
