loss,r2,loss_test,r2_test
283042688.0,0.9145234962845039,1711021.625,0.8923670705161987
271890176.0,0.9022678499898087,1756250.75,0.889521896056412
