loss,r2,loss_test,r2_test
6076891.0,0.9488019405991143,1365647.375,0.9140930582556774
5209830.0,0.9416518342388583,1261901.875,0.920619229568191
