loss,r2,loss_test,r2_test
108734496.0,0.9753610150475459,1182568.625,0.9256097439049079
89656720.0,0.9759584900259831,1048328.1875,0.9340542291295708
94925416.0,0.962093094457835,1115389.25,0.9298357137503374
