loss,r2,loss_test,r2_test
120994064.0,0.8767869737224594,1278788.375,0.9195569876852845
