loss,r2,loss_test,r2_test
115927432.0,0.9426691798915925,1170724.0,0.9263548451227527
112056584.0,0.9524327662330615,1175627.875,0.9260463580220328
110340624.0,0.9629414470173014,1218282.875,0.9233631265009665
85356344.0,0.9465766897924278,786107.0625,0.9505494167555759
75371232.0,0.9449853361085332,703256.5625,0.9557611863010581
