loss,r2,loss_test,r2_test
157152928.0,0.936239581300341,1144727.0,0.9279902018975095
120739504.0,0.9333850537754369,909197.0625,0.9428063624883017
60338040.0,0.9601208539756634,482544.75,0.9696452062483226
37872532.0,0.9805789143464463,340646.21875,0.9785714263148388
37133852.0,0.9788297488951029,332288.25,0.9790971895247854
40410520.0,0.9777687445054588,376664.46875,0.9763056754669885
