loss,r2,loss_test,r2_test
135235024.0,0.9579385384286107,484796.84375,0.9695035375540954
190901040.0,0.9628241333504332,677958.5625,0.9573525713728358
129152568.0,0.967082502661531,470347.1875,0.9704125011818461
