loss,r2,loss_test,r2_test
620133120.0,0.13262005407453903,13597259.0,0.14465558056936834
63270980.0,0.9721013577510191,1345034.25,0.9153897405821529
