loss,r2,loss_test,r2_test
158384384.0,0.6410928443866797,3302405.25,0.7922600278002909
82609120.0,0.724658790465653,1696753.375,0.8932646147151675
66018648.0,0.730872652681053,1341866.125,0.9155890351460151
