loss,r2,loss_test,r2_test
75052168.0,0.9318492611457485,1622615.125,0.8979283258322167
62756692.0,0.9265258148677715,1380233.75,0.9131754923269901
