loss,r2,loss_test,r2_test
708948416.0,0.1509090565014447,13483982.0,0.15178124260789427
209464576.0,0.7560009744026587,4433859.0,0.7210852187245551
