loss,r2,loss_test,r2_test
635928704.0,0.027223148184207124,13163274.0,0.17195553847736567
198049344.0,0.7112517667739294,3940901.0,0.7520950291104589
162349632.0,0.7203470563831915,3045580.0,0.8084158011210183
