loss,r2,loss_test,r2_test
3349421.25,0.9502935570310321,1300140.0,0.9182138417517687
2482043.25,0.9709632871640849,1093986.375,0.9311820676054543
524120.96875,0.9950286046609966,620822.75,0.9609467348026451
494111.59375,0.9922264451431916,581749.4375,0.963404669399959
