loss,r2,loss_test,r2_test
664496.625,0.9899453458161914,663622.8125,0.9582543681561104
196180.578125,0.9956093357984112,524905.5625,0.9669804745178011
