loss,r2,loss_test,r2_test
103532712.0,0.8999379573408306,1119045.375,0.9296057194879472
41772696.0,0.9744476737239177,513808.0,0.9676785724037177
44185840.0,0.9694207484135249,531999.5,0.9665342216909709
36438176.0,0.9782331326272291,468515.15625,0.9705277458089488
