loss,r2,loss_test,r2_test
749039.6875,0.9916534512199976,666564.0,0.9580693524076078
