loss,r2,loss_test,r2_test
42997604.0,0.9303409765830262,1396809.875,0.9121327650999984
27271134.0,0.9447109293715147,981742.375,0.9382428530279487
17158350.0,0.9638885950873389,748237.1875,0.952931649200959
10731800.0,0.9747432606419193,605775.4375,0.9618932985943477
10065970.0,0.9800488424333216,609377.375,0.9616667179362893
9199754.0,0.9778083034356504,556639.75,0.9649842081613168
