loss,r2,loss_test,r2_test
33685408.0,0.8754178221130938,1113627.625,0.9299465276400787
27684364.0,0.9529056654393704,973638.125,0.9387526530898509
12904050.0,0.981851404359322,566637.75,0.9643552819398677
10976572.0,0.987521700943772,538161.4375,0.9661466030669303
