loss,r2,loss_test,r2_test
34149980.0,0.9644583095920449,1202465.875,0.9243580940526197
31908624.0,0.9667236300327214,1125528.0,0.9291979284362429
14718899.0,0.9681783750072745,602956.8125,0.9620706087913462
12169019.0,0.9762418586392291,520900.6875,0.967232403015751
