loss,r2,loss_test,r2_test
28667962.0,0.9488092956966855,1221666.375,0.9231502774805465
26006814.0,0.9546370546543629,1135295.625,0.9285834844860525
23503902.0,0.9610304491338817,1018032.4375,0.9359600043712969
15921338.0,0.9740939847106241,716964.75,0.9548988664099876
14015865.0,0.9733751276031956,643793.1875,0.9595017693588574
11115972.0,0.9794337019068988,539375.0625,0.9660702602761335
9422109.0,0.9790632717462594,510007.8125,0.9679176246659382
