loss,r2,loss_test,r2_test
27860988.0,0.958416386903745,1184056.625,0.925516148063187
19100568.0,0.9637820541897398,862115.5625,0.9457680599276592
13992019.0,0.9747298654911584,688212.625,0.9567075335822139
12705238.0,0.9770700278643197,656925.875,0.958675648860168
10300673.0,0.9768824348977483,533401.1875,0.9664460447900725
10406767.0,0.9788753364403436,540001.75,0.9660308380112506
8877320.0,0.9819599566304604,484641.5,0.9695133076259667
