loss,r2,loss_test,r2_test
52991788.0,0.7166662274647524,5011576.5,0.6847435165689841
72827768.0,0.44038605781777707,9546582.0,0.39946603595522145
70237144.0,0.6536844070622646,6384469.0,0.598380831066124
64674328.0,0.7564390448551707,4805587.0,0.6977014099297882
59749108.0,0.7935618383137675,4187411.0,0.7365881639011579
