loss,r2,loss_test,r2_test
97891560.0,-1.3513891479494613,30992338.0,-0.9495932307062127
45067504.0,-0.016749444560373528,16156124.0,-0.01631160555484712
16816242.0,0.5812578706283826,4965953.0,0.6876134759377045
4759556.0,0.8825649691272376,1385287.625,0.9128575741074577
4416797.5,0.8872946963012139,1267103.375,0.9202920439343081
4064489.75,0.9273714719181589,1948300.125,0.8774409106264273
3898521.0,0.9084804461687855,1349743.0,0.9150935395658989
3857550.5,0.9116058429472533,1364499.875,0.9141652377830931
4519964.5,0.8810365224810106,1224304.75,0.9229843142713058
