loss,r2,loss_test,r2_test
356671744.0,0.01923506282756049,15368295.0,0.0332472529502954
155414768.0,0.5144718860398272,6538703.5,0.5886785533294971
29612810.0,0.9602135858847606,1273576.125,0.9198848625702574
28625688.0,0.9679329017717142,1250997.875,0.921305162231401
28574038.0,0.9653442707042653,1243605.25,0.9217701978585967
30963748.0,0.972574238417531,1401017.25,0.9118680930745614
27912382.0,0.9682210559206138,1221063.25,0.9231882287581675
27716242.0,0.9648111953501323,1203989.875,0.9242622339957366
29149966.0,0.9582623129203564,1249016.0,0.9214298286303716
