loss,r2,loss_test,r2_test
305832288.0,0.06375473619729555,14657888.0,0.07793593794442544
160649168.0,0.41587863200229236,7764849.5,0.5115470518188915
25239478.0,0.9389658221345368,1303713.75,0.9179890425655342
23539364.0,0.9555843628544458,1256395.25,0.9209656418564052
24012754.0,0.9487438257774112,1262991.25,0.9205507070037509
23268724.0,0.9561652108788806,1232144.375,0.9224911549025299
24314486.0,0.9505899844371689,1278937.875,0.9195475736017334
25871654.0,0.9596223569158101,1401132.375,0.9118608448654716
22065560.0,0.9624000325054124,1203660.875,0.9242829259191561
