loss,r2,loss_test,r2_test
137853904.0,0.8597362015600754,1357693.625,0.9145933912561718
146699840.0,0.8538873227989912,1453720.375,0.9085527635060006
132256536.0,0.8667874232101593,1308290.75,0.9177011140699621
89300216.0,0.9294950331713263,925702.1875,0.9417681058090399
76064232.0,0.9326998277112687,800483.4375,0.9496450701744658
77093208.0,0.9792831321845803,764552.375,0.9519053337190664
57468296.0,0.965005510748137,582086.5,0.9633834638991232
54552664.0,0.9538772014343577,557377.1875,0.9649378244518382
93986560.0,0.8873522639902911,925582.5,0.9417756299373488
