loss,r2,loss_test,r2_test
144858752.0,0.9675963952570864,1329601.5,0.9163605430671151
126073504.0,0.9794897154603541,1159819.375,0.92704081144723
137197584.0,0.9773693417729101,1275844.625,0.9197421652614612
107099432.0,0.9849305145806249,1022291.5,0.9356920775916466
69530832.0,0.983719048406195,743341.6875,0.9532396096698664
87619928.0,0.9757998403054572,853185.0625,0.9463298320485442
94337792.0,0.9675216026133419,888313.5625,0.9441200568203854
85106104.0,0.9756437940063706,795652.625,0.9499489518998132
51034400.0,0.9932000697707544,526900.0,0.9668550122349393
