loss,r2,loss_test,r2_test
135710544.0,0.977497826949529,1189537.75,0.9251713531165953
129034936.0,0.9773984680723403,1198599.0,0.9246013386857737
132807872.0,0.9689443942587032,1216011.75,0.9235059869038491
97590440.0,0.9856491768819606,983387.6875,0.9381393501865046
80243056.0,0.9936648196736817,852363.8125,0.9463814981226053
64491140.0,0.9952300156392786,691983.875,0.9564703022659956
59722204.0,0.9889700188236799,650685.0625,0.9590682288858314
59019964.0,0.9802708821645475,597391.375,0.9624207019870471
47747872.0,0.9955016616470592,534142.3125,0.966399426645731
