loss,r2,loss_test,r2_test
114689288.0,0.7764340184944544,1216473.875,0.9234769197025244
129284760.0,0.6398248234975845,1302311.75,0.9180772190658062
59293640.0,0.8697790257323023,646804.625,0.9593123330761513
48526296.0,0.8702512925983503,689891.25,0.956601940160932
