loss,r2,loss_test,r2_test
115984800.0,0.9645783606228082,1158218.125,0.9271415320650102
123771328.0,0.9160495117013968,1233875.0,0.9223822823632758
78148424.0,0.939914174002637,816228.4375,0.9486546140116945
67541760.0,0.9469099452322983,861948.6875,0.9457785547987194
