loss,r2,loss_test,r2_test
93424416.0,0.8779748360452319,1160139.0,0.9270206974667153
80968168.0,0.9052408849331253,995460.0625,0.9373799357237645
65193024.0,0.9014125494515091,794232.1875,0.9500383044923028
50830760.0,0.809185716998904,711753.1875,0.955226701076032
