loss,r2,loss_test,r2_test
114319584.0,0.7503797811529774,1335208.125,0.9160078643674416
108699632.0,0.8970054628130448,1169324.75,0.9264428590372689
86085504.0,0.920381226157862,945779.0625,0.9405051531690274
63864656.0,0.9723175254725409,748705.5,0.9529021880773368
