loss,r2,loss_test,r2_test
20174910.0,0.8678968815195146,1405050.125,0.9116144001602794
14792245.0,0.9003252342053802,991576.5625,0.9376242287243679
13175686.0,0.9052944751437941,936223.25,0.9411062635427172
6235137.5,0.9649019381386024,486595.90625,0.9693903647264944
5166353.5,0.9676147979562123,478182.71875,0.9699196006671108
4424093.0,0.9739331513622586,439017.3125,0.9723833277396282
