loss,r2,loss_test,r2_test
38636836.0,0.9230785208192219,1252445.625,0.9212140896252177
23378262.0,0.960219949756226,861924.1875,0.9457800979760387
17751098.0,0.9578993049683798,685632.1875,0.9568698591540594
11783885.0,0.9720566380198812,485516.1875,0.9694582884655366
12095328.0,0.9708107198830903,490859.75,0.9691221459242455
11680134.0,0.969555212389449,469684.90625,0.9704541612348586
