loss,r2,loss_test,r2_test
2377333.25,0.9306723560826288,1229969.625,0.9226279570833061
2402341.0,0.927919747208281,1304429.75,0.917944000068333
1099855.25,0.9711840898239863,860071.375,0.9458966482691771
579085.8125,0.9878072020836002,595914.0,0.9625136374430158
428056.5,0.9919207818022977,511886.53125,0.9677994452615305
358378.875,0.9939291036768592,524159.0,0.9670274342030941
