loss,r2,loss_test,r2_test
1904548.375,0.9426839867409404,1213352.125,0.9236732964947275
1899906.75,0.9383832178713616,1238001.375,0.922122719111494
1612350.0,0.946622099335288,1075749.25,0.9323292855379797
1141759.125,0.9611486809547642,755891.8125,0.9524501266875417
686353.25,0.9756719719726898,579383.3125,0.9635535127198381
542901.625,0.9823214100759996,513372.15625,0.9677059884129243
500944.4375,0.9829848212912701,519921.34375,0.9672940085233657
