loss,r2,loss_test,r2_test
45991600.0,0.8303465281165305,1440577.25,0.9093795376843037
39411384.0,0.842058244924741,1371026.0,0.9137547201916264
29175566.0,0.9124592882849349,1012605.6875,0.9363013741626685
26587300.0,0.93366696739102,1007653.6875,0.9366128855265536
27304554.0,0.9224672014193278,1082199.75,0.9319235128457
18061956.0,0.948714725990183,745163.0625,0.9531250309977158
13986640.0,0.9515078105432058,593193.3125,0.9626847845524089
12082336.0,0.9587704643254078,538466.5,0.9661274060956353
10501733.0,0.963106480633088,469242.3125,0.9704820048875068
