loss,r2,loss_test,r2_test
26997442.0,0.8301257091277704,1542962.375,0.9029389385304587
28110778.0,0.8151460552826255,1519140.25,0.9044374834002312
26823700.0,0.8296636336767274,1460824.5,0.9081058837791685
25310916.0,0.8489612783508586,1375834.875,0.9134522044408349
24361950.0,0.8681593675991367,1337984.0,0.9158332397673341
23068342.0,0.8704911448242009,1289899.5,0.9188580233978327
23053048.0,0.8847714808474318,1390792.5,0.9125112861535818
21467924.0,0.8863784942583249,1260079.0,0.9207339096030958
19989532.0,0.8958040263292658,1211242.0,0.9238060205905497
