loss,r2,loss_test,r2_test
20493396.0,0.9095051461112239,1638736.375,0.8969142086681323
17123944.0,0.9323062896817971,1267150.75,0.9202890547198662
16805542.0,0.9398782180822564,1299131.375,0.918277286952423
16815782.0,0.9422651667846109,1320874.5,0.9169095320952736
16429516.0,0.9464255284371292,1287244.75,0.9190250311801483
17776850.0,0.9426849224396309,1458202.375,0.9082708289573949
20274432.0,0.9287844782069798,1705086.625,0.8927404169320043
15426664.0,0.9530860870122418,1174586.25,0.9261118807343358
15433114.0,0.9518648150963294,1197887.125,0.9246461255695074
