loss,r2,loss_test,r2_test
18057800.0,0.9143010908884299,1527824.25,0.9038912178663661
16351722.0,0.9126931042872399,1359117.375,0.9145038361181239
15757613.0,0.9130204612732862,1278254.0,0.9195905924295228
16899304.0,0.8979112902530366,1296938.0,0.9184152689385564
17503294.0,0.8942864365371959,1324520.125,0.9166802055992523
15870226.0,0.9058629631748284,1219143.25,0.9233089965167379
15222990.0,0.9233632726805497,1271562.0,0.9200115637841377
17652410.0,0.923782962892467,1555898.5,0.9021251791484494
17592932.0,0.9248170519525571,1539523.0,0.9031553015100442
