loss,r2,loss_test,r2_test
15117484.0,0.9157808546036721,1359859.0,0.9144571777632698
13966926.0,0.915461251357787,1262530.875,0.9205796723092777
15208216.0,0.9221642729910868,1360057.25,0.9144447022615906
13708772.0,0.9133757254490404,1244321.0,0.9217251642799362
13214983.0,0.9208205198596032,1209484.5,0.9239165871842309
13329907.0,0.916534361264649,1221600.5,0.9231544238134339
13022319.0,0.9188613770513949,1203770.125,0.9242760575526365
12365878.0,0.9304151850494118,1154645.75,0.9273662462501499
12171494.0,0.9353108024836481,1143045.375,0.9280959748115258
