loss,r2,loss_test,r2_test
21005938.0,0.7699593345885899,3509975.75,0.7792026691623901
7041150.0,0.9919838572671956,1192187.25,0.9250046823139244
7310205.0,0.997031791149581,1194658.75,0.9248492067130569
5617831.0,0.9807732300749695,1007615.5,0.9366152863211263
5034666.5,0.9747092101368399,941400.0,0.9407806143068752
