loss,r2,loss_test,r2_test
379594304.0,0.9360772596826454,1329600.5,0.9163606155248593
410411680.0,0.9399268866796942,1487076.625,0.9064544684181013
272619040.0,0.882134716840148,1130565.25,0.9288810512284325
278450080.0,0.8494060922771496,1240505.5,0.9219651923968095
201604208.0,0.9148044947719128,858397.8125,0.9460019256611902
