loss,r2,loss_test,r2_test
21362200.0,0.9717766146490017,1715157.5,0.8921068965757482
16684880.0,0.9703866691179364,1241831.5,0.9218817842536078
11811874.0,0.9716916948133846,1101064.125,0.9307368386122946
