loss,r2,loss_test,r2_test
20818394.0,0.9400330614402868,1326196.875,0.9165747135481764
22772788.0,0.9467678997391882,1430649.25,0.9100040753763231
19947772.0,0.9392738228555831,1217408.75,0.9234181069501706
19240860.0,0.9392229328583444,1135749.875,0.928554910664512
19125184.0,0.9178549090088568,1101022.5,0.9307394630779966
18540598.0,0.9071632625074172,1080897.875,0.9320054160593303
16716033.0,0.938168919119814,970115.0625,0.9389742770714639
14915641.0,0.9450175757840246,849510.625,0.9465609836545594
