loss,r2,loss_test,r2_test
776571264.0,0.8271764831039471,3056743.5,0.8077135555830407
505071712.0,0.9161738294939685,1631135.5,0.8973923599552514
460959616.0,0.9246166755163988,1543337.5,0.9029153431319287
265189968.0,0.9584680945528761,1122866.125,0.9293653671868196
226715344.0,0.9786536704968914,1002744.6875,0.9369216899917532
