loss,r2,loss_test,r2_test
112129744.0,0.86559441190616,1359377.375,0.9144874789232224
92967760.0,0.8783340599751355,1162610.375,0.9268652373600946
69930880.0,0.9144476187539807,903873.5625,0.9431412482425174
68929832.0,0.8987007149548468,906504.75,0.9429757222430425
53621340.0,0.928770238179304,728416.5625,0.9541784772116235
95090496.0,0.921116874379301,1112642.5,0.9300084983376122
49547836.0,0.9212781314009709,681401.125,0.9571360189599317
