loss,r2,loss_test,r2_test
134095480.0,0.9651336978427927,1371901.125,0.9136996573961906
114631120.0,0.9639874486099523,1156905.5,0.927224108930316
106010160.0,0.94524363626694,1030625.25,0.9351678396622051
98534784.0,0.9559379505268307,965768.75,0.9392476881118983
89229112.0,0.9508028961999663,884162.375,0.9443811850540561
