loss,r2,loss_test,r2_test
112544512.0,0.9406044172067746,1231614.25,0.9225244947228531
106362416.0,0.9693368118689215,1186493.5,0.9253628597377119
107601056.0,0.9710124371868574,1198666.375,0.9245971071476126
101125904.0,0.9616616444253726,1146571.0,0.9278742029815276
89113552.0,0.960864263999794,1019470.1875,0.9358695604072533
62111968.0,0.9607859069918204,771995.8125,0.9514371009857961
53287328.0,0.961529824028135,702650.0,0.9557993437575333
