loss,r2,loss_test,r2_test
103065336.0,0.9371262965259206,1486199.75,0.9065096352475104
95540936.0,0.8716409112885053,1477359.625,0.907065726995216
95814008.0,0.941548456731805,1324908.625,0.9166557551612644
125284552.0,0.7399939205905814,2106829.25,0.8674685251455394
