loss,r2,loss_test,r2_test
839670016.0,0.056585958622805355,14776260.0,0.07048973465693742
619814144.0,0.2419548102163669,10812806.0,0.31981344001316114
112970536.0,0.8255876791095155,1977500.625,0.8756040298958159
82546800.0,0.9106697549504735,1427605.75,0.9101955311215738
86685568.0,0.8973539322743314,1361721.0,0.9143400469122537
77031400.0,0.9288863241085151,1301929.0,0.9181012976014095
84181632.0,0.9268802587295913,1506496.25,0.9052328643440379
95100144.0,0.8866499869564678,1445399.5,0.9090761944532406
74901352.0,0.9365113125736207,1265725.875,0.9203786866473292
