loss,r2,loss_test,r2_test
558365440.0,0.28885638062075336,10374324.0,0.34739636243426686
91545480.0,0.9088454806164872,1419049.75,0.910733735232653
90405864.0,0.9292854865485025,1443847.75,0.9091738148307461
97926336.0,0.9244345343858248,1605836.5,0.898983811987211
88313536.0,0.9153279938421965,1306202.5,0.9178324835095535
99160208.0,0.9233886508759178,1614108.25,0.8984634800855495
88999832.0,0.9283894382135176,1397582.0,0.9120841889415099
83579048.0,0.9271481407370448,1245825.875,0.921630515131687
85683728.0,0.9182802024308925,1236204.375,0.9222357537591586
