loss,r2,loss_test,r2_test
92939976.0,0.838981158730396,2082484.75,0.8689999275096123
56536048.0,0.9242332945657996,1265521.75,0.920391528050109
62235208.0,0.9101555360940526,1358848.75,0.9145207260504143
54448656.0,0.9266888708736903,1220794.0,0.9232051598477704
54487152.0,0.9249028267411075,1227253.75,0.9227988021012133
55124764.0,0.9289412032262915,1243250.0,0.9217925478812243
