loss,r2,loss_test,r2_test
574329408.0,0.2541996575802252,11234109.0,0.2933110676587528
68308560.0,0.9701108813094635,1372618.75,0.9136545127985437
61251848.0,0.9710457058537005,1229480.25,0.9226587406039249
61934292.0,0.9726004522698852,1256421.625,0.9209639715293457
67927136.0,0.9545726989537544,1335023.625,0.9160194656601277
58817124.0,0.9728091073608778,1188390.125,0.9252435450068038
