loss,r2,loss_test,r2_test
370732416.0,0.07336027797357247,14393374.0,0.09457544548846708
310923936.0,0.20969255328854608,12073679.0,0.24049731662955198
72431232.0,0.8668643937909198,2728617.25,0.8283545335209965
42877836.0,0.9245722320110157,1589522.75,0.9000100340467014
34338868.0,0.9260373126330783,1264281.375,0.9204695518063383
33932300.0,0.9261532428053566,1249517.5,0.9213982918254189
