loss,r2,loss_test,r2_test
218299616.0,0.0607979153734618,14931829.0,0.060703578034964734
23220688.0,0.8461369758276062,1613363.625,0.898510304534728
