loss,r2,loss_test,r2_test
32124072.0,0.021605040913366902,15964168.0,-0.004236456756133489
29859952.0,0.09340577194369548,14599289.0,0.08162223521065848
3656946.0,0.9390216916788279,1577615.375,0.9007590666418166
