loss,r2,loss_test,r2_test
15392628.0,-0.10685606701153239,15821434.0,0.004742306432512278
14649366.0,-0.042689911336483144,15177530.0,0.04524746276642333
11791377.0,0.16618529367400847,12504734.0,0.21338150391101773
2924661.0,0.6513611508426844,2819955.75,0.822608852138665
1471999.625,0.9048952502998541,1665386.0,0.8952378040991789
1716708.0,0.9022286861824144,1637499.375,0.8969920233813262
1740316.875,0.8421955299942534,1616704.625,0.8983001404122362
