loss,r2,loss_test,r2_test
372436160.0,0.02615582995009247,15246351.0,0.04091829041187933
355419360.0,0.06895176671606706,14549949.0,0.08472591527715012
310997408.0,0.1863247585709995,12769987.0,0.19669560765378946
64237996.0,0.8018156346899502,2743840.0,0.8273969574395976
36640472.0,0.9126807647413168,1654010.25,0.8959533939302233
29115464.0,0.943273663305663,1322215.375,0.91682517826505
34753160.0,0.9256026118273855,1566433.875,0.9014624529950588
27284052.0,0.9523786881410437,1252670.75,0.9211999307036779
26781986.0,0.9564565214846504,1226895.0,0.9228213642790781
