loss,r2,loss_test,r2_test
67827824.0,-1.103941941828091,31125448.0,-0.957966616132568
31753128.0,0.005828811785232091,16120570.0,-0.01407498246328065
24251978.0,0.240701457302684,11850974.0,0.2545067209480596
6691876.0,0.7879852417040966,2932094.0,0.8155547123536853
2696290.25,0.9268936518745483,1339958.625,0.9157090245425962
