loss,r2,loss_test,r2_test
5592771.0,0.979849765570245,1307333.75,0.9177613189023983
5536762.5,0.9824490094840853,1228080.75,0.9227467812230739
5262373.0,0.983617547984066,1247987.875,0.9214945038148715
5404935.5,0.9787401072719519,1230881.0,0.9225706230990531
5065996.0,0.9847236082423325,1269074.25,0.9201680504088459
3532373.0,0.9861591191694409,895916.375,0.9436417948872236
2219057.25,0.9859301318682979,547177.25,0.9655794598411213
