loss,r2,loss_test,r2_test
165409936.0,0.8993000615248421,1372563.75,0.913657977664537
146836720.0,0.9115722929823001,1192310.375,0.9249969294646907
146160848.0,0.9298839404056783,1188195.625,0.9252557736976579
119601304.0,0.9401526768421985,1009278.625,0.9365106675584851
67468776.0,0.9062457016279193,637188.5625,0.9599172379033346
