loss,r2,loss_test,r2_test
6752262.5,0.9588074686981936,1249542.875,0.9213966844783574
6765930.0,0.9554306082763687,1227636.875,0.9227746997227556
4489565.5,0.960391315770474,877871.0625,0.9447769489802046
2989907.75,0.9617085817503319,635904.125,0.9599980372797515
1740251.25,0.9722679214286569,498967.71875,0.9686121087692515
