loss,r2,loss_test,r2_test
7349134.0,0.9206160009720654,1374752.5,0.9135202887784815
6633636.5,0.9311727815192372,1225695.75,0.922896805384809
5195923.0,0.9447125372122234,1061460.625,0.933228121854561
2440328.25,0.973731503968991,597313.375,0.9624256143809538
