loss,r2,loss_test,r2_test
44355636.0,0.9781138374517232,487986.6875,0.9693028784348503
