loss,r2,loss_test,r2_test
97647824.0,0.9420729987530324,1273180.875,0.9199097271536291
89789424.0,0.9367160454679582,1213472.5,0.9236657217666729
65253956.0,0.9455284730271147,973990.6875,0.9387304812175907
56803660.0,0.9539940263036302,856230.3125,0.9461382724021753
46097528.0,0.9584140704728596,700172.9375,0.9559551630295925
