loss,r2,loss_test,r2_test
69144312.0,0.9455484283533251,1002823.75,0.9369167199424933
44091432.0,0.9655210587681721,651479.6875,0.9590182440176269
