loss,r2,loss_test,r2_test
75709016.0,0.9256546767719983,1293687.75,0.9186197182804836
65562016.0,0.933004976729822,1119686.75,0.9295653723695692
24970846.0,0.9562021149491122,580244.4375,0.9634993427341307
