loss,r2,loss_test,r2_test
47974016.0,0.9617188445817348,1045353.625,0.9342413495809172
25727592.0,0.9783921460522536,622099.25,0.9608664372150623
23689068.0,0.991141983867606,547020.5,0.9655893208521393
