loss,r2,loss_test,r2_test
28938110.0,0.8577051267170033,1471511.75,0.9074335909043704
28495434.0,0.811906093784575,1557082.375,0.90205071380861
26041962.0,0.8500809725987614,1472906.625,0.9073458407484206
23159552.0,0.9237013601841942,1273702.75,0.919876901645545
21784460.0,0.9204902317721924,1233791.375,0.9223875421846977
22416224.0,0.932766859526865,1234238.75,0.9223594042413621
