loss,r2,loss_test,r2_test
62505020.0,0.8220111708092981,2855232.0,0.8203897691833668
32328084.0,0.9312921825934515,1438809.875,0.9094907162368854
31227874.0,0.9369700272731067,1374913.875,0.9135101472242229
28758460.0,0.9470838882548119,1255114.75,0.9210461806321407
31614370.0,0.9376247423047442,1392100.625,0.9124289958343303
