loss,r2,loss_test,r2_test
379556864.0,0.06143908814223353,15058986.0,0.05270459240784586
35491208.0,0.9625825777540414,1422815.0,0.9104968866505887
33331922.0,0.9665345901641373,1278121.75,0.919598915983772
