loss,r2,loss_test,r2_test
341174048.0,-0.16574240991304334,14777394.0,0.07041839440976327
323375552.0,-0.23345989840966253,13990230.0,0.11993537260355613
42629856.0,0.9297329571466111,1845318.625,0.8839190237073233
29955386.0,0.9635632225884192,1324330.75,0.9166921079369981
32428316.0,0.9066581374333527,1437863.625,0.9095502386078994
