loss,r2,loss_test,r2_test
70953904.0,0.6820141101920432,2810707.5,0.8231905918294852
