loss,r2,loss_test,r2_test
340799424.0,0.024851612017426028,14775677.0,0.07052639361037083
63925408.0,0.895143012505832,2828432.75,0.8220755932323744
30700226.0,0.9702928291879589,1294914.5,0.918542560206225
31669682.0,0.9674104583848272,1333438.5,0.9161191763704859
29422928.0,0.9728255916553437,1232684.375,0.922457192962811
46991604.0,0.9243799959328604,1951912.75,0.8772136528374418
