loss,r2,loss_test,r2_test
341450816.0,0.04518256360099815,15327443.0,0.0358171587930487
34426588.0,0.973807100174409,1446121.5,0.9090307824879192
32037766.0,0.9756445941434239,1348855.125,0.9151493893589289
30080080.0,0.9762355734427101,1259698.875,0.920757812573808
