loss,r2,loss_test,r2_test
366963136.0,-0.04603044342690543,15421110.0,0.029924969332560947
66479092.0,0.8346091499963426,2971930.5,0.8130487634105816
30779268.0,0.9468457109103889,1309489.25,0.9176257247371282
