loss,r2,loss_test,r2_test
121718176.0,0.8646695839401889,1245355.375,0.9216601008055392
142986512.0,0.7275260640837009,1638653.25,0.8969194414084973
77318760.0,0.7736538387584876,898390.1875,0.9434861749127127
51871828.0,0.9366752745344665,617917.8125,0.9611294759614623
41259188.0,0.9628195733341005,493616.375,0.9689487406078485
38151400.0,0.9709170144893147,490855.1875,0.9691224344819253
44665200.0,0.9531504762859004,584529.1875,0.9632298079387955
58232564.0,0.9435004805510875,668372.4375,0.9579555942895964
48397740.0,0.9435623286843176,596219.1875,0.9624944397610936
