loss,r2,loss_test,r2_test
63303436.0,0.965062495980573,865107.25,0.9455798662508577
62572744.0,0.9546011505017498,845904.875,0.9467877973426284
35766440.0,0.983335381522182,557244.625,0.9649461591733484
39480972.0,0.9651026261810086,607879.8125,0.9617609182955188
28790056.0,0.9849077593315045,554454.0,0.9651217098900342
43990676.0,0.9467478567440786,665870.625,0.9581129721698555
27843528.0,0.9705347544846662,503719.6875,0.9683131824705714
24325572.0,0.9817644305190654,464720.71875,0.9707664385703231
21605114.0,0.9821791533136123,447483.5,0.9718507593456216
