loss,r2,loss_test,r2_test
46640872.0,-0.9522562568190447,30993696.0,-0.9496784831895759
24337868.0,0.004290301243835892,16358256.0,-0.029026766439711915
23134648.0,0.06112980315092975,14917696.0,0.061592606319250565
21594344.0,0.11261493172386994,14429646.0,0.09229373666683693
6539561.5,0.7272194842648821,4768190.0,0.7000538986260582
2179457.25,0.9264070612584925,2725542.75,0.8285479450488632
1634637.5,0.9589714852972183,2338064.5,0.8529225083778832
796951.875,0.9886079641846175,1416444.375,0.9108976402193375
945954.125,0.9840166574244983,1492000.5,0.9061447274424317
