loss,r2,loss_test,r2_test
367802208.0,0.0239088961994528,15383918.0,0.03226451916484374
352094048.0,0.04705733666559109,14779041.0,0.0703147216671558
317645440.0,0.12792700721952255,13290458.0,0.16395500551431985
107401592.0,0.6193073370537878,4544314.0,0.7141369587099669
52612424.0,0.7809742703893414,2295065.25,0.8556274069632157
40131032.0,0.815287673413272,1724427.625,0.8915237439264054
37384256.0,0.8286204932118102,1608902.625,0.8987909346194438
35504068.0,0.8295858650591986,1510959.625,0.9049520956488029
37105944.0,0.7759367812411921,1391138.25,0.9124895385409086
