loss,r2,loss_test,r2_test
346217472.0,0.029217656869181097,15404549.0,0.030966744637088928
328456448.0,0.08142084939353611,14699797.0,0.07529957365729845
291580160.0,0.1902670671683242,13088905.0,0.17663388993854012
120671760.0,0.7180202691084239,5518071.0,0.6528821584381441
50412548.0,0.8970966477186073,2316726.75,0.8542647895439942
35705976.0,0.9202657053847243,1628281.75,0.897571870643493
32878010.0,0.9195172808653235,1460841.75,0.9081047932285552
30434052.0,0.9309229236937563,1368702.375,0.9139008836853544
28772172.0,0.9314299160269186,1277898.625,0.9196129428985353
