loss,r2,loss_test,r2_test
95818448.0,-1.0307553849569966,30993686.0,-0.9496779766277792
46384100.0,0.007608567130016564,15788821.0,0.006793884968505748
43910044.0,0.0669178199342153,15215121.0,0.04288282953323097
41199696.0,0.10017965890482272,13336615.0,0.1610514568967336
12575429.0,0.7746025945267372,5618914.0,0.6465385468360705
5053160.0,0.930533293624064,2412847.0,0.8482182763097876
4418083.0,0.935609850352912,2236963.75,0.8592823427104175
3730592.75,0.9391740470381257,1532253.0,0.9036126234310465
3550334.0,0.9418569026693336,1453142.0,0.908589152320457
