loss,r2,loss_test,r2_test
314139968.0,0.025945209490845667,15317498.0,0.03644272284685479
301306432.0,0.07648683333991446,14702898.0,0.07510457012921412
274721568.0,0.1615360856261584,13382405.0,0.15817106242140977
121193160.0,0.6577316987402857,5694078.5,0.6418102640297323
64366976.0,0.8541582425280083,2587166.25,0.8372526310452504
50394584.0,0.9125108179904436,1843331.5,0.8840440146804137
50111332.0,0.9155338703642543,1725061.25,0.8914838932430998
44547460.0,0.9139737177546845,1477102.625,0.907081891526974
43148868.0,0.9247059390048745,1422114.375,0.9105409624840175
