loss,r2,loss_test,r2_test
64757360.0,-0.9689049778125163,30991332.0,-0.9495301483407201
32666930.0,0.0008098303221397707,15412458.0,0.03046924575887533
31378620.0,0.035361297973290906,14797878.0,0.0691298374552598
28459144.0,0.11374924115006935,13401792.0,0.15695159894684152
11519270.0,0.5967931432218341,5119809.5,0.6779350360618777
5682378.0,0.7907421851172125,2738232.5,0.827749706998297
4627671.5,0.83536461815255,2557745.0,0.8391033816889834
4278064.0,0.8558870676083593,2489787.25,0.8433782980504967
2614300.75,0.9100845317936349,1383470.875,0.9129718595372732
