loss,r2,loss_test,r2_test
179638752.0,0.9214971342038807,1353109.125,0.9148817878513922
170359440.0,0.9213206574563261,1296520.75,0.9184415045228511
127518792.0,0.9435349779389871,966260.25,0.9392167615873078
67896912.0,0.9730830551611034,503000.5,0.968358420958717
77083552.0,0.9611424680963709,609804.375,0.9616398577408715
49927800.0,0.9771070372980317,413672.875,0.9739776358153852
46673636.0,0.9827032152640254,403148.5625,0.9746396794929997
40782064.0,0.9850397611864653,353421.0625,0.9777678173953452
