loss,r2,loss_test,r2_test
73294016.0,0.9756330712505371,537186.8125,0.9662079137933253
51400472.0,0.9818740515201188,404546.875,0.974551713402918
46630212.0,0.9828393117197168,369881.90625,0.976732337340714
45991752.0,0.9811572971506999,390018.46875,0.9754656330843933
42706712.0,0.9881039799425169,367369.53125,0.9768903782978821
