loss,r2,loss_test,r2_test
175609728.0,0.956302375463975,1211710.125,0.9237765858478011
139345584.0,0.9533954517871378,1001989.625,0.936969181941649
99032872.0,0.9397114715814542,708304.8125,0.9554436200747979
62373152.0,0.9293961362412915,487247.53125,0.9693493754731878
64848716.0,0.903001929926831,518081.53125,0.9674097426655222
47221100.0,0.9357119237469653,386965.65625,0.9756576739914053
41710596.0,0.9422307059808634,345825.78125,0.9782456017050648
61254460.0,0.9630097736285664,497715.25,0.9686908954386887
