loss,r2,loss_test,r2_test
101322352.0,0.043070547909664136,14777961.0,0.07038257972736173
9792994.0,0.8893143033695007,1137116.0,0.9284689732090065
3103222.0,0.9720494438515178,522790.0625,0.9671135482881227
2548711.5,0.9793948819330383,478781.125,0.9698819603868586
2372672.25,0.9794191804804062,450541.96875,0.9716583624844787
