loss,r2,loss_test,r2_test
84914072.0,0.9790034468876215,462750.4375,0.9708903843147288
63530620.0,0.9700376494335988,414602.3125,0.9739191711402263
