loss,r2,loss_test,r2_test
73086968.0,0.9840145989200761,422655.90625,0.9734125546524838
60354632.0,0.9861707819391863,403947.5,0.9745894194195714
