loss,r2,loss_test,r2_test
9954739.0,0.9826258711599584,1240177.125,0.9219858410049622
1006897.625,0.9946972899912909,537712.375,0.9661748489981501
550152.1875,0.9971730704741743,520018.875,0.9672878718017268
1116348.0,0.9947437798372841,580365.5,0.9634917275763422
