loss,r2,loss_test,r2_test
145430224.0,0.9909960879750168,713144.375,0.9551391838312437
76644016.0,0.9883686953634672,469968.15625,0.9704363430468835
62850784.0,0.9902854467757389,409073.8125,0.9742669447459411
122802096.0,0.9666216530705872,723671.8125,0.9544769505341862
