loss,r2,loss_test,r2_test
73616504.0,0.9156737010090309,1273897.625,0.9198646385852046
74611160.0,0.8854870746120154,1300299.125,0.9182038328973767
59543604.0,0.9147180308605632,1029372.875,0.9352466175550064
53617944.0,0.9185448724152814,939403.25,0.9409062266393576
