loss,r2,loss_test,r2_test
55027848.0,0.9233361196497999,1253612.875,0.9211406664625496
47298352.0,0.9365606556893378,1065224.25,0.9329913695048401
42640660.0,0.9290666818296776,961524.125,0.9395146932203822
39640180.0,0.9332922532387153,899694.5625,0.9434041250791829
