loss,r2,loss_test,r2_test
88204168.0,0.9323068138621406,1269214.625,0.9201592306091001
87080912.0,0.8855915448541427,1321049.75,0.9168984987270773
78466344.0,0.9252603553964536,1103529.75,0.9305817430933516
76881080.0,0.9222908876441169,1109695.0,0.9301939131811973
69888272.0,0.8632026253205018,1039465.375,0.9346117506201349
63333976.0,0.910043234639393,979447.75,0.938387200790166
