loss,r2,loss_test,r2_test
25685618.0,0.9368630762816013,1208171.25,0.923999200366355
15722299.0,0.9671075537392231,792982.0625,0.9501169461282317
8609564.0,0.9764059548990057,503189.96875,0.968346507639614
