loss,r2,loss_test,r2_test
20450586.0,0.9359696529189687,728982.6875,0.9541428654506087
