loss,r2,loss_test,r2_test
16955768.0,0.9677542281024594,653755.375,0.9588750884148041
10500202.0,0.9691491991859988,492308.78125,0.9690309921405792
8859559.0,0.9777824055144776,465049.09375,0.9707457782371489
