loss,r2,loss_test,r2_test
36682660.0,0.9513957193164958,1229370.25,0.9226656566414558
24959288.0,0.9751740400520567,947990.5625,0.9403660346208792
18006868.0,0.9739568668830422,678299.25,0.9573311416980377
12006184.0,0.9760707565145649,511972.46875,0.9677940371888861
12282677.0,0.9629352857293526,502405.09375,0.9683958797235197
