loss,r2,loss_test,r2_test
10124208.0,0.9794592732971942,556465.5,0.9649951755815691
12961769.0,0.97861371665652,667686.5625,0.9579987375814288
