loss,r2,loss_test,r2_test
31496660.0,0.9528817003653784,1286569.0,0.9190675312411454
24373354.0,0.966916084347872,1009194.4375,0.9365159654713618
22735432.0,0.9712782739449368,938406.875,0.9409689031640323
18078336.0,0.9764553946597253,812572.9375,0.9488845676273809
