loss,r2,loss_test,r2_test
28877308.0,0.950277016222806,1226410.875,0.9228518200956971
17846812.0,0.9713446405091476,813506.5,0.9488258459107849
10125605.0,0.9672416734258027,497056.65625,0.9687323278034763
16753226.0,0.9519888167547661,713864.375,0.9550938916864689
