loss,r2,loss_test,r2_test
58612324.0,0.9319520426748285,1212443.75,0.923730436899679
49219304.0,0.9547713218691936,994563.3125,0.9374363406830117
40808704.0,0.972588809838671,826579.6875,0.9480034618983796
21233422.0,0.9793372898152535,507759.8125,0.9680590357355641
20994942.0,0.9741926333342238,498458.375,0.968644149099355
21694986.0,0.9730267473701052,514456.625,0.9676377687668457
15752215.0,0.986100620846788,422212.53125,0.9734404471964443
