loss,r2,loss_test,r2_test
69728384.0,0.9005210256489856,1246523.25,0.9215866409414767
63111784.0,0.9059786849969106,1139352.5,0.9283282838057647
53122156.0,0.9047934084736655,1037626.875,0.9347274025082928
31305120.0,0.9571001232778213,662520.6875,0.9583237005969765
25977560.0,0.9801780349174545,546930.875,0.9655949565990156
26625796.0,0.9715280018604991,569032.75,0.9642046213217705
25562384.0,0.9805673085799959,547475.75,0.9655606800649393
