loss,r2,loss_test,r2_test
62742912.0,0.8531986899379153,1059153.125,0.9333732792927132
68680088.0,0.9655748322469397,1190330.0,0.9251215087765626
40922556.0,0.9471135023557742,769490.5,0.9515946952670491
33570116.0,0.8779031128201673,636416.1875,0.9599658202651346
27593842.0,0.9190436929847969,533317.3125,0.9664513239255228
31009400.0,0.9303541412252612,592817.9375,0.9627084008483199
23184762.0,0.9335591824374839,455723.75,0.9713323977195385
22359750.0,0.9224557123822081,425171.96875,0.9732542784921759
