loss,r2,loss_test,r2_test
2260613.0,0.9768596868434539,1309019.625,0.9176552624580513
1270464.375,0.9852469266359744,1187380.25,0.925307064119292
679461.3125,0.994219387495732,650162.25,0.9591011161909304
652929.8125,0.9940828359511316,604230.4375,0.9619904896197583
592758.875,0.9948386653176368,560737.0625,0.964726468651479
603870.5,0.9953457466834271,562076.125,0.9646422353455885
514201.25,0.996929164963463,545919.4375,0.965658577072585
495000.53125,0.9971829531337302,542092.75,0.9658992975217208
