loss,r2,loss_test,r2_test
61520216.0,0.9524504358676641,1260372.125,0.920715469032906
57200660.0,0.9616962826738987,1189609.375,0.9251668431067469
47295332.0,0.9530750491712149,984026.0625,0.9380991973119492
41722940.0,0.9567178921474077,897984.5,0.943511696728154
27084116.0,0.9861801209242225,618737.0,0.961077941250397
23402648.0,0.9819458236400045,518153.78125,0.9674051977514233
19202704.0,0.988327604160116,424935.46875,0.9732691580485718
19522148.0,0.974338412495464,441175.84375,0.9722475425922
