loss,r2,loss_test,r2_test
204664352.0,0.0764793751940076,14719710.0,0.07404696532633415
196534320.0,0.11630801882344932,14160366.0,0.10923296071929622
32896622.0,0.8394403955140441,2328765.5,0.8535074809058024
20719612.0,0.9074565750449439,1424877.375,0.9103671491303866
18978696.0,0.9082637639131386,1282569.5,0.9193191207736854
19090522.0,0.9040415288845897,1285007.75,0.9191657486650544
