loss,r2,loss_test,r2_test
216990368.0,0.07558077577347067,14753295.0,0.07193437685209614
139010000.0,0.43075240320449126,9425154.0,0.40710449062311627
52576664.0,0.70406014524111,3340424.25,0.7898684175025865
32614424.0,0.9030047279928691,1496092.375,0.9058873374683635
31985864.0,0.9221760245644537,1348454.375,0.9151745923464687
32070352.0,0.9037022855593284,1508759.75,0.9050904805773474
