loss,r2,loss_test,r2_test
193567360.0,0.06023703927098967,14187967.0,0.10749658922212091
176412864.0,0.14074826625036052,12906933.0,0.18808089423641483
122093640.0,0.4361864863679912,8821557.0,0.44507419328405495
43975996.0,0.7950248293362215,2983631.25,0.8123127157801439
23702902.0,0.8507001946027368,1482410.625,0.9067479801481477
