loss,r2,loss_test,r2_test
237640576.0,0.0461762421525328,15182700.0,0.04492236019982754
222396256.0,0.10070852505613626,14384895.0,0.09510871776814556
122076912.0,0.5197277611108203,7694623.0,0.5159647246878722
44922800.0,0.8704403183960266,3178113.75,0.8000786687485087
29232958.0,0.9244379920916344,2057188.25,0.8705912193482652
24628668.0,0.9368270323060528,1688452.625,0.8937867838610519
21088710.0,0.9548837596462575,1487129.125,0.9064511783365697
19774870.0,0.9568981889015573,1360692.75,0.9144047284417486
20286174.0,0.9486578856593637,1330644.75,0.9162949222179038
