loss,r2,loss_test,r2_test
214317552.0,0.07449591516124043,14797601.0,0.06914716603743687
206855360.0,0.10828582286665345,14309469.0,0.09985343760778564
125783368.0,0.5183353108351103,8535305.0,0.46308102808738993
67203960.0,0.890109215634731,2483029.0,0.8438034406577484
65309664.0,0.9003271087771134,1829188.25,0.8849337191259553
68546032.0,0.9056140768234042,1756418.75,0.8895113277301057
64821928.0,0.9020756522610914,1728746.625,0.8912520542671576
