loss,r2,loss_test,r2_test
202329008.0,0.04331365054856873,15214983.0,0.04289155110230303
189808768.0,0.10356959895484652,14264620.0,0.1026747973466664
173698112.0,0.18659510140139157,13040914.0,0.17965268320794336
97561720.0,0.5765567162199287,7297242.5,0.5409621604771291
39132156.0,0.8832009171543577,2997495.5,0.8114405850201991
29211118.0,0.9153467010673221,2254965.0,0.858149946899813
21940010.0,0.9293292374940108,1668295.375,0.89505479567101
17780608.0,0.941864972329279,1353583.5,0.9148519426763068
19847668.0,0.9438091959851012,1538446.0,0.9032230500979733
