loss,r2,loss_test,r2_test
194360208.0,0.005165553077235985,14895788.0,0.06297069041550574
15713670.0,0.9096760015849807,1376433.75,0.9134145452947073
15700327.0,0.9302763272107002,1334404.375,0.9160584233267012
14834843.0,0.9214195408491413,1285613.0,0.9191276704143169
