loss,r2,loss_test,r2_test
103547248.0,0.5280713306407887,7293281.0,0.5412113916075246
46025444.0,0.837099683037242,3218916.75,0.7975119084108423
24769338.0,0.9414874176998602,1631923.75,0.8973427624308441
21624302.0,0.9564116071111838,1419869.75,0.9106821590354096
19560082.0,0.9670671258291266,1292316.25,0.9187060068301023
18870704.0,0.9705592609791667,1251679.625,0.9212622678057857
