loss,r2,loss_test,r2_test
123884048.0,0.4306771455090379,8590814.0,0.4595891657995883
41342604.0,0.7995230423222406,2811933.5,0.8231134693726098
32935950.0,0.8477674084139152,2248437.0,0.8585606113044855
20312250.0,0.9297962234035235,1455716.625,0.9084271960522379
18731216.0,0.9383878139625562,1375667.5,0.9134627293946544
18181882.0,0.9337138311350964,1286752.5,0.9190559886422431
