loss,r2,loss_test,r2_test
297603008.0,0.9466079692197551,1139811.875,0.928299389258613
226530272.0,0.9539335021223945,892070.3125,0.9438837401320117
151938000.0,0.9666778761413406,606492.6875,0.9618481792568152
104317240.0,0.9840062420452639,424729.40625,0.9732821221053296
93900512.0,0.9830037361881863,397144.625,0.9750173545054394
90216400.0,0.9816792403169518,375099.65625,0.9764041101443027
85341840.0,0.9874145884212597,363066.28125,0.9771610789085918
83476400.0,0.9896750812608888,355852.875,0.9776148422540528
