loss,r2,loss_test,r2_test
161226560.0,0.9560768675335045,607016.9375,0.961815200468263
209144176.0,0.9513757218461465,755947.3125,0.9524466385447058
102756984.0,0.9824999433752257,400139.6875,0.9748289545023363
97706672.0,0.9745537398082024,396539.21875,0.9750554414464364
88252680.0,0.9816037068717807,377291.90625,0.9762662045963374
103463864.0,0.966000697199926,416798.28125,0.9737810310364292
89238680.0,0.98209509973766,361083.21875,0.977285824069241
