loss,r2,loss_test,r2_test
1085245824.0,0.9402325581455596,982450.0,0.9381983371815868
637804160.0,0.9068000040437132,629213.0,0.9604189480995557
428739360.0,0.948367368904795,422638.4375,0.9734136512889404
382202144.0,0.9570818770359308,399265.0,0.9748839745688431
365084448.0,0.9404725564733739,372404.625,0.976573642206416
