loss,r2,loss_test,r2_test
25365888.0,0.9882688679130653,617120.8125,0.9611796109902903
18656856.0,0.9842767048898335,450771.25,0.9716439399625589
22895142.0,0.95680780206123,518783.90625,0.967365559188268
