loss,r2,loss_test,r2_test
2855013.5,0.8763100968927146,1802710.375,0.8865993226476121
1816627.5,0.9322842105599767,1354568.75,0.914789963372948
1662964.625,0.9390661789306843,1273851.25,0.9198675561316522
1599693.75,0.9414937891130862,1198338.25,0.9246177433533805
