loss,r2,loss_test,r2_test
30322524.0,0.9485914857368505,1221043.5,0.9231894602228783
29232392.0,0.9519927629493797,1195560.875,0.9247924601630838
28312206.0,0.954339136506504,1165787.0,0.9266654076455441
27454892.0,0.9548708662528032,1135706.875,0.9285576201431703
