loss,r2,loss_test,r2_test
5241933.0,0.8229320582267421,1830347.625,0.884860787066388
4381539.5,0.837451242109398,1272999.125,0.9199211566556456
4290360.0,0.8373351139999381,1216563.25,0.9234712941162212
4029501.5,0.8492806114598285,1243270.125,0.9217912762903656
