loss,r2,loss_test,r2_test
2769322.25,0.9185744432492292,1481777.5,0.9067878090649483
2215284.0,0.9325795325711879,1332202.75,0.9161969106853135
2001209.75,0.9422929832076286,1218612.375,0.9233423947173498
1900697.5,0.942582898002553,1188720.875,0.9252227324635884
