loss,r2,loss_test,r2_test
2115677.0,0.9558993842444315,1578379.5,0.9007110141391699
1278390.0,0.9778882610634531,1350898.25,0.9150208702983521
1216508.75,0.9797107994584597,1284035.0,0.9192269399397638
1242034.625,0.9763754097154819,1303829.375,0.9179817619675511
