loss,r2,loss_test,r2_test
329284128.0,0.8710138233743957,1324833.25,0.9166605029274292
316696480.0,0.8474197579081113,1352963.0,0.9148909701945214
302193376.0,0.8727387759270485,1224897.5,0.9229470229981718
362579104.0,0.8806572903779688,1567370.625,0.9014035256508981
