loss,r2,loss_test,r2_test
291943488.0,0.9643916468330753,1368376.625,0.9139213693102979
275212128.0,0.9630679664866715,1259158.0,0.9207918401739356
369505600.0,0.9125584577164025,1573342.0,0.9010278841864886
269902176.0,0.9611249500187329,1208435.875,0.9239825517634894
