loss,r2,loss_test,r2_test
287410464.0,0.9272823604409339,1284479.25,0.9191989864759842
279637024.0,0.9322137135250806,1243264.0,0.9217916618807948
320535456.0,0.9396375854982609,1446976.5,0.9089769842013602
290594304.0,0.9237704008808583,1303291.875,0.9180155727348489
