loss,r2,loss_test,r2_test
19539300.0,0.8750774786978641,1847103.875,0.8838067092627592
12551318.0,0.9280969202298689,1275564.625,0.9197597746925233
11971529.0,0.930241164797352,1239829.0,0.9220077434418986
11565037.0,0.9264902007874499,1254791.625,0.9210665106026258
