loss,r2,loss_test,r2_test
18499808.0,0.9482784337251461,1722130.375,0.8916682693269439
13780279.0,0.9623042035574736,1310033.5,0.9175914871200159
13517992.0,0.9635020846678283,1253895.5,0.9211228843347326
15023921.0,0.9415852455069034,1427107.875,0.9102268488779209
