loss,r2,loss_test,r2_test
2733786.25,0.9919574068975348,624503.25,0.9607152155453671
1706235.375,0.9951965790443223,536946.6875,0.966223019449317
