loss,r2,loss_test,r2_test
276981792.0,0.8995135835983061,1409228.25,0.9113515707472419
244339856.0,0.84627669913646,1138937.0,0.9283544233973534
88914480.0,0.9688146075899584,536595.0,0.9662451380562808
77866080.0,0.9806382216171682,511297.3125,0.9678365103163393
