loss,r2,loss_test,r2_test
227157456.0,0.8614664376716118,1078362.5,0.9321648962502169
127424216.0,0.9712791369518682,680252.5625,0.9572082656940691
