loss,r2,loss_test,r2_test
56484936.0,0.9768718204614796,1215809.25,0.9235187189676003
50309184.0,0.9780519345628967,1082221.875,0.931922124819186
37194356.0,0.9812918210404055,820749.3125,0.9483702258336271
17128320.0,0.9701232465352138,534618.625,0.9663694638692668
