loss,r2,loss_test,r2_test
56353784.0,0.9400040891139231,1278876.375,0.9195514497447344
49094128.0,0.9609912422110048,1233009.75,0.9224367118123762
57370588.0,0.9246537703943971,1289998.25,0.918851816922256
18852242.0,0.9752621431594175,561130.875,0.9647016947027155
16259294.0,0.9774739423885026,494325.5625,0.9689041261199575
17082098.0,0.9830463827319842,524803.4375,0.9669868972411738
13994877.0,0.9851228493748061,450380.78125,0.9716685039492229
14485792.0,0.9782477504681893,463698.4375,0.9708307455422334
