loss,r2,loss_test,r2_test
76304616.0,0.8950291655601965,1261080.0,0.920670935593942
67986240.0,0.9159527084244685,1109323.125,0.9302173017636428
34890352.0,0.9614335882206974,764073.625,0.9519354482788686
37083260.0,0.9659193431133251,817492.375,0.9485751054946019
25511626.0,0.9840953833751708,614762.125,0.9613279903929601
19188014.0,0.9821227364389687,487767.1875,0.9693166819413839
18546392.0,0.9825353923086363,469556.25,0.9704622548250579
16166526.0,0.9789924207024904,459711.96875,0.9710815178957106
