loss,r2,loss_test,r2_test
46331016.0,0.9533920947975585,1104038.75,0.9305497191279386
42695768.0,0.9610914971420947,1031757.625,0.9350966096177233
22809452.0,0.9823107037829757,653400.625,0.958897407001472
15061888.0,0.9839624520731413,523615.34375,0.9670616346800249
14023116.0,0.9836817918733896,521317.21875,0.9672061972174878
12909388.0,0.988315439523018,525580.3125,0.9669380293541037
