loss,r2,loss_test,r2_test
62806120.0,0.882640193401108,1335286.0,0.9160029698166336
25064510.0,0.9833316433324694,684740.875,0.9569259270084916
18679078.0,0.9875387057542794,540581.0625,0.9659943942961597
15153640.0,0.9888237492274172,498049.46875,0.9686698713185551
12912966.0,0.9855867652772837,503490.90625,0.9683275736728958
