loss,r2,loss_test,r2_test
58381344.0,0.782856940959007,1276074.25,0.9197277187836281
48515744.0,0.8660566938058147,1074421.25,0.9324128210612336
27523668.0,0.9222911857894428,678304.0,0.957330841106677
18125290.0,0.9420436911477702,562574.75,0.9646108644654634
17056032.0,0.9131029675680725,566482.0625,0.9643650738028112
14075198.0,0.9478244949598539,565778.125,0.9644093509004024
16047408.0,0.9666916827375798,629885.3125,0.9603766496016988
