loss,r2,loss_test,r2_test
25404492.0,0.9780333660767911,640940.0625,0.9596812460343292
24805566.0,0.973239103793234,626654.375,0.9605798961952379
24407668.0,0.951564921033137,629781.1875,0.960383201561461
18040834.0,0.9661169042504427,496347.15625,0.9687769537498223
19648604.0,0.9734283706099686,540602.625,0.9659930395433672
15684571.0,0.9626477982215784,487891.0,0.9693088999564871
