loss,r2,loss_test,r2_test
55943996.0,0.9608015941704884,1217549.5,0.9234092529366
50648152.0,0.9666513352907639,1113478.75,0.9299558951512737
20494940.0,0.9777786548166569,592555.125,0.9627249288745723
16188897.0,0.9799071946267355,502664.40625,0.9683795637117527
18668186.0,0.984776360051198,579825.25,0.9635257116797218
18753614.0,0.9843190049221733,569819.625,0.9641551209167684
14181868.0,0.9830419592098479,469144.90625,0.9704881305613156
11504360.0,0.9872420306407891,437506.375,0.9724783759776201
