loss,r2,loss_test,r2_test
51398112.0,0.9516901392620165,1209430.25,0.9239199994857665
28584180.0,0.9674179972170449,798515.5625,0.9497688628536135
28262110.0,0.9509085354065022,758957.6875,0.9522572735151607
14305184.0,0.9804860016291526,500430.875,0.9685200700453644
15909675.0,0.9752161031454504,548590.625,0.9654905469973621
17840628.0,0.9675716583822546,544103.375,0.965772819488334
14365194.0,0.9839101920291697,494023.71875,0.9689231133585487
12694983.0,0.9774531956295975,469409.5625,0.9704714871447706
