loss,r2,loss_test,r2_test
17820184.0,0.9327973416620517,1320635.375,0.9169245739873324
14875938.0,0.9491753353927874,1155075.375,0.9273392264752204
14751026.0,0.9549243550146214,1157775.875,0.9271693506735574
13602687.0,0.9604577059077003,1073670.125,0.9324600748729049
13354529.0,0.956410668231427,1047882.3125,0.9340822683870263
