loss,r2,loss_test,r2_test
16714546.0,0.9398887439589547,1338925.125,0.9157740408516268
15245869.0,0.9489235894000574,1244963.625,0.9216847507065543
13997536.0,0.954463994002257,1154794.875,0.9273568774831424
13328857.0,0.9579528025416066,1099092.5,0.9308608749523231
