loss,r2,loss_test,r2_test
14481167.0,0.9591136875800637,1173147.5,0.9262023844190878
14351245.0,0.9608292124018636,1152186.375,0.927520957614095
14171828.0,0.9631762204738962,1126164.375,0.9291578950520916
14773989.0,0.9572092074453035,1215680.125,0.9235268482669329
13526461.0,0.9635780594419792,1108675.0,0.9302580753895161
13011001.0,0.9655993594516598,1059779.625,0.9333338692909611
