loss,r2,loss_test,r2_test
165128768.0,0.15086751663988762,13075674.0,0.17746614686390072
28453380.0,0.8157705644149348,2430339.0,0.8471179310100844
16623053.0,0.931429308162184,1410615.625,0.9112643023751067
16336024.0,0.9384278710771875,1310023.875,0.9175920926847826
