loss,r2,loss_test,r2_test
142596288.0,0.12196292355468585,12793079.0,0.1952430553726172
26841364.0,0.775172741787512,2105838.25,0.867530852994572
17105596.0,0.9053664788501764,1432561.875,0.9098837589904673
14909455.0,0.9268660018606851,1280341.0,0.9194593012667415
