loss,r2,loss_test,r2_test
131243776.0,0.2813627742067628,10963602.0,0.31032737335268223
24920886.0,0.8834049645317446,2136953.5,0.8655735483557161
17305498.0,0.9262339872705695,1478836.0,0.9069728525192116
15733217.0,0.9408168794640615,1333315.0,0.9161269462582189
