loss,r2,loss_test,r2_test
151078256.0,0.2387398518125392,12637846.0,0.20500804126642114
53380176.0,0.8840000257656146,3322939.25,0.7909683335982624
50439284.0,0.9095538927959829,2650429.5,0.8332729977979136
50608264.0,0.9059318642796316,2499367.0,0.842775692554131
