loss,r2,loss_test,r2_test
159380080.0,0.16341201448920628,12443242.0,0.21724971055037956
28231744.0,0.8822609272738473,2349363.5,0.8522117575549479
16775614.0,0.9477090820588558,1379980.25,0.9131914484362882
15914202.0,0.9583474464278129,1298780.0,0.918299387969343
