loss,r2,loss_test,r2_test
127471632.0,0.9482920169572937,1270897.0,0.9200533888334639
105993496.0,0.9778101059542103,1082534.5,0.9319024622381091
83422736.0,0.9665059099106671,892152.875,0.9438785405752261
48933656.0,0.9822192177228842,554869.3125,0.9650955783491001
45099420.0,0.9867989145914631,530005.25,0.9666596751018454
