loss,r2,loss_test,r2_test
66944036.0,0.9579096133097739,665367.375,0.9581446340665297
42629492.0,0.9891608326896034,437622.875,0.9724710451672869
45414420.0,0.9915597494418347,492654.0625,0.9690092752486683
