loss,r2,loss_test,r2_test
113090440.0,0.9830114563423876,1202264.125,0.9243707923497185
69094832.0,0.9831498707366061,767771.9375,0.9517028100477076
68643696.0,0.9761422894090351,717720.8125,0.9548513028171008
46042588.0,0.9916537678143414,496703.5,0.9687545435374075
43157004.0,0.983768305837142,498879.5,0.9686176595661349
