loss,r2,loss_test,r2_test
25632168.0,0.9191405494079596,1117469.5,0.9297048524238839
22121230.0,0.9476320484102587,1072053.25,0.9325617856111114
17991154.0,0.9648406439120879,886940.6875,0.9442064175264452
12177608.0,0.9856546075427084,616743.5625,0.9612033457029711
10987643.0,0.9890828996333278,587657.0625,0.9630330491816964
10804493.0,0.9802218041208631,604669.75,0.9619628537509145
6722093.5,0.9864023337523751,464386.65625,0.9707874521732719
