loss,r2,loss_test,r2_test
28175518.0,0.973001716495278,1235177.875,0.9223003298442604
25234756.0,0.9743491357110681,1127935.125,0.9290464969969524
25011838.0,0.9714214072847662,1128393.5,0.9290176649610402
20048458.0,0.9749696692793911,959167.4375,0.9396629382104073
11185631.0,0.9665497114738277,567412.1875,0.9643065653796096
9044670.0,0.9743330590071281,511070.78125,0.9678507574229221
7195787.0,0.9828712104382478,458011.96875,0.971188459157479
7353597.5,0.9744877823065693,475262.8125,0.970103280757014
5973508.0,0.9824624584914284,443644.34375,0.9720922632204323
