loss,r2,loss_test,r2_test
31524328.0,0.7337478901440341,1193683.5,0.9249105655302701
29922540.0,0.7239875082769902,1218608.125,0.923342651885499
29201960.0,0.7548803369570988,1246175.875,0.9216084958327029
12052433.0,0.9289132667614527,566067.75,0.9643911394917007
10966019.0,0.9848615413486447,598482.0,0.9623520936079372
7450702.0,0.9890700772447698,461104.40625,0.9709939249229225
6968598.0,0.9910639480470651,441602.40625,0.9722207115805762
