loss,r2,loss_test,r2_test
29952714.0,0.9495559613994956,1289904.0,0.9188577442150712
26590304.0,0.9582170680268467,1172981.125,0.926212850034104
10947351.0,0.9739364914280426,622971.0625,0.9608115975883428
9620477.0,0.9779456571617818,579326.3125,0.9635570997884639
8559738.0,0.9803778338646347,517520.0,0.967445062317345
8988556.0,0.9764375600323073,545757.9375,0.9656687402770007
7775602.0,0.9812389112554817,496451.625,0.9687703842102262
6335710.0,0.9880214488660714,472915.4375,0.9702509469710671
5584470.0,0.9859108515082999,424539.40625,0.9732940689789494
