loss,r2,loss_test,r2_test
46306004.0,0.9080367877397705,1297710.75,0.9183666633084939
20702538.0,0.9524810600145355,614637.8125,0.9613358046616415
11758787.0,0.9627651563437517,463989.125,0.9708124587381617
