loss,r2,loss_test,r2_test
52989640.0,0.9261088038986174,1139531.5,0.9283170151558532
44191880.0,0.9154978753828051,1010388.5,0.9364408490579021
33370226.0,0.932258409504936,838674.125,0.9472426560613929
