loss,r2,loss_test,r2_test
56550556.0,0.9758456289243292,1229658.375,0.9226475319934322
34033780.0,0.9834417474732381,769549.3125,0.951590996416358
20946800.0,0.9804593376939565,604453.0625,0.9619764813831742
