loss,r2,loss_test,r2_test
46079332.0,0.9657066521565302,972469.3125,0.9388261820414061
17981848.0,0.9812157270233807,558669.4375,0.9648565330833238
13461525.0,0.9845055354256683,507170.78125,0.9680960911813992
14455695.0,0.9872186253796162,526429.4375,0.9668846103960582
