loss,r2,loss_test,r2_test
50013868.0,0.9640770354407804,1203722.5,0.9242790494584785
32632406.0,0.9615377877757021,791984.625,0.9501796838928207
24387226.0,0.9753509893903838,600678.6875,0.962213916609823
25558192.0,0.961638773153345,654409.875,0.9588339214608355
23903212.0,0.9652295978451781,609931.5625,0.9616318602691549
