loss,r2,loss_test,r2_test
56716824.0,0.960166241493793,1235369.0,0.922288304473556
32442182.0,0.9610009847777573,779396.625,0.9509715452386351
22450884.0,0.9687252447754603,606682.0625,0.9618362650681171
