loss,r2,loss_test,r2_test
57947260.0,0.9787452324019891,1265319.875,0.9204042279567384
53248348.0,0.9771006422076729,1199195.5,0.9245638209704495
44136880.0,0.9829877229236978,1020317.875,0.9358162352160464
43008356.0,0.9687895319724054,987270.8125,0.9378950850947977
23376616.0,0.9861805466688033,667659.9375,0.958000410344976
19485910.0,0.9832731448657898,544805.375,0.9657286608271001
14549185.0,0.9834100612046475,514541.90625,0.967632403998103
