loss,r2,loss_test,r2_test
307165312.0,0.08892844131177646,13939990.0,0.12309572775233779
233860304.0,0.2410365673553102,10695090.0,0.3272184003404972
75429880.0,0.7289117664105047,3432073.0,0.7841032010679229
26026652.0,0.9152817373259146,1292337.0,0.9187046984098416
