loss,r2,loss_test,r2_test
70319496.0,0.8828330646282426,3002162.5,0.8111470080507371
31610380.0,0.9689852709632564,1332283.125,0.9161918546668072
30837404.0,0.9707317615997625,1299325.625,0.9182650612839464
31258908.0,0.9687773767939255,1314991.25,0.9172796163864998
31185148.0,0.9649674490578369,1314724.875,0.9172963648651398
