loss,r2,loss_test,r2_test
225466944.0,0.04577956828730678,10714953.0,0.3259689034018418
30175130.0,0.7769419703137519,1610159.375,0.8987118816625654
23751008.0,0.8716929871628484,1310126.5,0.9175856329462637
22687424.0,0.8910690273465427,1280922.375,0.9194227326277865
23574226.0,0.8803767468732433,1345986.25,0.9153298560107731
21936530.0,0.9169521303747646,1241981.625,0.9218723280782644
