loss,r2,loss_test,r2_test
352540448.0,-0.049807194433037605,14733912.0,0.0731535663124212
329763872.0,0.01966733561980538,13825637.0,0.1302892816335388
45015200.0,0.9079973952582158,1977194.375,0.8756232899745141
40079400.0,0.91313402028048,1750346.75,0.889893293294066
32283262.0,0.9442153185902199,1387174.625,0.9127388668053178
36752700.0,0.9651391393843152,1526280.875,0.9039883017666077
36179388.0,0.9236982526731352,1547016.125,0.9026839417024002
30048744.0,0.9488667455420139,1279357.375,0.9195211861034241
