loss,r2,loss_test,r2_test
215982592.0,0.938931556617674,1249997.875,0.9213680681011163
