loss,r2,loss_test,r2_test
9449484.0,0.9644831712115769,1330196.5,0.9163231190944829
7754164.5,0.9742399398076966,1226258.75,0.9228613902618146
3886575.5,0.9579873025687975,814807.5625,0.9487439984573606
