loss,r2,loss_test,r2_test
129281288.0,0.9023512426265834,693945.125,0.9563469291689106
