loss,r2,loss_test,r2_test
204332112.0,0.8097996627688664,1418518.5,0.910767166684868
177262000.0,0.8473995764676967,1185937.25,0.9253978505932998
