loss,r2,loss_test,r2_test
55081136.0,0.9713247928966052,419495.53125,0.9736113573898402
42042512.0,0.9786543739233603,362591.5625,0.9771909407931164
41289044.0,0.9814544870659917,349994.15625,0.9779833866496164
37846568.0,0.9852620073050211,365079.875,0.9770344104420505
39581784.0,0.9836564744754156,392865.09375,0.9752865630685343
