loss,r2,loss_test,r2_test
158646448.0,0.9378643323283433,1162911.125,0.9268463147423431
99765336.0,0.9621948692648857,735251.3125,0.9537485321813753
58426972.0,0.9729259019514599,486205.65625,0.9694149139893627
54723260.0,0.9820883734533713,478761.375,0.9698832015060255
40032656.0,0.985149310080391,376488.3125,0.976316758354688
34500548.0,0.9907514915170622,328994.375,0.9793043932227258
36359364.0,0.9896958240443355,369731.53125,0.9767417946154574
31719834.0,0.9938065658531788,344545.375,0.9783261488754508
