loss,r2,loss_test,r2_test
91995408.0,0.9508366172028766,1736024.125,0.8907942657944874
77987736.0,0.9551260532221866,1339737.5,0.91572293080452
89552608.0,0.9551604434434373,1655105.375,0.895884505131919
78070352.0,0.9573312100927729,1334859.375,0.916029793272392
75401624.0,0.9512545465985187,1207286.125,0.9240548776825924
72975424.0,0.9559611878527365,1169446.125,0.926435217395287
78212576.0,0.9338825226581248,1261937.75,0.920616970678545
67574280.0,0.9517749442959688,1089082.875,0.9314905323631857
