loss,r2,loss_test,r2_test
65406068.0,0.7149585209846154,1326457.5,0.9165583257982673
58280056.0,0.7410447869758696,1183818.875,0.9255310942785184
58330172.0,0.7312360438589094,1181451.625,0.925680013359836
62698984.0,0.7583655168338864,1316500.875,0.9171846475141504
52687264.0,0.7463355509719608,1095608.5,0.9310800248198947
51086876.0,0.7442825794984067,1069400.0,0.9327287011376397
52074360.0,0.7565007945844289,1107486.625,0.9303328315907511
