loss,r2,loss_test,r2_test
52809516.0,0.93946179989603,1254439.625,0.9210886517556303
81992136.0,0.8335798889812192,2105594.5,0.867546209735436
50724488.0,0.951602396016844,1201096.625,0.9244442265483166
54323284.0,0.9217162295806892,1389374.125,0.9126005144521148
49070824.0,0.9487926733609185,1201784.875,0.9244009334078345
