loss,r2,loss_test,r2_test
57222968.0,0.9481367220862562,1278408.625,0.9195808776339264
53100368.0,0.9562486120621658,1219920.25,0.9232601207615123
51767072.0,0.9664611390358573,1204070.375,0.9242571692737714
49802168.0,0.9631774425933971,1164470.375,0.9267482301286449
47331508.0,0.9513918133621635,1110717.375,0.9301295989934482
54332508.0,0.9145121399762383,1264162.375,0.9204770388578667
44123216.0,0.9491797903221901,1031935.8125,0.9350854033434002
