loss,r2,loss_test,r2_test
65740260.0,0.965367097105556,1241984.75,0.9218721305794977
