loss,r2,loss_test,r2_test
43061296.0,0.9316502198662397,1250762.875,0.921319947077582
42123680.0,0.9341784053795228,1225845.375,0.9228873955276887
