loss,r2,loss_test,r2_test
40800364.0,0.9304977391385172,1193675.0,0.924911096600061
