loss,r2,loss_test,r2_test
70876552.0,0.8624911206545389,1332886.125,0.9161539270303892
