loss,r2,loss_test,r2_test
80089360.0,0.9391500894030332,1306869.875,0.9177904944530352
74188400.0,0.9463113695528531,1162456.25,0.9268749299665866
