loss,r2,loss_test,r2_test
181637504.0,0.9488400601192967,1152745.875,0.9274857655168227
157557536.0,0.9624366458623489,1102927.625,0.9306196121444846
139139024.0,0.9480868399869986,988234.25,0.9378344877990039
124546912.0,0.9425505077804563,880961.1875,0.9445825598409815
113730904.0,0.9338556567700181,816567.6875,0.9486332742156388
84263792.0,0.9221932064063538,612412.9375,0.9614757636356563
74083960.0,0.9355368334834373,556783.8125,0.9649751485858121
67802312.0,0.9314742870490215,524968.75,0.9669765015248909
68077936.0,0.9243572120579441,534005.0,0.966408068898852
