loss,r2,loss_test,r2_test
349602912.0,0.0707764009015559,13953860.0,0.12222331360281047
38516080.0,0.9149742745094005,1580566.25,0.9005734510112328
27140484.0,0.9307935312721011,1284793.0,0.919179250780824
16130118.0,0.9498483945362417,907372.125,0.9429211615395898
14533541.0,0.9614286073362969,692410.375,0.9564434743594249
