loss,r2,loss_test,r2_test
1019788672.0,0.9367409009084404,892810.6875,0.9438371658204762
679513920.0,0.9290979626309139,614227.9375,0.9613615887522895
589351552.0,0.9206944289155203,542176.0625,0.9658940565198245
676930112.0,0.9268327255909458,644185.6875,0.9594770740929375
551885760.0,0.9095533927205287,536955.1875,0.9662224791283186
483659008.0,0.9335432132264785,469252.875,0.9704813365233694
427517472.0,0.9241445962146886,410649.0625,0.974167851487824
439723200.0,0.9354651317168028,433298.3125,0.9727430845309115
