loss,r2,loss_test,r2_test
114440088.0,0.28044470877572625,10722136.0,0.32551705102989237
3269381.25,0.9904021976827794,648653.3125,0.9591960398843196
4237211.5,0.9806517254714169,748273.3125,0.9529293789171465
2359459.25,0.9950281164182483,586238.4375,0.9631222876721035
409648.8125,0.9992193210693747,496383.15625,0.9687746940115683
