loss,r2,loss_test,r2_test
7774712.5,0.936389523224436,1487333.75,0.9064382989765728
2115610.25,0.9737705870888811,721470.6875,0.9546154123965767
1036351.0625,0.9927988459251654,448625.09375,0.9717789463088987
750890.125,0.9923484633908849,424924.9375,0.9732698187102975
600184.125,0.989225723823643,491334.15625,0.9690923044259693
