loss,r2,loss_test,r2_test
1099810.625,0.9955427792565891,424779.09375,0.9732789948346976
706970.0,0.9978868014441575,413504.65625,0.9739882201014863
751472.5,0.998998637489614,406116.28125,0.9744529881738275
867846.1875,0.9974738839286468,418838.34375,0.9736526978289093
