loss,r2,loss_test,r2_test
105184784.0,0.9414771572977642,551906.0,0.9652819908274993
59750772.0,0.9827410141332045,380266.75,0.9760790720360663
