loss,r2,loss_test,r2_test
246421792.0,0.9017878020856729,1257774.25,0.9208788912511854
58357272.0,0.9764628684176332,391989.6875,0.9753416339670755
55922780.0,0.9729051920853583,367018.25,0.976912476506038
64356376.0,0.9796766843631807,459138.125,0.9711176124145726
43850832.0,0.9900767911928673,351048.34375,0.9779170769661243
