loss,r2,loss_test,r2_test
78244944.0,0.9877321604855159,437956.53125,0.9724500597763542
75941248.0,0.9753004433773711,447240.875,0.971866020185759
63518360.0,0.9900834959027731,432590.5,0.9727876110516188
59970744.0,0.989818438473175,434932.3125,0.9726402974722819
