loss,r2,loss_test,r2_test
8400491.0,0.9674924663203827,1359581.0,0.914474664649481
2515117.0,0.9852598642157345,923662.4375,0.9418964121889302
2622275.0,0.9815778783840462,956334.5625,0.9398411499748184
907384.6875,0.994004248328714,575395.875,0.9638043471521854
798392.6875,0.993609249296677,510228.84375,0.9679037218084253
525779.3125,0.9966067189872053,636325.375,0.9599715368842429
300627.15625,0.9969976278502356,458253.90625,0.971173239526595
