loss,r2,loss_test,r2_test
102268088.0,0.984108985039305,547699.125,0.9655466274415946
80256600.0,0.9831806949248246,454930.6875,0.971382289369515
60589480.0,0.9812249577727452,418517.1875,0.9736729041862593
56159732.0,0.9864772509408762,404730.78125,0.9745401462217119
72765616.0,0.988479069434604,494626.78125,0.9688851770730222
