loss,r2,loss_test,r2_test
58817904.0,0.9564613550555496,541393.1875,0.9659433086510708
45982240.0,0.9891235007271284,572471.0,0.9639883371994022
23139188.0,0.9861187753159941,381209.8125,0.9760197455535192
24751470.0,0.9960360086265369,403161.28125,0.9746388748677052
30306490.0,0.991564770966956,501573.96875,0.9684481592816467
