loss,r2,loss_test,r2_test
103308448.0,0.35596879636326206,11683605.0,0.26503515033379865
2540320.0,0.9892029377230261,628727.375,0.960449495959295
2118656.0,0.9860372536636245,584983.1875,0.9632012487455422
765242.1875,0.9910228267775754,464417.6875,0.9707855018728827
543771.375,0.9959930160681725,491197.03125,0.969100927999402
