loss,r2,loss_test,r2_test
57359916.0,0.9842789258885637,422205.0,0.9734409188202909
