loss,r2,loss_test,r2_test
143619712.0,0.9752568337354136,661395.4375,0.9583944901417316
159869168.0,0.9521370687505863,730949.4375,0.9540191451359783
78442920.0,0.9897464846368245,433538.8125,0.9727279549118333
58724716.0,0.9902202125771339,375533.6875,0.9763768083845191
62830884.0,0.977983130991806,426901.4375,0.9731454849555344
54299080.0,0.9883787903038785,390242.0,0.9754515725033268
53367736.0,0.9904699710444146,401187.9375,0.9747630103070011
45768664.0,0.9891682518231968,369581.4375,0.9767512378488045
