loss,r2,loss_test,r2_test
899639.0,0.9969720333369869,477317.59375,0.969974025247208
772013.1875,0.9963317839093034,528175.875,0.966774751277308
