loss,r2,loss_test,r2_test
171679936.0,0.9720369904642405,981353.4375,0.9382673191268551
