loss,r2,loss_test,r2_test
232025040.0,0.8680375183813113,1201212.0,0.9244369803862073
148049840.0,0.9381801270659786,824133.125,0.948157363372117
