loss,r2,loss_test,r2_test
11405904.0,0.9283274201769943,1301043.0,0.9181570368203836
11391181.0,0.9241893719851841,1240047.25,0.9219940193021742
