loss,r2,loss_test,r2_test
9323935.0,0.9590465246717066,1389584.0,0.912587312116162
8888520.0,0.9572117871487825,1387732.375,0.9127037905660214
5956676.5,0.9765459712493462,1033412.375,0.9349925201397443
