loss,r2,loss_test,r2_test
4537299.0,0.9940136843951568,1293024.625,0.9186614340436602
