loss,r2,loss_test,r2_test
272308512.0,0.9504375526688971,1339492.0,0.9157383775615825
276251776.0,0.9591882342697875,1335720.875,0.9159756090570175
250477792.0,0.968596621533973,1261879.375,0.9206206508529475
250776176.0,0.967226490052231,1257669.125,0.9208855008025824
