loss,r2,loss_test,r2_test
259628112.0,0.8512868801968776,1329022.75,0.9163969538457628
267828480.0,0.8511603305978601,1357701.25,0.9145929073231158
248356464.0,0.8703445437142433,1290023.75,0.9188502131084608
245014704.0,0.8719011284967327,1256502.875,0.9209588669027329
