loss,r2,loss_test,r2_test
241825104.0,0.9311628200874683,1402633.375,0.9117664227542771
221792848.0,0.948255660252711,1285455.625,0.9191375721036883
215043776.0,0.9553156768023146,1249127.5,0.9214228177004986
209177184.0,0.9633332444850117,1214441.375,0.9236047738843779
