loss,r2,loss_test,r2_test
252930736.0,0.9607324272529741,1516917.375,0.9045773175034868
220846016.0,0.9852091139756253,1316092.375,0.9172103424461682
209675472.0,0.9864093395657715,1253124.625,0.9211713655492705
214183552.0,0.9657507480091824,1254574.25,0.9210801817512393
