loss,r2,loss_test,r2_test
14902542.0,0.7783649988151755,2327585.5,0.8535817063087714
9946259.0,0.9021504929856022,1360263.375,0.9144317361505206
9586028.0,0.9094566586065673,1273790.875,0.9198713477805516
9358718.0,0.9091786011259159,1268254.25,0.9202196391167418
