loss,r2,loss_test,r2_test
351084320.0,0.8331039031203951,1463745.875,0.9079221086043143
342182752.0,0.8289049362530366,1389633.625,0.9125841918824639
344002144.0,0.8282057549354469,1409451.75,0.911337510479435
327798528.0,0.825835035171784,1293951.875,0.9186031131197739
