loss,r2,loss_test,r2_test
188629936.0,0.9274310615979793,1274678.375,0.919815519460045
201274512.0,0.9617794413972229,1398719.25,0.9120126485002638
199647216.0,0.9223500026052566,1346612.25,0.9152904780341419
172133040.0,0.9554133043547732,1208068.5,0.9240056667748954
