loss,r2,loss_test,r2_test
262691760.0,0.9709996031710596,1508154.75,0.9051285399907452
237151200.0,0.9561956591111394,1274991.625,0.9197958182691843
253239200.0,0.9679885036248543,1428150.0,0.9101612861944394
254821328.0,0.9593837973659612,1428511.375,0.9101385545237826
