loss,r2,loss_test,r2_test
83582584.0,0.92727470122542,1176285.625,0.9260049845201916
57383808.0,0.9514263083830948,821354.5,0.9483321631604671
38124512.0,0.9633265679193641,568321.6875,0.964249352659317
32710392.0,0.9654814167772388,498449.21875,0.9686447247826714
30764294.0,0.9714070394966272,468164.375,0.9705498102413433
32549790.0,0.9578852893858874,484549.96875,0.9695190672396415
26403112.0,0.9734033189702199,415306.09375,0.9738748996231751
32577250.0,0.9630578499851024,515176.5625,0.9675924791701556
