loss,r2,loss_test,r2_test
2582753.5,0.9212920561836985,1393855.5,0.9123186100629032
2108214.0,0.9407998229060994,1303673.0,0.917991594186428
1986212.875,0.9447288261217214,1262694.75,0.9205693640773951
1933846.875,0.945167302581764,1219805.25,0.9232673507779374
1780589.5,0.9527663347216867,1228366.375,0.9227288047725972
1825831.0,0.9476124513448863,1180647.0,0.9257306282007218
1754831.5,0.9569679730121909,1193940.75,0.9248943729181942
1699062.375,0.9561904960561918,1111636.125,0.9300718056496451
1714251.75,0.952838060173533,1107153.75,0.9303537652950665
