loss,r2,loss_test,r2_test
117819200.0,0.9695024547127634,1321172.625,0.9168907732573286
115570464.0,0.953386369629566,1291473.375,0.9187590155222044
101386592.0,0.9540529429752915,1156657.875,0.9272396717796502
81735296.0,0.9465898692733989,1077637.375,0.9322105126058372
53420884.0,0.9865456685640588,632842.0625,0.9601906567278092
85344528.0,0.9104415048866188,1166533.375,0.9266184499373556
35614824.0,0.9933644065651269,510916.875,0.9678604385808104
60165548.0,0.9661892730956404,833299.75,0.9475807390179936
29138688.0,0.99271516411954,465126.75,0.9707408967288512
