loss,r2,loss_test,r2_test
85223184.0,0.8560769188752435,1026751.0625,0.9354115475467842
74259168.0,0.6685557559106099,891630.125,0.9439114208233931
60996048.0,0.9000039299616637,774029.875,0.9513091394011527
87509256.0,0.9051686323183482,966538.375,0.9391992661929451
54066808.0,0.8931180458347285,627476.1875,0.9605281932075691
