loss,r2,loss_test,r2_test
131650256.0,0.9546174892580715,1417086.25,0.9108572541426276
71146904.0,0.9878949766320554,801347.6875,0.9495906983206766
67271984.0,0.9664261871077989,775398.0,0.9512230832647441
82653808.0,0.9862239207206086,900000.8125,0.9433848664071623
46131824.0,0.9740242429899607,535422.125,0.9663189227294868
37265968.0,0.9815509784703754,478852.125,0.9698774930368003
36131992.0,0.985983539299093,503204.53125,0.9683455909698582
