loss,r2,loss_test,r2_test
114371448.0,0.9746729312419905,470090.75,0.9704286330394607
91735608.0,0.9731677233427093,418380.1875,0.973681521682094
101677352.0,0.9613526001148593,444457.0625,0.9720411397823773
70421520.0,0.9842533503965311,347330.78125,0.978150928150606
97598760.0,0.9774281731325712,439596.46875,0.9723468957208077
74541496.0,0.9826834394027589,381739.28125,0.9759864403218323
75561408.0,0.9895968402525512,390607.34375,0.9754285873152003
