loss,r2,loss_test,r2_test
84851792.0,0.9419928720716642,1131609.125,0.9288153867176036
72661576.0,0.9613192446576596,943215.8125,0.9406663927850993
46816520.0,0.977635476351625,631831.75,0.9602542099322975
