loss,r2,loss_test,r2_test
69800384.0,0.9768927414037588,856096.0625,0.9461467197978368
40762124.0,0.9919709690169988,557917.0,0.9649038646630519
40470612.0,0.9843702490320254,531928.875,0.966538670218201
61511628.0,0.9717177344607393,828131.25,0.9479058611361344
40670616.0,0.9902345266105677,590638.0625,0.9628455245140962
