loss,r2,loss_test,r2_test
1144989.25,0.9766824237434593,627973.5625,0.960496910637512
1107387.0,0.9736349122570742,652370.5625,0.9589622037642482
