loss,r2,loss_test,r2_test
51538944.0,0.3979677996554908,8642162.0,0.4563591785343476
