loss,r2,loss_test,r2_test
4340126.5,0.9658864040336482,1258570.125,0.9208288180164358
