loss,r2,loss_test,r2_test
131186296.0,0.9561636203169369,1226601.125,0.9228398585793766
108543024.0,0.9526343842900487,1012389.25,0.9363149904861238
