loss,r2,loss_test,r2_test
107252408.0,0.9067323047800662,1147107.0,0.9278404842839721
