loss,r2,loss_test,r2_test
108682776.0,0.9138925274791249,1256902.25,0.9209337395700098
95618656.0,0.9551348890082614,1118472.125,0.9296417869782968
76898632.0,0.9648530750589709,906174.3125,0.9429965087106771
