loss,r2,loss_test,r2_test
160560016.0,0.9465437843519647,1315944.125,0.9172196692356944
163936416.0,0.9477211991741757,1374295.375,0.9135490527982398
157737408.0,0.9230816533288254,1271958.0,0.9199866496684938
172494592.0,0.9073211802948101,1404575.375,0.9116442690857529
132407432.0,0.9373953762606614,1107327.25,0.9303428639626337
100155184.0,0.9517179128065857,854208.0,0.9462654847205556
