loss,r2,loss_test,r2_test
136904784.0,0.9786842558517285,1405018.75,0.9116163817008204
109469088.0,0.9833373612333318,1169655.75,0.9264220409451842
116356592.0,0.9775872356908465,1252042.875,0.9212394271436216
102480352.0,0.9837121527507634,1089557.75,0.9314606570969155
