loss,r2,loss_test,r2_test
1720104320.0,0.9372809791514681,1379990.125,0.9131908150005303
1338091264.0,0.9406785059938896,1155378.375,0.9273201704485338
1079167360.0,0.9367279345226249,978327.6875,0.9384576565234156
719614976.0,0.9425982594938359,643484.3125,0.9595212003823851
594536896.0,0.9415310417985499,570612.3125,0.9641052579621897
466455104.0,0.9417178715709918,446208.5625,0.9719309553942259
480333952.0,0.934605289059591,461065.4375,0.9709963758720465
432464544.0,0.9444005890954503,420763.53125,0.9735315956470061
