loss,r2,loss_test,r2_test
51959948.0,0.9731732739107206,1248294.5,0.9214752239746392
48533760.0,0.97850002152603,1164551.25,0.9267431411641827
48011700.0,0.9803102400855921,1143629.5,0.9280592378806507
54709232.0,0.9735062232492951,1286733.375,0.9190571930874604
