loss,r2,loss_test,r2_test
58709900.0,0.9343285711596545,1357038.0,0.9146346348893503
50438268.0,0.9393710130857081,1148012.625,0.9277835231772222
49571808.0,0.9402699608902161,1131550.25,0.9288190951375276
48226580.0,0.9385645257787646,1096574.375,0.9310192689441983
