loss,r2,loss_test,r2_test
64034080.0,0.9246966963369903,1314674.25,0.9172995613263324
59834532.0,0.9242604887682341,1210098.375,0.9238779721732793
58101952.0,0.9258558383262037,1173533.5,0.9261781103936323
54078500.0,0.9275143025803874,1107892.125,0.9303073190090297
