loss,r2,loss_test,r2_test
49401496.0,0.9421158635098091,1256399.75,0.9209653471252807
48762632.0,0.9423358805426909,1231247.625,0.9225475613717014
47442008.0,0.9439603585388241,1218771.875,0.9233323507943166
45340932.0,0.9491230103161988,1156365.5,0.9272580702151917
44744384.0,0.9509403032380658,1134642.0,0.9286246007513832
