loss,r2,loss_test,r2_test
605977664.0,0.9405252742086485,1013777.375,0.936227672545127
336956896.0,0.9493801130700679,575610.75,0.9637908316543834
312322688.0,0.9359126290194146,522236.96875,0.9671483417338463
248699200.0,0.9726042379237952,505107.09375,0.9682259069792255
204230400.0,0.9885391615193682,424465.8125,0.9732987028542102
