loss,r2,loss_test,r2_test
98336504.0,0.8843571461207077,3216970.5,0.7976343439483182
81748792.0,0.9255081067251762,2081872.625,0.8690384352379937
80618752.0,0.9159896762121768,2121698.0,0.8665332016440255
71529560.0,0.9337654823863606,1877569.5,0.881890263509474
50257740.0,0.9404393764044621,1416904.125,0.9108687073219895
26587050.0,0.9399381533081208,1026818.0,0.9354073385629323
