loss,r2,loss_test,r2_test
23608198.0,0.9224184757676256,1219666.25,0.923276106582213
21600502.0,0.9262874876485657,1147267.0,0.9278304164445546
21141990.0,0.9274209387310969,1133202.5,0.9287151564520673
19649880.0,0.9336787019370844,1053130.125,0.9337521575071065
19591424.0,0.9331102949439244,1051208.0,0.93387307750466
20163770.0,0.9349618479995697,1067358.25,0.9328571332558878
