loss,r2,loss_test,r2_test
21185468.0,0.932202674800426,1187824.375,0.9252791327865542
29208376.0,0.953354562995467,1633250.0,0.8972593371663463
24413436.0,0.9570785649003957,1397403.625,0.9120954125474605
19201148.0,0.9556784689294932,1123449.5,0.9293286775537893
22499184.0,0.9256781168697347,1189059.0,0.925201464122141
17498986.0,0.9571524527498269,1005289.5,0.9367616041451583
