loss,r2,loss_test,r2_test
38406920.0,0.9296487418753082,1553214.25,0.9022940419554121
31129146.0,0.8997661554597043,1235884.625,0.922255860213784
30484732.0,0.8874911673108595,1220320.125,0.9232349650798459
28014108.0,0.9053245817708406,1151949.625,0.92753585967698
25424670.0,0.9170631738618064,1086551.5,0.9316497708039899
24098022.0,0.9285924020834685,1062438.375,0.9331666151929973
