loss,r2,loss_test,r2_test
59599300.0,0.7737520437452743,1902365.75,0.8803304353226684
42812256.0,0.8662417546236104,1288299.25,0.9189586888682063
41548600.0,0.8932617057040064,1336583.875,0.9159213149726394
