loss,r2,loss_test,r2_test
30090104.0,0.9392949407438411,1270168.125,0.9200992375477771
28690382.0,0.940916010997506,1189898.75,0.9251486455444933
28374930.0,0.938246816187036,1165586.75,0.9266780072076377
24380162.0,0.92737353288297,1056888.875,0.9335157164011545
24029178.0,0.9292783528754915,1036877.4375,0.9347745470264646
