loss,r2,loss_test,r2_test
38049768.0,0.920725178990492,1686298.625,0.8939222803973181
28818502.0,0.9631513243048001,1227495.0,0.9227836266319597
