loss,r2,loss_test,r2_test
146225472.0,0.2625461219346119,11194956.0,0.2957739395973654
31116294.0,0.8791574299157028,2309857.75,0.8546968929705524
20307182.0,0.9522783804992214,1297711.125,0.9183666244657501
20173784.0,0.9505703769473854,1248371.125,0.9214703982313327
