loss,r2,loss_test,r2_test
151302992.0,0.21078068228820923,11854119.0,0.2543089373337415
20630616.0,0.7468095443057339,1352095.75,0.9149455344708086
