loss,r2,loss_test,r2_test
19962492.0,0.8296959118487541,1403600.5,0.911705589635722
23863064.0,0.8595957425578339,1891366.0,0.881022395022211
