loss,r2,loss_test,r2_test
17832804.0,0.9343085203040332,1414845.625,0.9109982031120496
16758340.0,0.9370578518347644,1255231.75,0.9210388287208351
16698732.0,0.9432098397799636,1304155.875,0.9179612197926941
