loss,r2,loss_test,r2_test
22125500.0,0.9142290759170596,2256218.25,0.8580711158118237
14142904.0,0.906166793810247,1374618.125,0.9135287480792322
