loss,r2,loss_test,r2_test
17321082.0,0.9658475279204349,1343968.625,0.9154567737840177
16671587.0,0.9681292370860243,1238666.75,0.9220808592746811
17491490.0,0.9627761514178009,1266470.5,0.9203318458357002
