loss,r2,loss_test,r2_test
24688142.0,0.9250337498636538,1201836.625,0.9243976891983265
21659400.0,0.9321986917921022,1102225.875,0.9306637658508368
