loss,r2,loss_test,r2_test
26565740.0,0.9443234491498124,1285998.625,0.9191034167917147
