loss,r2,loss_test,r2_test
33051456.0,0.9602040592757368,1229424.25,0.9226622627550037
