loss,r2,loss_test,r2_test
20139154.0,0.8942320509566758,1275417.5,0.9197690197171933
19593340.0,0.8910924628376795,1280205.0,0.9194678683934701
18861670.0,0.900193590740707,1208925.375,0.9239517533753641
17777624.0,0.9014039443238658,1142774.75,0.928113005523637
17290634.0,0.8979993687545219,1131652.625,0.9288126516307312
19419766.0,0.8751658250320029,1327171.25,0.9165134211830088
16433722.0,0.9123947022081553,1030694.75,0.9351634727714074
