loss,r2,loss_test,r2_test
13005426.0,0.621080540892126,5765788.5,0.637299313476217
4078809.0,0.8549417248060883,1331712.75,0.916227737877874
3892085.25,0.8573862217669571,1204944.75,0.9242021639210414
3795876.75,0.8762172301118704,1484550.875,0.9066133551951847
3581025.5,0.8660457471705136,1072544.125,0.932530912820404
3315871.75,0.8767429754124931,1052546.125,0.9337888891168168
