loss,r2,loss_test,r2_test
14116564.0,0.5513652680027983,6320459.0,0.6024073780570922
2443069.0,0.937929396181902,1267655.875,0.9202572749282039
2160025.0,0.9484088008907094,1220774.5,0.9232063850123744
2161487.25,0.947141387577147,1219118.375,0.9233105632905159
2070227.375,0.9555406096934898,1205551.125,0.9241640236292453
1883288.0,0.9577304197532289,1167332.5,0.9265681860302328
1775044.25,0.9634399335725917,1150820.75,0.9276068706964522
1704045.25,0.965930286494397,1104581.875,0.9305155502844167
1893412.75,0.9558401967063562,1201596.125,0.9244128075185022
