loss,r2,loss_test,r2_test
34100672.0,0.9395362140591466,1333985.375,0.9160847821079302
34631620.0,0.9318050361328905,1382299.125,0.913045565271709
30172598.0,0.9493719416012647,1221053.0,0.9231888608304498
31730180.0,0.9444648205629953,1286512.625,0.9190710821426626
28111270.0,0.9536857956829546,1145854.125,0.9279192885338421
28425676.0,0.949420950583562,1156377.0,0.9272573513668286
27168024.0,0.9527422176311944,1107729.375,0.9303175576585279
29279992.0,0.9432280725527507,1187782.75,0.9252817450202425
25474480.0,0.9559221521744613,1041864.0,0.9344608549324779
