loss,r2,loss_test,r2_test
26092462.0,0.9586436220655294,1238760.875,0.922074936546778
24893602.0,0.9643855021528509,1178597.375,0.9258595591885928
19614516.0,0.9778537027566218,941040.4375,0.940803235356201
12147198.0,0.984837511168875,631796.25,0.960256441435479
12312095.0,0.9833775248184172,684184.0625,0.9569609498211273
10247685.0,0.9815247172710525,560378.0625,0.9647490503978349
10085027.0,0.9804770998679782,594196.8125,0.9626216642138044
8690538.0,0.9886517581321819,552869.75,0.9652213657430257
