loss,r2,loss_test,r2_test
24279286.0,0.9188508486550324,1262298.5,0.9205942825112946
20810370.0,0.9323990677363593,1112138.0,0.9300402282802532
11393277.0,0.9643994243180846,666341.6875,0.9580833392122098
9552077.0,0.9716008747709851,586130.4375,0.9631290817708605
10359169.0,0.97781639290476,634759.0625,0.9600700670676776
11551683.0,0.9662284376566739,652658.3125,0.9589441052722204
7091468.0,0.977356479654871,485814.90625,0.9694394953520318
