loss,r2,loss_test,r2_test
28032804.0,0.9147680311489829,1216037.375,0.9235043719666877
28468310.0,0.9229842099649886,1299859.375,0.9182314963044118
22826708.0,0.9424265611518,1061024.5,0.9332555537456342
20960522.0,0.9480135258126029,999362.125,0.9371344689758718
10310230.0,0.9796985049997501,577469.0,0.9636739358830257
12102300.0,0.9739646537011136,644771.3125,0.9594402363087734
7774923.5,0.9935019189017057,514395.78125,0.9676415969106746
