loss,r2,loss_test,r2_test
20277352.0,0.9346045720100458,1193246.5,0.9249380453113972
19123342.0,0.9554669337020568,1105717.375,0.9304441298571231
18846426.0,0.9539331908238099,1047834.1875,0.9340853060218867
16225157.0,0.9480164265657038,896304.875,0.943617355087567
8216954.0,0.9754060433181676,528519.375,0.9667531410545468
7775342.5,0.9822806448157245,506941.875,0.9681104895600303
