loss,r2,loss_test,r2_test
21157206.0,0.9749135641572566,1067002.625,0.9328794941363021
17550626.0,0.9632091266389256,931041.25,0.9414322391343192
17363202.0,0.9875049241851205,943559.6875,0.9406447552468318
9497149.0,0.9916960742144705,598810.75,0.9623314230226032
8314181.0,0.9911685732963404,526822.875,0.9668598637217
10696945.0,0.9766363943980899,681183.9375,0.9571496780137965
