loss,r2,loss_test,r2_test
37564968.0,0.9455419364912785,1237421.375,0.9221591995349724
35145888.0,0.9529781103258265,1234329.125,0.9223537190960471
29146276.0,0.9674489610808846,1128558.625,0.9290072909138618
19818626.0,0.9625561613946978,848595.5625,0.9466185396981106
19237194.0,0.9744012839035029,1052930.625,0.9337647080035127
10585847.0,0.9768473582725994,641931.375,0.9596188865585435
9006888.0,0.9846485151643668,590045.1875,0.9628828193609705
