loss,r2,loss_test,r2_test
31721572.0,0.8845140722681104,1277618.875,0.9196305473655663
22874534.0,0.928704602689054,1040376.8125,0.9345544144438007
14765384.0,0.9786989097851727,733422.3125,0.953863591172176
11129920.0,0.9843190950937779,585531.5625,0.9631667522193764
8999378.0,0.9838490078832561,524689.5,0.966994068275526
