loss,r2,loss_test,r2_test
480913856.0,0.42322880129531193,8801953.0,0.4463073592636754
107729960.0,0.9397055715173233,1848666.5,0.8837084293913776
79151248.0,0.9649109084125556,1327339.75,0.9165028293654346
75492208.0,0.9826279410646617,1346928.25,0.915270592872166
73867184.0,0.9826931601093937,1327166.75,0.9165137079301539
79789392.0,0.9825386049932539,1453102.5,0.9085916324311174
71592168.0,0.9742682984182125,1218453.0,0.9233524125185638
