loss,r2,loss_test,r2_test
109942952.0,0.811236641159914,1811225.0,0.886063706453249
81733000.0,0.8976634047552247,1323296.125,0.9167571936657176
98305424.0,0.9181745813930774,1838648.75,0.8843385896138231
83844464.0,0.931456055183502,1514002.375,0.9047606822032136
74637832.0,0.9405575638837863,1263821.125,0.9204985078218416
79250400.0,0.9334606943381369,1392581.375,0.9123987516532623
85098408.0,0.9333684130605806,1554679.25,0.9022018830304982
75578160.0,0.9366193750863699,1301073.75,0.9181551008580711
75532352.0,0.939041608797281,1324261.375,0.9166964671369726
