loss,r2,loss_test,r2_test
86793976.0,0.9502854979878559,1375477.375,0.9134746975582584
82877576.0,0.9552435618512265,1332477.5,0.9161796298983585
83071832.0,0.9535610519475735,1344550.25,0.9154201905838936
89560848.0,0.9541368011246322,1413170.625,0.9111035780105581
78523048.0,0.9552368387759956,1272179.125,0.9199727332123337
76273416.0,0.9625996341127494,1208075.875,0.9240051982458528
74358336.0,0.9539222565016625,1213578.25,0.923659063543433
73632904.0,0.9547655108092789,1202845.0,0.9243342490313771
