loss,r2,loss_test,r2_test
86244264.0,0.9571397018491299,1304313.5,0.9179513082305706
84142424.0,0.963120185360692,1263282.375,0.9205323917051927
82246784.0,0.9596228828180696,1233755.25,0.9223898212128764
84059536.0,0.9486902832582291,1280414.375,0.9194546915599408
83599776.0,0.9515105479355093,1269807.125,0.9201219562252899
85419688.0,0.9387849858722325,1291565.125,0.9187532494454851
80149160.0,0.949939860611525,1194421.5,0.9248641418021509
85312208.0,0.9302759819442575,1301971.5,0.9180986330819175
