loss,r2,loss_test,r2_test
74615312.0,-1.1182927210551377,30485020.0,-0.9176801099325043
2490156.5,0.9239767314036271,1279870.625,0.919488899765557
2095213.5,0.9423026738565216,1233337.625,0.92241607893919
2444005.5,0.929221817559515,1278500.125,0.9195751220747841
2077999.25,0.9429076257626646,1204423.75,0.9242349414750752
