loss,r2,loss_test,r2_test
91510528.0,0.9199402182634449,1711243.0,0.8923531379736209
67574640.0,0.9340030176398881,1226469.25,0.9228481487543059
66221348.0,0.921572689407508,1218912.0,0.9233235432523625
