loss,r2,loss_test,r2_test
38641972.0,0.9427853423979671,1301178.375,0.9181485215947313
43204308.0,0.8996592440132943,1301820.5,0.9181081328514168
37395880.0,0.9406031443911291,1207167.625,0.9240623346039565
36991072.0,0.943736203217281,1238537.25,0.9220890029509627
