loss,r2,loss_test,r2_test
88157872.0,0.9389542512361606,1645206.5,0.8965072018609794
78878056.0,0.9388211643185892,1329357.875,0.9163758693691417
