loss,r2,loss_test,r2_test
2893929.0,0.9691581873136078,1275624.25,0.9197560218148423
2634810.25,0.9725950335049419,1301157.375,0.9181498492702893
2440337.0,0.9686046604716885,1270427.625,0.9200829212692867
2182109.25,0.975896562806979,1193658.25,0.9249121531321715
2095198.625,0.9780867000378982,1227284.75,0.9227968489674128
