loss,r2,loss_test,r2_test
3872984.75,0.935770566565536,1268318.125,0.9202156158891464
