loss,r2,loss_test,r2_test
81320128.0,0.24864703899199236,1436246.25,0.909651994562234
69837008.0,0.3434998710207343,1176263.5,0.9260063725551511
