loss,r2,loss_test,r2_test
24055090.0,0.935486845654097,1267851.5,0.9202449781742688
