loss,r2,loss_test,r2_test
17882522.0,0.9515859429727537,1211509.375,0.9237892066088573
18128668.0,0.9541010283264875,1217961.5,0.9233833302096216
17066666.0,0.95362684863775,1154222.125,0.9273929070085937
16464598.0,0.9563166838306179,1113217.125,0.9299723448759576
