loss,r2,loss_test,r2_test
20315764.0,0.9128974730063911,1312879.0,0.9174124945287501
19757876.0,0.9290331339732493,1233795.625,0.9223872787862766
18988228.0,0.9289834512997991,1214649.375,0.9235916911485691
18737934.0,0.9318713888271759,1204837.25,0.9242089292399607
18251472.0,0.93279332538775,1184835.625,0.9254671397080518
18072682.0,0.9319861998728599,1197601.125,0.924664116681548
17812972.0,0.9425646841197259,1104880.25,0.9304967860412187
