loss,r2,loss_test,r2_test
14044156.0,0.9331524460285784,1222719.375,0.9230840417202875
15197647.0,0.9331564049725927,1328872.125,0.9164064262973073
