loss,r2,loss_test,r2_test
17652856.0,0.9357710594530266,1398827.0,0.9120058742766277
15158248.0,0.9496684697839459,1242011.375,0.9218704576217138
14777752.0,0.949844431445038,1219480.625,0.9232877717843425
15184945.0,0.9508075084059335,1258729.75,0.9208187864842816
13648383.0,0.956623676106828,1147579.5,0.927810752876398
13153250.0,0.9575917278946556,1105668.375,0.9304472123245514
