loss,r2,loss_test,r2_test
46727568.0,-0.09963770541833328,15326447.0,0.03587981854650135
43829848.0,-0.017069378017479986,14834956.0,0.06679748281128084
39355180.0,0.10705474152266292,13988759.0,0.12002792630485692
5921380.0,0.8450211377404404,1575633.0,0.9008837686155147
4432736.0,0.9024953476671802,1612907.625,0.898538993100985
5849257.0,0.8388160593257205,1377508.875,0.9133469110266323
4796358.5,0.8734836827454453,1270962.875,0.9200492456842249
4020962.25,0.9112107391934179,1475956.125,0.9071540097349705
6465715.0,0.8192782280629946,1366668.375,0.9140288371099862
