loss,r2,loss_test,r2_test
342078208.0,0.09915873451418478,14621420.0,0.0802299688482323
308375520.0,0.2104907975973902,13165249.0,0.1718314944887308
39541024.0,0.9047693636177737,1656431.0,0.8958011245928028
34694864.0,0.9304076282545929,1375650.75,0.9134637957725315
32706774.0,0.9315417210848378,1296904.625,0.9184173655430359
32185448.0,0.9269409591776246,1319390.375,0.9170028875319954
32197396.0,0.9269723541487102,1326166.875,0.9165766050804453
30549740.0,0.9344189880209443,1215082.5,0.9235644350091597
