loss,r2,loss_test,r2_test
23638096.0,-0.14553171934219877,14860364.0,0.06519916296413408
21690108.0,-0.07478649690520545,13538747.0,0.14833621638346928
4053469.5,0.9310213909848689,2388829.0,0.8497291405919807
3942010.0,0.7606767751327802,2342562.75,0.8526395572593015
2046405.625,0.9538728796905236,1300821.625,0.9181709649425421
3312451.75,0.8115633573648442,1992064.25,0.8746879002757098
