loss,r2,loss_test,r2_test
80979192.0,0.8010736222334404,3754041.75,0.7638495258480937
27782002.0,0.9322007262066561,1362912.25,0.9142651057145449
26544206.0,0.9365309041627367,1293606.875,0.9186248174637802
28802904.0,0.9316166182953652,1434599.0,0.9097556103916258
26901502.0,0.9381220834247077,1341193.25,0.9156313666810425
24972956.0,0.9440412461969039,1229079.625,0.9226839358328937
