loss,r2,loss_test,r2_test
20373212.0,0.11612991226935965,14650306.0,0.07841301134661771
18507544.0,0.2014893852770704,13277830.0,0.16474941197958792
4456445.0,0.7222831447585086,2247353.5,0.8586287615719134
3271079.75,0.792947046135467,1832212.625,0.8847434654228449
2347478.0,0.8795992573883642,1424006.5,0.9104219396073002
2596998.5,0.8615909351673974,1570169.25,0.9012274763777409
2314906.75,0.8862192398801008,1415796.375,0.9109384082304577
