loss,r2,loss_test,r2_test
119267240.0,0.9689455281440322,1253869.875,0.9211244961540002
121506632.0,0.9717076110082205,1288109.0,0.9189706631581621
142846784.0,0.948090330231124,1528752.625,0.9038328112788983
115051536.0,0.975828252616055,1236729.625,0.9222027095304189
115795232.0,0.9702725828015166,1267677.0,0.9202559438618579
191071936.0,0.924554031907156,2075112.875,0.8694636623181177
104362128.0,0.9712572921896695,1153541.625,0.927435711539983
97365840.0,0.9751862740760786,1094210.125,0.9311679923966382
87166576.0,0.9756871572025424,971330.1875,0.9388978359763467
