loss,r2,loss_test,r2_test
192640624.0,0.34685708826360806,1853409.375,0.8834100611028092
146219376.0,0.7921242427307451,1310327.5,0.9175729897394616
155810256.0,0.9247337920989898,1390928.0,0.9125027614223973
132495800.0,0.8130005212742535,1264895.125,0.920430936570443
123832160.0,0.8428780209568246,1261744.875,0.9206291110287009
215023616.0,0.8354682749755185,2128693.75,0.8660931292363627
107572176.0,0.8874847391719661,1163372.875,0.926817267687518
96780712.0,0.8576420349544018,1094843.625,0.9311281352694373
95027856.0,0.8256796739306899,1137721.75,0.9284308661638759
