loss,r2,loss_test,r2_test
269680000.0,0.9634131075183383,2003576.375,0.8739637160541189
247106896.0,0.9399117337559397,1940899.125,0.8779064658049109
235037184.0,0.9619587793670614,1763093.5,0.8890914441600467
197800096.0,0.9110418001714732,1493529.875,0.9060485234930458
233897184.0,0.9697479839963987,1980840.875,0.8753939052333211
164407008.0,0.9033961318667377,1449529.5,0.9088163947695367
136842352.0,0.8855784844665449,1278560.625,0.9195713026027532
125240056.0,0.813235645283046,1274265.5,0.9198414948687519
98655296.0,0.8982908768453396,1017772.9375,0.9359763251562245
