loss,r2,loss_test,r2_test
122259000.0,0.9658015070234273,1302557.0,0.9180617913078675
163465296.0,0.8725796473491091,1808273.875,0.8862493444236703
112968272.0,0.9607792641967499,1238729.75,0.9220768886273476
118823000.0,0.9242209586801391,1319264.625,0.9170107914570937
106754008.0,0.9670053268632318,1203035.75,0.9243222571735424
97934632.0,0.9527822231644223,1129456.25,0.9289508090629071
109794824.0,0.9760637623147059,1270227.25,0.9200955208071268
124845016.0,0.975640215300324,1486318.875,0.906502130727228
109543824.0,0.9716577860102202,1299353.25,0.9182633400686213
