loss,r2,loss_test,r2_test
315362368.0,-0.06872634728408489,15368693.0,0.03322220298289935
106582952.0,0.5871333668107445,5138537.0,0.6767569739536885
27345470.0,0.8478091263962296,1267816.5,0.9202471686355711
