loss,r2,loss_test,r2_test
24122336.0,-0.00618848592797927,15585799.0,0.019565070248109606
23618460.0,-0.03126519604531808,14668819.0,0.07724835517230688
7379407.0,0.583743716131943,4242350.5,0.7331321674101217
4214108.5,0.7576281893076083,2308316.5,0.8547938159271884
