loss,r2,loss_test,r2_test
360298400.0,0.03852873689030878,15412824.0,0.03044618726621451
314420448.0,0.17786633009574715,13357332.0,0.15974823362948765
87617144.0,0.8190981023130744,3687381.5,0.7680428758714013
39724888.0,0.9229259466106491,1597494.125,0.899508587251683
34260976.0,0.9179611861093648,1428848.875,0.9101173316722216
