loss,r2,loss_test,r2_test
25036974.0,-0.2644329820944866,15729966.0,0.01049620297289755
21853926.0,-0.08749322561110562,13627725.0,0.14273906181481844
2311842.5,0.9293530343412391,1535115.5,0.9034325595762286
