loss,r2,loss_test,r2_test
5286126.0,0.7832714396440508,4183724.25,0.7368200886407221
2068281.75,0.9313034780071311,2655198.75,0.832972979765627
1474614.0,0.966098914678704,1992935.0,0.8746331237801669
743957.125,0.9890580088059381,1315741.5,0.9172324177765936
