loss,r2,loss_test,r2_test
350113536.0,0.10803770239553556,11413546.0,0.2820234431564582
47300832.0,0.9253434591992596,1410158.375,0.9112930618684114
44700480.0,0.9310036308990877,1282390.625,0.9193303817708562
44279044.0,0.9244675572933508,1316372.0,0.9171927495177243
47655080.0,0.9320037513491767,1310028.625,0.917591793334069
