loss,r2,loss_test,r2_test
36848368.0,0.9337310987967721,1369745.75,0.9138352479670337
33170178.0,0.942831661418209,1256723.5,0.9209449898337828
35126524.0,0.9319137360374496,1333003.0,0.9161465702393927
33007364.0,0.9349391600066899,1263215.0,0.9205366318475751
