loss,r2,loss_test,r2_test
34089324.0,0.9100990686213288,1504956.5,0.905329722638372
29005304.0,0.9478820811976187,1295419.5,0.9185107881101777
27909278.0,0.9511567915625615,1252179.25,0.9212308424431892
29089072.0,0.9533848386456476,1284528.125,0.9191959212903547
