loss,r2,loss_test,r2_test
40344156.0,0.9223965437457403,1450687.75,0.9087435348357165
38324764.0,0.9256944151120788,1383835.375,0.9129489251970128
37754008.0,0.9269307498659353,1360627.625,0.9144088338028189
33030644.0,0.9403125854436708,1224651.5,0.9229624935184328
