loss,r2,loss_test,r2_test
56486468.0,0.8770441573640261,1569211.875,0.9012876953514031
52353060.0,0.9224991539607575,1341122.5,0.9156358174951437
52469352.0,0.9291817304446697,1370551.0,0.9137845999193761
50482948.0,0.9304225326592469,1307755.125,0.9177348163007317
