loss,r2,loss_test,r2_test
37432624.0,0.9327847483802054,1499180.0,0.9056931095848647
33956908.0,0.9432573242719643,1347051.5,0.915262848527852
34128724.0,0.9449835787574004,1350462.25,0.9150482889697806
31693732.0,0.9522265986636239,1228858.5,0.9226978465423459
