loss,r2,loss_test,r2_test
33329666.0,0.9567659512609341,1363895.25,0.9142032637008201
30438060.0,0.9562799619548222,1260001.0,0.9207388174904696
31797574.0,0.9499757115701267,1341879.5,0.915588193265179
29806300.0,0.9561778873213246,1232812.75,0.9224491050777034
