loss,r2,loss_test,r2_test
56192516.0,0.974982427468083,552522.875,0.9652431865877881
