loss,r2,loss_test,r2_test
138434992.0,0.9260952325898398,1264571.375,0.9204513055591997
52960244.0,0.9487496781324543,571157.9375,0.9640709368755773
