loss,r2,loss_test,r2_test
22353176.0,-0.0019939045677119793,15239248.0,0.04136511951920907
21023808.0,0.07699398410541014,14587460.0,0.08236632198200067
17442744.0,0.20724051671655697,11583334.0,0.27134283129155834
4360117.5,0.7952798784514257,2553998.25,0.8393390780000185
