loss,r2,loss_test,r2_test
15563074.0,-0.19998400267565786,15583468.0,0.019711790821747788
14625639.0,-0.051879131168533155,15091968.0,0.05062992195805416
11550525.0,0.16573704084913643,12166419.0,0.2346634366638597
2601762.0,0.7231379437835539,2672292.25,0.8318977045684485
