loss,r2,loss_test,r2_test
352028608.0,0.0813555397211978,14436312.0,0.0918743641694274
290022144.0,0.24262733428981242,11931400.0,0.2494473742868728
54326136.0,0.8372482855155716,2368806.0,0.8509886992331988
35217636.0,0.9187872308339727,1600671.875,0.8993086803298788
