loss,r2,loss_test,r2_test
359169952.0,0.09245557515198921,14439150.0,0.0916958716717784
292209184.0,0.27132180658634364,11714725.0,0.26307753133142575
78039920.0,0.811561506557656,3028637.5,0.8094815795671402
37494020.0,0.9339889337351464,1458139.125,0.908274803310136
