loss,r2,loss_test,r2_test
75464400.0,-1.0108859152493737,31126156.0,-0.9580111538441416
36224760.0,0.03720688592023713,15648476.0,0.015622397588211157
34392320.0,0.07370672986441695,14426353.0,0.09250082245034563
26721544.0,0.27482375858450203,11473832.0,0.27823107071718967
6959166.0,0.7695164473585179,2638342.25,0.8340333541116212
