loss,r2,loss_test,r2_test
359811744.0,0.09269798058790935,14596618.0,0.08179026114739274
307057408.0,0.20163264856640228,12464978.0,0.2158823558144628
76318224.0,0.8355858320599407,2676515.75,0.8316320326952659
55325680.0,0.8858615800555394,1766767.5,0.8888603358014522
