loss,r2,loss_test,r2_test
4548339.5,0.9397476472304006,1233230.25,0.9224228465414899
3525235.25,0.9646135159251783,1364913.25,0.9141392388736744
2793800.5,0.9662085372189271,1118297.875,0.9296527403243944
1970169.875,0.975359009723202,774404.1875,0.9512855952405619
1172884.0,0.9885949316742736,653703.1875,0.9588783788713338
1043849.3125,0.9888524270571971,559779.0,0.9647867342700487
