loss,r2,loss_test,r2_test
107485792.0,0.9724934492219235,1194304.875,0.9248714683733272
113832248.0,0.9795025936085731,1347438.625,0.9152384914042409
94725992.0,0.9803207460424668,1128950.625,0.9289826260117815
69974784.0,0.9727440019140479,839784.4375,0.9471728171688096
56899484.0,0.9535749069266302,638133.6875,0.9598577833365851
46119128.0,0.9848917585479543,547090.4375,0.965584915120001
44724764.0,0.9653582830345123,538615.5,0.9661180382626442
