loss,r2,loss_test,r2_test
92927424.0,0.9545859892184756,1200296.625,0.9244945608099282
82052968.0,0.9571919317237223,1037905.0625,0.9347099024195751
62362776.0,0.9725959879554975,827326.8125,0.9479564643285567
45842036.0,0.9848923035166746,615744.875,0.9612661672382717
45601764.0,0.9812631862039012,627458.9375,0.9605292804376578
42315368.0,0.9887759469775014,565985.6875,0.9643963009107839
35574092.0,0.9850728405404308,518417.90625,0.9673885839389879
33244560.0,0.9905144582677514,492893.71875,0.968994197728408
