loss,r2,loss_test,r2_test
106478360.0,0.962179793882731,1140201.5,0.928274877207368
101969912.0,0.9473415478375852,1072592.125,0.9325278917168721
87296296.0,0.94906396273934,944774.6875,0.9405683299431983
41923376.0,0.9945666188867051,515078.65625,0.9675986404593124
