loss,r2,loss_test,r2_test
139720848.0,0.9813702602945009,1627621.75,0.8976133856093258
57983964.0,0.9629456883744206,691816.125,0.9564808556858924
47864668.0,0.9565421353091796,577419.4375,0.9636770516936248
60891632.0,0.9694310627999466,721222.125,0.9546310505717464
47719548.0,0.9434104937762023,557770.0625,0.9649131085032442
40912264.0,0.9611916494553119,497558.9375,0.9687007288972312
