loss,r2,loss_test,r2_test
6276662.5,0.985650185549452,1226104.0,0.9228711196231307
6633202.5,0.9623398450309872,1309346.875,0.9176346757530391
3132980.0,0.991478010366217,810075.8125,0.949041653953029
2905994.75,0.9876563471868574,730149.4375,0.9540694753481263
2472032.0,0.9890077784358123,595662.8125,0.9625294430859598
2445672.25,0.9903512992565368,545514.1875,0.9656840690875739
2160826.75,0.9934380855911706,549909.75,0.9654075684140521
2144933.0,0.9907736269316949,524832.9375,0.9669850401726803
