loss,r2,loss_test,r2_test
75512568.0,0.9465314108441467,1338062.375,0.91582831370408
69508840.0,0.9198523799036045,1126123.5,0.929160467858775
65813264.0,0.9471741193617385,1120693.0,0.9295020711089841
59854188.0,0.9315241200469871,1036097.1875,0.9348236164599811
43539980.0,0.9250940788662544,757917.1875,0.9523227250631449
28527620.0,0.9731487209263603,559118.875,0.964828257778961
27587212.0,0.9616581510380608,554611.1875,0.9651118205424756
27108488.0,0.9638512034871595,553205.1875,0.9652002657724295
