loss,r2,loss_test,r2_test
100288600.0,0.9681180922600571,536006.375,0.9662821673605427
85085640.0,0.9745858715229823,459841.6875,0.971073357802209
56849892.0,0.9844747010507102,361536.78125,0.9772572923486303
