loss,r2,loss_test,r2_test
991555.4375,0.9970141772617233,600267.875,0.962239757566083
608651.875,0.9992740230199167,507995.3125,0.9680442215463321
