loss,r2,loss_test,r2_test
5634652.0,0.9799955991307906,992314.25,0.9375778182667478
