loss,r2,loss_test,r2_test
172750464.0,0.11253256183960214,13316249.0,0.1623326052124897
17552014.0,0.9354961186330972,1381037.875,0.9131249095211256
