loss,r2,loss_test,r2_test
15243081.0,0.9753717438210959,1264821.5,0.9204355827207557
15274686.0,0.9748116895252557,1266608.5,0.9203231666598426
14813702.0,0.9762190966880626,1227987.625,0.922752632758866
