loss,r2,loss_test,r2_test
13991043.0,0.9498229768245916,1282881.5,0.9192995026892908
13898199.0,0.9471984770795285,1283416.0,0.9192658712279267
13095706.0,0.9599773541722232,1210698.75,0.9238401955229749
