loss,r2,loss_test,r2_test
34554848.0,0.8752992932141479,2886498.5,0.8184229269217649
17223688.0,0.9375829152925637,1392919.125,0.9123775171800377
16387742.0,0.9420594490241663,1328964.5,0.9164006258288303
