loss,r2,loss_test,r2_test
32442338.0,0.7262066992258063,2345554.5,0.8524513753562981
19894014.0,0.8344195928716004,1444720.25,0.9091189299533022
18009602.0,0.8505516239707018,1273017.375,0.9199200107146878
17833110.0,0.8687686071905967,1325639.625,0.9166097731590651
17157082.0,0.8581678984518539,1214444.625,0.9236045663683308
