loss,r2,loss_test,r2_test
1503177.125,0.9942099839153962,770152.0625,0.9515530824577447
