loss,r2,loss_test,r2_test
102616184.0,0.7847185398249183,674997.125,0.9575388657080864
87786056.0,0.8767512403144397,561239.0625,0.9646948884809274
