loss,r2,loss_test,r2_test
221296048.0,0.9260873501351501,1207583.25,0.9240361904730934
