loss,r2,loss_test,r2_test
3827805.5,0.5834776596018618,999516.0,0.9371247954317222
