loss,r2,loss_test,r2_test
102814768.0,0.9876029022344619,557098.3125,0.9649553674346458
