loss,r2,loss_test,r2_test
110426080.0,0.1270621303700774,13789504.0,0.13256225181654968
1288183.75,0.9937071928788517,713055.125,0.9551448032807468
