loss,r2,loss_test,r2_test
127162952.0,0.9565991076256275,1222748.875,0.923082184467326
127738256.0,0.9634932495910156,1220214.875,0.9232415935834781
120735880.0,0.9391509118778021,1176535.625,0.9259892582106866
111190136.0,0.9516845821905363,1092706.875,0.9312625570279983
103740592.0,0.9602025460706567,1032272.875,0.9350642059850903
106184376.0,0.9567553568202275,1050274.125,0.9339318206070008
91888280.0,0.9246864638013782,929291.6875,0.941542299197577
78369168.0,0.953301065293537,799796.5625,0.949688273518932
67466672.0,0.9745942188806511,704538.6875,0.9556805339165719
