loss,r2,loss_test,r2_test
4428061.5,0.9707787760357125,1270002.875,0.9201096417993407
4223561.0,0.9709689626217961,1238418.125,0.9220965063296126
4351162.5,0.9638398925678529,1318564.25,0.9170548582124209
3804286.75,0.9757519725535788,1188866.5,0.9252135776949564
3798936.75,0.975120920549122,1206613.25,0.9240972031650785
3396261.5,0.9707469387166388,1106999.0,0.9303635048921617
3257586.75,0.9789609163314379,1064951.5,0.9330085262767334
2745036.5,0.9728442536992592,908189.5625,0.942869743002624
2134596.75,0.9783249634532297,827807.25,0.9479262418412506
