loss,r2,loss_test,r2_test
126048832.0,0.8879829140673238,1223444.125,0.9230384457132454
124855608.0,0.8808106844657965,1206395.25,0.9241109262222613
128190544.0,0.8741174610670583,1204397.25,0.9242366106345253
117678568.0,0.8875678488194314,1118840.75,0.9296185944664481
115500656.0,0.915666130757448,1136399.25,0.9285140554209091
102093472.0,0.9278138713874194,995120.25,0.9374013116432918
102143432.0,0.9050027702805061,917225.0,0.9423013606621687
90559264.0,0.9326085721108939,847236.625,0.9467040303670456
69902912.0,0.9552188275061908,663979.875,0.9582319114792586
