loss,r2,loss_test,r2_test
11353574.0,0.9406647632344659,1308038.25,0.9177169908214551
10796742.0,0.9237531618843045,1264490.5,0.9204563966660503
10603542.0,0.915490560143593,1274812.5,0.9198070904032905
10084968.0,0.928030445259651,1209889.5,0.9238911165763892
10079725.0,0.9248300583238549,1180431.375,0.9257441929113739
9752585.0,0.9521462683427588,1124089.25,0.9292884293167382
9288821.0,0.9519016732519106,1083972.375,0.9318120101582665
8730508.0,0.959464831795044,975153.375,0.9386573372797464
8278086.5,0.9237291391559513,962756.0,0.9394372031086665
