loss,r2,loss_test,r2_test
115411880.0,0.934802564768541,1320803.875,0.9169139680394836
99491112.0,0.9647450159759482,1182648.75,0.9256047030212113
104635832.0,0.9810688951555218,1240860.625,0.9219428474078936
159157088.0,0.9011298508844258,1753096.375,0.8897203177085915
106358136.0,0.9547665178602328,1217057.0,0.9234402245738901
90947344.0,0.9704200686967251,1040760.8125,0.9345302502613633
81005672.0,0.9768638638593045,925909.875,0.9417550357836684
68646144.0,0.9922531019265457,787438.5,0.9504656654078665
57756012.0,0.9950116639094931,667053.875,0.9580385350172663
