loss,r2,loss_test,r2_test
8429523.0,0.9601057164260708,685989.875,0.956847355530278
5613760.0,0.9818944638123989,518408.5,0.967389174978968
