loss,r2,loss_test,r2_test
18072038.0,0.7421808254396021,1195173.375,0.924816840625645
17293598.0,0.7216967809340014,1138679.25,0.9283706354409305
12701670.0,0.762244248935982,854583.0625,0.9462418933751157
7300318.0,0.9238251091040779,514947.84375,0.9676068715328717
