loss,r2,loss_test,r2_test
13471777.0,0.9510048402857643,1101398.875,0.9307157878427571
11480516.0,0.9728272869149615,998909.625,0.9371629391126061
6952313.0,0.9796337470292988,714716.8125,0.9550402709624742
4532699.5,0.9801031996750809,548573.1875,0.9654916459036667
