loss,r2,loss_test,r2_test
22493974.0,0.8893440986197074,1434181.625,0.9097818659975943
20004534.0,0.9088932220589476,1174738.625,0.9261022950372566
13791265.0,0.9421335412489296,965721.0625,0.9392506863309782
