loss,r2,loss_test,r2_test
9083065.0,0.9663650925714979,908191.9375,0.9428695906663696
5734236.5,0.9783557531665589,674953.9375,0.957541581029673
