loss,r2,loss_test,r2_test
11812685.0,0.9704413745178815,943022.75,0.9406785342798918
7428423.0,0.9689952457380094,688534.9375,0.9566872644680393
7139355.0,0.9528585688522956,626487.6875,0.9605903845935503
