loss,r2,loss_test,r2_test
46480836.0,0.9509098008061043,1253865.0,0.9211247988533593
