loss,r2,loss_test,r2_test
107363408.0,-0.751037819976546,25207266.0,-0.5856796786404261
