loss,r2,loss_test,r2_test
56442704.0,0.9313850722110135,1291171.75,0.9187779937564197
