loss,r2,loss_test,r2_test
69048280.0,0.9378331015248934,1487424.875,0.9064325522573113
55411896.0,0.9663455255052886,1228864.875,0.9226974466501403
