loss,r2,loss_test,r2_test
3103769.25,0.9224132020874007,1316419.375,0.9171897741376205
