loss,r2,loss_test,r2_test
52808704.0,0.9098097748803211,1233850.25,0.9223838432160136
