loss,r2,loss_test,r2_test
68549888.0,0.9284682102808897,1374818.75,0.9135161311716459
