loss,r2,loss_test,r2_test
52292240.0,0.9213926820144392,1202851.875,0.9243338185028838
