loss,r2,loss_test,r2_test
84754096.0,0.9586032115384507,1814866.25,0.8858346472273245
50117612.0,0.9585673745956622,1140796.125,0.9282374773944997
