loss,r2,loss_test,r2_test
64366864.0,0.9389170574721875,1296375.375,0.9184506570935761
64317740.0,0.9383397566591533,1196716.75,0.9247197513408454
59106004.0,0.9537743557499432,1195160.0,0.9248176740023234
54354800.0,0.9556834985715965,1061124.0,0.9332492932121401
