loss,r2,loss_test,r2_test
54371164.0,0.7379625173940365,1168069.875,0.926521804724664
51929992.0,0.7263044161231995,1165087.75,0.9267093859877299
