loss,r2,loss_test,r2_test
51725880.0,0.940036806833257,1199174.625,0.9245651332907392
