loss,r2,loss_test,r2_test
102903232.0,0.9817443770693453,1141860.0,0.9281705438437489
73453552.0,0.9840732573271307,823761.6875,0.9481807338369818
59821972.0,0.9535188370040159,671606.0625,0.9577521734892545
53297628.0,0.985781162232844,593914.125,0.9626394418413832
