loss,r2,loss_test,r2_test
120728936.0,0.9611972371311692,1164055.125,0.926774360143459
84312704.0,0.9824613660019073,898238.8125,0.9434957068795182
81073144.0,0.9783692834204678,956523.375,0.9398292667312983
46875836.0,0.9824321431815051,568031.3125,0.9642676210416148
