loss,r2,loss_test,r2_test
148801632.0,0.83767490433613,1622203.5,0.8979542202178119
73043144.0,0.9526170623180498,825345.625,0.9480810945723326
47521196.0,0.9701384752013377,574757.0,0.9638445357297976
46979964.0,0.9941623776913209,569123.6875,0.9641989014625255
