loss,r2,loss_test,r2_test
133691232.0,0.9830693367510916,1279616.75,0.919504862776823
108670624.0,0.9493074725845662,980230.375,0.9383379671326919
73692104.0,0.9630930988212404,653848.0625,0.958869259290562
57380228.0,0.9838659443731805,567378.5625,0.9643086779534098
