loss,r2,loss_test,r2_test
91975720.0,0.950331968116784,1092479.875,0.9312768382182123
60775632.0,0.9857882631594409,775218.5,0.9512343749033686
45410564.0,0.9880189915262131,596930.3125,0.9624497056530172
48791552.0,0.9867483124685779,591327.5625,0.9628021496946845
