loss,r2,loss_test,r2_test
142352096.0,0.8906589293861844,1164580.125,0.9267413332831451
92569584.0,0.9392669999089271,862373.8125,0.945751809181335
58801956.0,0.9715920214612166,593994.8125,0.9626343676042527
59509692.0,0.9805196213144135,560437.1875,0.9647453321592122
