loss,r2,loss_test,r2_test
182531168.0,0.9464908530634766,1648369.125,0.8963082623796289
81483040.0,0.9921898594065982,763815.1875,0.9519517033564765
80792288.0,0.9869133254167998,675036.3125,0.9575363947970597
62591180.0,0.9869036415395144,570098.625,0.9641375739767511
