loss,r2,loss_test,r2_test
329362784.0,0.8929340117355202,1264829.25,0.9204350954802462
