loss,r2,loss_test,r2_test
299890112.0,0.9515240310212909,1231144.625,0.9225540386638326
224669072.0,0.9670296201544339,1072656.0,0.9325238767865135
