loss,r2,loss_test,r2_test
251034976.0,0.4207232714951963,1262488.875,0.9205823111273239
