loss,r2,loss_test,r2_test
7203025.5,0.9911775301120366,1178688.625,0.9258538200498441
