loss,r2,loss_test,r2_test
16505691.0,0.9726607049302205,475308.3125,0.9701004184887159
12109560.0,0.9758542413637101,411093.46875,0.9741398943391061
11566654.0,0.9856473717282752,414222.25,0.9739430772516405
12511386.0,0.9853004537830682,434638.34375,0.972658790324972
