loss,r2,loss_test,r2_test
125890128.0,0.9234529996979314,1588484.0,0.9000753726341509
