loss,r2,loss_test,r2_test
93849320.0,0.9382429333378206,1297505.625,0.9183795536143344
90017032.0,0.932604752769186,1259375.625,0.9207781516491788
