loss,r2,loss_test,r2_test
86894696.0,0.26722218958598243,1552721.875,0.9023250081692491
76865896.0,0.30881049122404447,1299814.25,0.9182343400926867
74819552.0,0.30939525075477414,1258724.625,0.9208190999471453
70330456.0,0.33484823149905085,1183490.625,0.9255517486562747
