loss,r2,loss_test,r2_test
2463554.0,0.9260845553817552,1374921.0,0.9135096929623626
2096115.25,0.9412106199623136,1313239.25,0.917389819497263
