loss,r2,loss_test,r2_test
144514448.0,0.21779298816373738,12044311.0,0.24234472737346258
25522570.0,0.879920101353879,2191415.5,0.8621475909039984
17446154.0,0.9249904050649425,1490272.125,0.906253450598433
15736113.0,0.9407437248751594,1333180.625,0.9161354044950698
15378818.0,0.944371107913556,1297343.875,0.9183897334893272
15017281.0,0.9466816133797473,1270243.75,0.9200944932731759
15013616.0,0.9471775231846685,1269277.375,0.9201552761877383
16254555.0,0.9378242561131902,1387865.875,0.9126953884246711
14585945.0,0.9479959444918254,1242608.75,0.9218328835325085
