loss,r2,loss_test,r2_test
177986912.0,0.15958201142801987,13444749.0,0.15424926985235654
28689544.0,0.8949227744619123,2105743.5,0.8675368245455928
19001884.0,0.9543572322851734,1487656.75,0.9064179763208603
17313420.0,0.9657023022940413,1336864.125,0.9159036846216082
16868472.0,0.9678164614547607,1297332.875,0.918390432964925
16718627.0,0.9673192726937904,1244901.875,0.9216886293777165
16496478.0,0.969431293321736,1242842.75,0.9218181532408758
16347112.0,0.9695282441823941,1241455.0,0.9219054590424188
19682180.0,0.9537825668096821,1591055.25,0.8999136242245938
