loss,r2,loss_test,r2_test
154747600.0,0.18749733956598325,13085382.0,0.17685545197053643
29990672.0,0.8006461987858917,2470668.5,0.8445809762117273
16575951.0,0.8933255685077901,1577125.875,0.9007898611473625
14672396.0,0.9458165845518207,1318842.75,0.9170373363809851
14778654.0,0.9160224759249505,1408268.5,0.9114119488541048
14239414.0,0.9243284915195858,1348724.375,0.9151576151156884
13895312.0,0.9299720363645552,1305933.375,0.9178494107049497
13745743.0,0.9339520668784016,1288275.75,0.9189601749676681
13579590.0,0.935256574006711,1273808.375,0.9198702578182686
