loss,r2,loss_test,r2_test
147325440.0,0.07349346468760898,13311646.0,0.16262220451619724
32025418.0,0.7186563406251625,2407275.75,0.8485687443523995
19721800.0,0.7947582606391568,1415777.625,0.9109395860209668
18710892.0,0.8475141526323378,1342682.375,0.9155376929702361
21139552.0,0.856726963825424,1553117.0,0.9023001628724073
17593852.0,0.8320164514363748,1254352.75,0.9210941181041838
21020214.0,0.7040040827124211,1555005.0,0.9021813954366626
17460486.0,0.8125806899337603,1255649.875,0.9210125258084091
17143382.0,0.827656080573872,1225753.125,0.922893196595743
