loss,r2,loss_test,r2_test
136186800.0,-0.07396345433745921,12774908.0,0.19638616893861738
21161698.0,0.7585000340112258,1937172.625,0.8781408848036235
12899083.0,0.8528017009623364,1391794.75,0.9124482356579495
11604596.0,0.910058539013793,1270824.875,0.9200579286449365
11992732.0,0.922848743688222,1294874.375,0.9185450800755621
11157348.0,0.9103490496333128,1256736.0,0.9209442005366746
11347436.0,0.9267286928750242,1244646.5,0.921704705068957
10890500.0,0.9231606481848617,1227355.375,0.9227924083197535
10852403.0,0.9309538949057884,1210126.625,0.9238761905115389
