loss,r2,loss_test,r2_test
147958688.0,-0.9543088351820952,30771892.0,-0.9357260772690978
63548324.0,0.1448438356032241,13245689.0,0.1667712497742485
5920208.0,0.9615541185416725,1313843.875,0.917351801882455
