loss,r2,loss_test,r2_test
123250576.0,0.8717603438933954,1598869.75,0.8994220541490604
94151088.0,0.9418383769283113,1278774.625,0.919557842942899
