loss,r2,loss_test,r2_test
156544448.0,0.9351539888292486,1845662.0,0.8838974145155375
108587128.0,0.980878895602365,1286325.75,0.9190828356881033
