loss,r2,loss_test,r2_test
4640245.0,0.9792439288219554,1802671.75,0.886601761116401
3995728.5,0.9707000678271615,1407428.0,0.911464825628122
