loss,r2,loss_test,r2_test
158437632.0,0.91456609653276,1761888.0,0.889167286427619
179031616.0,0.9043293254014414,1844486.375,0.8839713803845857
156818624.0,0.8996496272871246,1779240.375,0.8880757310709619
