loss,r2,loss_test,r2_test
45229176.0,0.07501097257735023,14779840.0,0.07026456907988365
4480763.0,0.9233837066267248,1383134.125,0.9129930460974105
3962354.75,0.9358180428074195,1260475.5,0.9207089625601124
3959233.5,0.9355729137905798,1292809.25,0.9186749776668709
