loss,r2,loss_test,r2_test
15007863.0,0.7197074558852006,5135280.0,0.6769618707172781
5826617.0,0.9528475130465907,1338731.0,0.915786254919814
5821785.0,0.936760886508976,1357538.625,0.9146031422402178
5697425.0,0.9481680233923389,1284814.5,0.9191779105238556
5547389.0,0.9570686029685815,1241445.25,0.9219060666551471
5527992.0,0.9501298223231867,1255397.0,0.9210284292062958
