loss,r2,loss_test,r2_test
1340685184.0,0.8120548255108607,4494416.5,0.7172757776718683
370372160.0,0.8825355804156103,1240849.0,0.9219435750967737
