loss,r2,loss_test,r2_test
333549984.0,0.94242534749724,1200680.375,0.9244704135179354
318385664.0,0.9494130466736231,1147495.625,0.9278160325408183
280112224.0,0.916728044307198,1011560.3125,0.9363671383339262
154391056.0,0.9566700087847403,581686.625,0.9634086197751346
