loss,r2,loss_test,r2_test
28251632.0,0.9191560407923403,1285197.5,0.9191538118202901
34801400.0,0.8861498516039754,1553217.625,0.9022938272327482
26545022.0,0.9301320876689005,1210939.75,0.9238250414145235
26206384.0,0.9246576148898835,1210611.5,0.9238456920878427
26018908.0,0.934893908551119,1196425.875,0.9247380531012571
24696280.0,0.9331647770418233,1145403.0,0.9279476750316984
24376890.0,0.9325958552255827,1127876.75,0.9290501782506702
23764494.0,0.9354972808937045,1108423.75,0.9302738752618227
23465540.0,0.947120725202637,1083014.625,0.9318722574852725
