loss,r2,loss_test,r2_test
37958524.0,0.9200984420132564,1286223.125,0.9190892940186912
38357268.0,0.9306439090394909,1236556.25,0.922213619035838
37762796.0,0.9343387011456031,1218867.0,0.92332637551074
37058808.0,0.9379109336459481,1195021.125,0.9248264128145537
35403112.0,0.9383396731441913,1166944.0,0.9265926333383255
34334872.0,0.9394322967553917,1146090.0,0.9279044608997349
38176796.0,0.9376673171271801,1196265.875,0.9247481126978279
35001884.0,0.9440447521133398,1104065.875,0.9305480114330006
31778740.0,0.9444350717599689,1041180.5,0.9345038600796398
