loss,r2,loss_test,r2_test
29708454.0,0.9557202807448262,1235362.625,0.9222887036750359
30079736.0,0.9522904401008969,1273277.375,0.9199036510693066
28736500.0,0.9564051373455553,1203646.875,0.9242837990594535
30902298.0,0.949375953853629,1329270.5,0.9163813612324985
27480022.0,0.962338786707543,1145433.25,0.9279457657401123
27258866.0,0.964346810214839,1130063.25,0.9289126311285079
25945356.0,0.9640610537843548,1109252.125,0.9302217667255207
25294794.0,0.9671783597073215,1072310.5,0.9325456023521845
24728546.0,0.9661756986395046,1059859.5,0.933328854712796
