loss,r2,loss_test,r2_test
47395408.0,0.905745580787715,1485016.75,0.9065840494958929
43851436.0,0.9242252520102686,1318674.125,0.9170479448061057
43650908.0,0.9356104275562365,1231446.75,0.9225350345859911
41795088.0,0.9351524097645796,1195733.625,0.9247815974122571
41552948.0,0.9389141463730807,1169450.0,0.9264349773042151
51526920.0,0.9197342834084857,1426512.5,0.9102642976711623
48501548.0,0.9233484672015073,1343164.375,0.9155073600298175
38884920.0,0.9230648022828305,1210131.5,0.9238758867459798
35629700.0,0.9335049532291886,1052605.5,0.9337851549046381
