loss,r2,loss_test,r2_test
27424064.0,0.9321984210511473,1243199.75,0.9217956980021086
27930692.0,0.9292512704716904,1273402.0,0.9198958210191847
26268612.0,0.933124802285772,1225864.5,0.9228861907339628
28165324.0,0.928791270500519,1274115.875,0.9198509021790068
25368476.0,0.9355485505860411,1181784.375,0.9256590772762774
26839026.0,0.9300131517815372,1232797.875,0.9224500407997887
25336702.0,0.9359870185905113,1175601.625,0.9260480068244658
27869678.0,0.9416507276421051,1262450.875,0.9205847052714019
22276768.0,0.9489829686584563,1046405.625,0.9341751660765558
