loss,r2,loss_test,r2_test
36937568.0,0.8414449779960851,1260889.875,0.9206828858592607
41841468.0,0.8145621830491295,1459301.875,0.9082016638537699
41498336.0,0.8811553238074471,1477192.375,0.9070762509837855
41020036.0,0.8846823209403767,1465458.125,0.9078143989281432
37282188.0,0.8398004121967568,1319083.375,0.917022192545211
34904428.0,0.8878678651644688,1244376.75,0.9217216617474265
31601396.0,0.8720761729027837,1111906.875,0.930054771932166
30535620.0,0.8793335992402826,1073876.625,0.932447081186967
29022068.0,0.8896713629265535,1035241.0,0.9348774848299987
