loss,r2,loss_test,r2_test
29896342.0,0.9481112953128082,1254954.75,0.9210562459585582
29495652.0,0.9461024778844999,1240416.625,0.9219707803389304
29741054.0,0.9483599786603283,1256990.75,0.9209281746490968
29155974.0,0.9466741353513292,1224563.0,0.9229680612038456
27407230.0,0.953960144759212,1164552.5,0.9267430559920722
28444510.0,0.9514584283867318,1193606.125,0.9249154223789795
26711692.0,0.9540475668828196,1139439.625,0.9283228075258292
34161184.0,0.9406695390594376,1394814.75,0.9122582672263849
24592290.0,0.9609608615413563,1051958.25,0.9338258680285931
