loss,r2,loss_test,r2_test
36180680.0,0.9623040872341098,1273799.375,0.9198708099546461
38058700.0,0.9655288785121777,1384650.625,0.912897647090863
37176128.0,0.9520863079514035,1238126.625,0.9221148340102415
37411244.0,0.9670393732828183,1354114.375,0.9148185498009355
34174208.0,0.9628115445118053,1179863.0,0.9257799414354709
33609372.0,0.9674793767113946,1189020.75,0.9252038622355468
32897546.0,0.9665280432698058,1155663.0,0.9273022689200761
34300504.0,0.9704896463838948,1257957.875,0.9208673373397358
30379084.0,0.9676631690026575,1066462.25,0.9329134920386276
