loss,r2,loss_test,r2_test
39338076.0,0.8991466671302538,1385579.875,0.9128391974692927
35665564.0,0.9068838703214821,1252950.25,0.92118234784739
36738456.0,0.9039756346178505,1287717.125,0.9189953115995865
34308932.0,0.9083398580401657,1205066.25,0.9241945137670659
33797888.0,0.909336833094952,1191573.75,0.925043274397236
32032240.0,0.9091154612097556,1144296.5,0.9280172750363314
30947026.0,0.9100172688709602,1108088.875,0.9302949303187757
29632750.0,0.9096861920011198,1075758.5,0.9323287027024805
28040904.0,0.9122184504327417,1032976.5,0.9350199306746038
