loss,r2,loss_test,r2_test
176527584.0,0.9037484190673221,1634988.375,0.8971499902322111
174288256.0,0.8743860494849205,1348036.625,0.9152008746851088
148434224.0,0.9146589440156947,1195076.25,0.9248229463761534
143915520.0,0.9183699949989946,1183688.625,0.9255392958218153
141703952.0,0.9226298869686306,1177115.75,0.9259527573805361
134332896.0,0.9190635386257091,1122414.875,0.9293937620221714
139220512.0,0.932129028250371,1262039.875,0.9206105579097551
134220320.0,0.8566942351775806,1048506.875,0.9340429880592245
99413544.0,0.9377719582010047,865637.1875,0.9455465295841079
