loss,r2,loss_test,r2_test
129335064.0,0.9759713019797085,1323464.125,0.9167466241997748
125511032.0,0.9758113883118337,1300645.375,0.9181820533533959
117180344.0,0.9731206969434356,1200816.5,0.9244618560130625
140891696.0,0.9718799465042257,1452370.0,0.9086377098388337
119266680.0,0.9752865348793396,1242372.625,0.9218477346656238
113689416.0,0.9660130718355641,1152224.25,0.927518584222179
98750064.0,0.9773711799135016,1032570.0625,0.9350455063413038
87731640.0,0.9779947830254008,935567.125,0.941147532017651
75347704.0,0.9820405793630835,819922.25,0.9484222590192138
