loss,r2,loss_test,r2_test
127117280.0,0.910168522002196,1381522.875,0.9130943925409928
111147192.0,0.9160840267169497,1245088.375,0.9216769126283517
105908312.0,0.9085204972261657,1192213.75,0.925003015005282
105068184.0,0.9087361594045287,1187167.625,0.9253204543096867
105344976.0,0.9093908451098707,1168729.125,0.9264803289882959
101490080.0,0.9112547266361173,1138126.375,0.9284054211644156
113534400.0,0.9263352275132761,1215026.375,0.9235679762345411
85211928.0,0.89465859097663,992053.375,0.9375942384949799
69455560.0,0.9156104902091591,843222.4375,0.9469565402292437
