loss,r2,loss_test,r2_test
132960888.0,0.958135645073005,1245090.375,0.9216767790859258
142225104.0,0.9610326695525141,1345067.625,0.9153876452267801
170852016.0,0.9163249590718996,1532210.25,0.9036153211764145
143401440.0,0.9414929352527541,1302781.625,0.9180476704736866
138741056.0,0.9385037275499816,1263837.5,0.9204974677131442
118361416.0,0.9656063774710859,1128099.875,0.9290361369085018
116096504.0,0.9551777424511356,1064996.125,0.93300571948285
106515320.0,0.9568840463843553,971399.0625,0.9388935019174749
139379936.0,0.9173339943405854,1231399.125,0.922538031142261
