loss,r2,loss_test,r2_test
154892944.0,0.9082153263452213,1687560.125,0.8938429239815635
134806416.0,0.8715016666478554,1491106.5,0.9062009720501999
116158840.0,0.9018603208147489,1319879.75,0.9169720912492236
131693080.0,0.926660774447611,1487231.25,0.9064447414225343
119892984.0,0.8899473284297376,1360649.0,0.9144074813052421
102076584.0,0.9365966461531757,1177553.25,0.9259252527964584
91212160.0,0.9552501861067808,1077505.75,0.932218793422566
79060592.0,0.9753851866954724,930206.0625,0.9414847777235855
80553128.0,0.9826413624714981,948883.25,0.9403098730432219
