loss,r2,loss_test,r2_test
142240960.0,0.9055471278719471,1253620.0,0.9211402090473744
150476624.0,0.9123030889305771,1330099.5,0.9163292202274629
146644544.0,0.9056540959200252,1313283.625,0.9173870364205241
134637904.0,0.9150252299159588,1187478.5,0.9253008908510747
136584416.0,0.9159444992116034,1231517.125,0.9225306137910125
132314136.0,0.9037896997653516,1204895.25,0.9242052784772605
133137360.0,0.9172572066633785,1189022.5,0.9252037644742998
110881736.0,0.907464936242828,1046555.5,0.9341657439719534
96858600.0,0.9327504155723283,925096.9375,0.9418061731727885
