loss,r2,loss_test,r2_test
110119520.0,0.9393212999345445,1256369.125,0.9209672757973006
123358256.0,0.9732347456710568,1361618.0,0.9143465341922692
111676152.0,0.9781379599739444,1261479.25,0.9206458244325308
110381552.0,0.9792715311130991,1246923.0,0.9215614865620478
144444832.0,0.8670386075609774,1600428.125,0.8993240271288556
98813976.0,0.9582994414554776,1149871.5,0.9276665819681477
93372496.0,0.9773921872265315,1071635.0,0.9325881003538642
101273096.0,0.9263353350249639,1114358.375,0.9299005573527899
89056944.0,0.9475584916266848,967283.125,0.9391524207524247
