loss,r2,loss_test,r2_test
1174404.375,0.9338261558134207,1290536.875,0.918817943497022
1091480.625,0.9412267358360811,1230843.875,0.9225729664755409
938175.9375,0.9506752560433981,1140561.25,0.9282522475222337
858269.6875,0.958948099738629,1108315.125,0.930280713963838
928915.5625,0.9377502569142646,1150183.125,0.9276469771164642
735142.25,0.9634474825230408,1083588.5,0.9318361584278553
737435.8125,0.9557634134279089,1063415.5,0.9331051482298103
769833.0625,0.9603531462100746,1126230.25,0.9291537478714094
