loss,r2,loss_test,r2_test
37330812.0,0.9087268287756892,1684187.25,0.894055097030936
29573206.0,0.9432625777828832,1353685.625,0.914845515339098
24125176.0,0.9682314173004998,1146382.5,0.927886053437341
23119596.0,0.97445858485534,1091114.125,0.9313627528279806
21209922.0,0.9799764668262982,992153.5625,0.9375879310822424
22590502.0,0.9718736087531727,1049119.875,0.9340044201961044
19996822.0,0.9799265969047612,924995.3125,0.9418125635495259
