loss,r2,loss_test,r2_test
38347104.0,0.9160091230519587,1360456.375,0.9144196064762431
34871260.0,0.9245452338347993,1229152.0,0.922679396653574
34069704.0,0.9272371237876912,1214247.125,0.9236169937320251
32634214.0,0.9319697330682553,1146869.5,0.9278554156329961
32063550.0,0.9386598480110739,1131511.625,0.9288215237000073
30989918.0,0.9335970452118381,1079351.375,0.9321027030680664
30394412.0,0.9423009084849984,1075021.125,0.9323750940899981
28010664.0,0.9415345145074945,965995.4375,0.9392334224246278
25783678.0,0.9436995297109535,881094.125,0.9445742029487363
