loss,r2,loss_test,r2_test
39083920.0,0.84648033143806,1448051.5,0.9089093741593351
33340398.0,0.8873183589104705,1247099.5,0.9215503841100741
32298240.0,0.8899630141952684,1202691.125,0.9243439361147064
28533034.0,0.8896315998333184,1093839.5,0.9311913100131881
29781858.0,0.8898536762545068,1102278.875,0.9306604230326069
27471484.0,0.8968958328230118,1033350.8125,0.9349963964016584
24478656.0,0.9106307823970701,920357.3125,0.9421043188143267
