loss,r2,loss_test,r2_test
3345826.0,0.8437308210175803,2060188.0,0.8704025305170002
1104498.75,0.9523900152857531,1136117.25,0.928531796325403
1036564.5,0.9570033436001275,1146213.5,0.9278966921896751
1063897.75,0.9561896840471584,1141185.5,0.9282129823679821
1057544.125,0.9595900117143568,1140688.5,0.9282442421654968
975982.9375,0.959429341372369,1007635.75,0.9366140157605021
918547.5,0.9652938506538664,986193.0625,0.9379628713679784
