loss,r2,loss_test,r2_test
33793236.0,0.7845314159463975,1263148.0,0.9205408565023354
33195852.0,0.7930439462107726,1233317.5,0.9224173547613993
30605242.0,0.7914965442843882,1138196.5,0.9284010005952397
32438092.0,0.8196833253388375,1169433.5,0.926436025594573
27656886.0,0.8383400475596632,999155.1875,0.9371474877826607
26156148.0,0.8576041512797835,946039.3125,0.9404887804069451
25773600.0,0.8648777330750579,931328.1875,0.9414141945657756
24182234.0,0.8761308506387976,881048.625,0.9445770621481936
