loss,r2,loss_test,r2_test
215563120.0,0.9283174033407112,1191388.125,0.9250549496271125
187410128.0,0.9436775625483511,1033984.6875,0.9349565208672854
114109888.0,0.9398955048935084,655358.875,0.9587742253001179
90957240.0,0.9448240943882348,572672.0,0.9639756903117522
111791640.0,0.9778134724979947,716751.5,0.9549122802380878
75460760.0,0.9524714868122567,481271.96875,0.9697252723141057
69787544.0,0.9574808315231842,440064.65625,0.9723174429695703
100298128.0,0.9821426055134914,647195.0,0.9592877751054298
74523784.0,0.9746410968961404,492468.625,0.9690209399216528
