loss,r2,loss_test,r2_test
8573115.0,0.9126919677928063,1316859.5,0.9171620901251976
6799451.5,0.9273511421950666,1255388.25,0.9210289802772075
5500371.0,0.9406764805962439,1105439.375,0.9304616149911388
2796171.0,0.9698334953039411,754904.25,0.952512255375934
1891351.5,0.970233439369065,675986.1875,0.9574766445335382
2477575.5,0.9609431890429808,662621.4375,0.958317362190481
1666663.75,0.9778048016155999,614771.1875,0.9613274147009934
1263421.25,0.9879027802766296,576520.3125,0.9637336115742665
1646239.875,0.9796567592252127,554060.6875,0.9651464502311607
