loss,r2,loss_test,r2_test
67202656.0,0.6425241608771453,6196100.5,0.6102302385555627
61093572.0,0.6920744254803977,5479961.0,0.6552794715809496
39133792.0,0.7870743304619724,4016704.25,0.747326577256674
6299728.0,0.9586978082196276,1172434.875,0.9262472174293228
2780878.75,0.970441370367028,694108.6875,0.9563366351122503
2491403.0,0.9733370436739334,607185.6875,0.9618045879335176
2104400.75,0.968920272405113,554370.3125,0.9651269715205164
1834028.875,0.9800251537544973,491931.5625,0.96905472161
1926360.5,0.9768630083856261,491941.8125,0.9690540753785997
