loss,r2,loss_test,r2_test
7926868.5,0.9372393510477981,1296226.625,0.918460014809334
7404881.5,0.9794502537276432,1422553.75,0.910513321475717
6482983.0,0.9519273174009647,1093283.625,0.9312262738138612
3511240.25,0.9798504380131643,744554.1875,0.9531633303445344
2615346.75,0.990261604127866,608155.125,0.9617436001370813
1962525.875,0.9946193530752063,566730.4375,0.9643494517723593
1764812.25,0.9959127548537136,606606.6875,0.9618410095123087
1750816.625,0.9951387479672459,559876.6875,0.9647805877923454
1726313.0,0.9944900609852698,563891.3125,0.9645280470525495
