loss,r2,loss_test,r2_test
11735576.0,0.9216213618600166,1499712.75,0.905659582459452
11172366.0,0.9043150350939797,1344305.5,0.915435587970765
9433499.0,0.9310985758752578,1270580.25,0.9200733227842679
4381036.5,0.9603611848091543,859076.125,0.9459592573643082
2888832.25,0.9812491461287033,722515.3125,0.9545496967290446
2453584.0,0.9804046034437108,648761.875,0.9591892035517854
2959730.75,0.985628743582766,724580.875,0.9544197651007817
2380692.5,0.986908593178493,640890.625,0.95968435218773
2579621.0,0.9745986037840563,515453.625,0.9675750507593536
