loss,r2,loss_test,r2_test
240083424.0,0.9728041126234679,1245336.75,0.921661278449824
242003728.0,0.9734090820058865,1319968.75,0.9169665011556809
171906832.0,0.9907722971539774,820538.375,0.9483834941140088
118819368.0,0.9881474634833884,639835.0,0.9597507612462796
109819568.0,0.9953873702581888,549527.5625,0.9654316067290617
92106568.0,0.9923602262410112,499935.5,0.9685512321679187
101457688.0,0.9947659133008526,548834.9375,0.9654751802977876
97035352.0,0.9923418370226855,546228.75,0.9656391241348569
76988144.0,0.9963644396653888,449493.5625,0.9717243142316747
