loss,r2,loss_test,r2_test
317776960.0,0.9710904406109713,1154769.5,0.9273584687589412
244151664.0,0.968062638999712,916064.0625,0.9423743888044582
176637840.0,0.9827026868009149,657726.9375,0.9586252572669612
163270352.0,0.9793457331944003,621527.0625,0.9609024343339942
144419872.0,0.984471712526023,551815.1875,0.9652877023229091
