loss,r2,loss_test,r2_test
491216352.0,0.9402292782120918,1435926.625,0.9096721050409817
439132384.0,0.9447763956742097,1322257.875,0.9168225028886294
338714784.0,0.9497963654857837,1181155.25,0.925698654332986
322828640.0,0.9560505412763721,1182859.0,0.9255914747886448
248807744.0,0.9460194051514866,879830.25,0.9446537037019552
