loss,r2,loss_test,r2_test
209544032.0,0.015490291589196903,15640707.0,0.016111107075171938
15153469.0,0.9271699496705976,1285472.875,0.9191364903908333
14381661.0,0.9290738970264745,1272354.125,0.9199617302764262
12440464.0,0.9390343597996332,1219975.875,0.9232566178157257
9963868.0,0.944166538697899,1002163.75,0.9369582313375622
7654959.5,0.9558961920932617,792214.0,0.950165262299631
9296350.0,0.963793494801625,845368.1875,0.9468215581378653
6701306.0,0.9618913297884781,626097.8125,0.9606149100670577
