loss,r2,loss_test,r2_test
2766579.5,0.9656873640468,1323597.625,0.9167382255526366
2558263.5,0.9687678375804393,1260440.875,0.9207111376670694
2420693.75,0.9707434125739839,1218341.875,0.9233594067098754
2388391.75,0.9667015170318265,1193837.5,0.9249008670149086
2139775.75,0.9684498283823045,1142788.625,0.9281121266175718
2000659.0,0.9676213101796075,1063175.125,0.9331202801143884
1723565.875,0.9627396451891906,990877.5,0.9376682064380957
