loss,r2,loss_test,r2_test
54710528.0,0.8205782183374307,1160550.75,0.9269947947604125
53185396.0,0.8278743343209501,1151352.625,0.9275734130731387
44114924.0,0.8421288940145755,960785.4375,0.9395611586999375
