loss,r2,loss_test,r2_test
3299060.5,0.03161329375490618,1273659.375,0.9198796208554372
2442581.5,0.3158313049061733,1226943.0,0.9228183529740679
2503423.0,0.15386994608044047,1196532.75,0.924731323666264
1817969.375,0.4108743838647708,981854.25,0.9382358152793172
