loss,r2,loss_test,r2_test
54794840.0,0.9736578294538297,1296412.75,0.9184483031319417
55149064.0,0.9723117617717028,1307912.25,0.9177249231571478
47266472.0,0.9775292322867106,1148160.25,0.927774230556033
