loss,r2,loss_test,r2_test
53596104.0,0.7191143366411723,1252949.25,0.9211824062597141
50995304.0,0.7414873087432126,1203614.375,0.9242858510266998
50177800.0,0.7558338104714664,1134427.125,0.928638118690725
46253588.0,0.7920241520174802,1054047.5,0.9336944527675974
44174076.0,0.8278904445040252,1007667.9375,0.936611994578495
41764792.0,0.8748170445773484,1007320.625,0.9366338346780021
33775988.0,0.8932042806033031,824794.875,0.9481157375551986
