loss,r2,loss_test,r2_test
2545264.5,0.9799333507857434,1419846.0,0.9106836526731312
2133238.5,0.9857967117952968,1384968.75,0.912877630941481
2656804.75,0.9578796847666896,1252191.625,0.9212300689015861
1609919.0,0.9899990558206719,1349030.25,0.9151383608888177
995591.125,0.9899420083341913,1001749.5625,0.9369842925149561
