loss,r2,loss_test,r2_test
106013992.0,0.9053764150710981,1391466.625,0.9124688790901595
139316672.0,0.8766845637456371,1787367.0,0.8875645168225575
83371968.0,0.9209755456887933,1156930.125,0.9272225612776501
83459712.0,0.9247827315115177,1143812.375,0.9280477334968478
50751132.0,0.9424188946284924,739614.1875,0.9534740837555793
72516624.0,0.9340449521882366,978428.1875,0.9384513336063334
41007336.0,0.9584076169007704,569873.5625,0.964151728743105
79045688.0,0.9374033687945577,1032897.375,0.9350249237600261
41792416.0,0.9634035217043425,602072.3125,0.9621262508672561
