loss,r2,loss_test,r2_test
89260664.0,0.9507074868278773,1222639.25,0.9230890702466616
100856096.0,0.9139746028888783,1355411.75,0.9147369327856232
108460448.0,0.8949548124652993,1455423.875,0.9084456119965449
154530096.0,0.8331278567532284,1979615.5,0.8754709880856865
83963760.0,0.9549052693165289,1169380.375,0.9264393682254938
50799224.0,0.9738663451177204,726706.0625,0.9542860822959226
44125512.0,0.9750578309789387,662099.625,0.9583501890196491
40473812.0,0.9800093464907452,618799.75,0.9610739944808498
30485960.0,0.9902198112947027,521036.5,0.967223856547121
