loss,r2,loss_test,r2_test
108336800.0,0.7104992063086615,5043352.0,0.6827446545123848
