loss,r2,loss_test,r2_test
1010092.625,0.9757542743071963,1296242.375,0.918459022105685
1105871.625,0.9784707497275613,1557367.0,0.9020328099290701
