loss,r2,loss_test,r2_test
33136516.0,0.7213328288701872,1346716.75,0.9152839008911684
29750816.0,0.7254710014524208,1217522.375,0.9234109612283817
29237660.0,0.7272640839537177,1202098.75,0.9243811887174964
