loss,r2,loss_test,r2_test
46297088.0,-0.7879328077019065,30987368.0,-0.9492807601273616
21312476.0,0.11164902084144501,13992888.0,0.11976824793445218
2175020.0,0.89540112605012,1366703.625,0.9140266160551086
2141041.75,0.8984113926636218,1334054.125,0.9160804506467843
2930518.75,0.8607531073985626,1872068.875,0.8822362813561179
1991559.5,0.9093693497316956,1299319.375,0.9182654695678576
