loss,r2,loss_test,r2_test
7802584.5,0.6338563630442813,4320312.0,0.7282279552261866
2950897.75,0.8528944030700496,1859355.625,0.8830360096484409
4056729.75,0.7448229964110563,2361490.75,0.8514488813830631
2558061.25,0.8790138215451234,1585449.0,0.9002662921828057
2051516.0,0.9293506743562137,1345152.75,0.9153822899304945
2154556.0,0.9450754971601883,1306555.875,0.9178102452540993
