loss,r2,loss_test,r2_test
317961216.0,0.04374841846487265,14707024.0,0.0748449588918515
33855828.0,0.9081154883768662,1355464.5,0.9147336197592492
32167280.0,0.9238816576848772,1279852.625,0.9194900333766057
31968284.0,0.9159609028456888,1266088.375,0.9203558783222662
31143902.0,0.9251523724415528,1236808.0,0.9221977818370635
