loss,r2,loss_test,r2_test
108745712.0,0.6722992032211789,5014218.0,0.6845773272093361
27336586.0,0.9336758042706437,1359293.5,0.9144927540806331
28009434.0,0.9329176757403191,1389932.25,0.9125653993212467
24798428.0,0.9435066739639697,1222829.75,0.9230770914017355
27935926.0,0.935625912807007,1328160.5,0.9164511918317193
