loss,r2,loss_test,r2_test
4704619.0,0.7702270439322443,2253520.5,0.8582408124844146
2548535.25,0.8966730487483732,1505775.25,0.9052782253771946
1914511.0,0.9391059773091195,1347126.0,0.9152581558552159
1890813.0,0.9377374196404441,1269059.5,0.9201689814284238
1722519.0,0.946353737819317,1310659.625,0.9175520991207529
1792580.5,0.9447046353240642,1287904.375,0.9189835307974552
