loss,r2,loss_test,r2_test
38856960.0,0.769406554301811,1476890.125,0.907095256918824
35419924.0,0.8309585461923544,1504154.375,0.9053801723218446
31849818.0,0.8195249640404656,1275051.75,0.9197920400984119
