loss,r2,loss_test,r2_test
518822400.0,0.9835433573318505,1014557.25,0.9361786098559056
230289760.0,0.994067281803378,440861.53125,0.9722673177414799
202278496.0,0.9896564419965784,399599.625,0.9748629236715758
177995104.0,0.9929708428653014,354204.15625,0.9777185555174114
164673968.0,0.9883887307970728,336567.875,0.9788279785951244
171653376.0,0.9889916025045119,358391.875,0.9774551228661538
173009616.0,0.9859750228977094,376363.28125,0.9763246219587496
201818608.0,0.9732778061726121,412530.34375,0.9740495076716118
165270832.0,0.9913202356591784,359614.75,0.9773781991907178
