loss,r2,loss_test,r2_test
361988736.0,0.9549965945718988,1289994.125,0.918852073801221
285975200.0,0.9829655909574232,1077513.375,0.9322183147460397
165212000.0,0.9875120283547361,634033.3125,0.9601157168198111
124645856.0,0.992892299017893,473637.4375,0.9702055283864353
106202968.0,0.9888223747895968,432962.90625,0.9727641851314459
