loss,r2,loss_test,r2_test
18401892.0,0.9180241460754194,1095248.25,0.9311026961874777
13963226.0,0.9371837644655459,1004924.25,0.9367845806755124
5905537.0,0.975900866245089,496917.875,0.9687410546973544
5091014.0,0.9820362485608086,453430.625,0.9714766491376687
5589461.0,0.9819379723795021,443669.5625,0.9720906757467731
