loss,r2,loss_test,r2_test
397255328.0,0.9524995349808305,1305582.875,0.917871455981964
301597856.0,0.9530009036714936,1072299.625,0.932546289754467
267995344.0,0.9330869349404813,986123.75,0.9379672336245279
153160832.0,0.9267451474986316,599448.5625,0.9622912955860075
132481216.0,0.9115552026844714,515668.8125,0.9675615144064147
