loss,r2,loss_test,r2_test
94190576.0,0.9613716029822862,697789.8125,0.9561050718178989
57111524.0,0.9660271748267549,447684.375,0.9718381214689331
