loss,r2,loss_test,r2_test
320066016.0,0.9577390336247467,589549.6875,0.9629139928439615
249111616.0,0.9806265299914363,482327.625,0.9696588643241358
182057616.0,0.9512175810424345,373176.84375,0.976525065951225
151048560.0,0.9955747937137999,338911.0,0.9786805808438221
150547760.0,0.9860667514260764,335185.90625,0.9789149106070582
143850192.0,0.9959493224563887,347195.84375,0.97815941786237
