loss,r2,loss_test,r2_test
14068557.0,0.9275673779129101,1247936.25,0.9214977476471381
13769481.0,0.9292238714130521,1224581.875,0.9229668693060433
13616705.0,0.9298533092526575,1212046.25,0.9237554421367882
13502580.0,0.9222817807934613,1208159.625,0.9239999301350692
12841437.0,0.9314289631099095,1155101.125,0.9273376090507753
11970071.0,0.9355808953772494,1084795.25,0.9317602401303196
10964668.0,0.9613477632697536,981570.1875,0.9382536892753529
