loss,r2,loss_test,r2_test
20120510.0,0.8997226912513665,1372134.375,0.9136849956081137
18335242.0,0.9055380544853343,1245390.75,0.9216578771351172
19425752.0,0.8934402759786959,1326413.75,0.9165610738435109
17903606.0,0.9062341634412175,1228036.0,0.9227495940087076
18155022.0,0.8971611860794008,1247746.625,0.9215096731080008
17162692.0,0.900521884877703,1183977.25,0.9255211461021624
16083880.0,0.9097676244168585,1112344.75,0.9300272204043585
12220432.0,0.9283883539671942,911528.1875,0.9426597209912234
10563866.0,0.9419821430551317,830248.3125,0.9477726812507111
