loss,r2,loss_test,r2_test
21816500.0,0.9364335706557775,1224018.625,0.9230023123262298
21886064.0,0.9236992882015024,1278683.0,0.9195636103660751
14121421.0,0.9290172707288411,830761.6875,0.9477403940251923
