loss,r2,loss_test,r2_test
16047021.0,0.9464507527313234,1273385.375,0.9198968671959972
15422952.0,0.9426657724753746,1219951.875,0.9232581290875717
17892866.0,0.9246963150048065,1371276.25,0.9137389720176124
15573432.0,0.9377980342846097,1228122.5,0.9227441505212471
14571242.0,0.9406552314955828,1157069.875,0.9272137638561724
11195201.0,0.9568534015406511,924831.875,0.9418228476285729
9381226.0,0.9620033299687561,819575.8125,0.9484440449955748
