loss,r2,loss_test,r2_test
20068148.0,0.8252031381278407,1197581.875,0.9246653263310153
18840828.0,0.8446606888544812,1149490.25,0.9276905662260482
17948030.0,0.8666257885487804,1137669.375,0.9284341652961621
