loss,r2,loss_test,r2_test
680841408.0,0.9256434675206975,1215829.125,0.9235174682185977
474420608.0,0.9754095047657705,858397.4375,0.9460019482098163
309154944.0,0.9652000763817656,565723.6875,0.9644127812384152
287892960.0,0.968511769365106,519631.6875,0.9673122297459107
272685696.0,0.9576107192934802,481952.09375,0.9696824905011658
