loss,r2,loss_test,r2_test
624991680.0,0.939196133599117,1150909.875,0.9276012599390533
519717120.0,0.9388231141356473,988575.5625,0.9378130038953006
326899840.0,0.9770319428934301,615724.5625,0.9612674429934622
257522624.0,0.9730824892637053,513918.875,0.9676715984096531
219225008.0,0.9898729200584601,446094.28125,0.9719381441345507
