loss,r2,loss_test,r2_test
71766064.0,0.9678223534996537,1237079.375,0.9221807090310032
71590944.0,0.9770132752681447,1274235.125,0.9198434051637796
72384240.0,0.9593101098897674,1207602.0,0.9240350007472681
68093632.0,0.9795814124806753,1213952.75,0.9236355067025067
