loss,r2,loss_test,r2_test
67518760.0,0.9285724651428823,1305083.0,0.9179029032024772
62246956.0,0.9414086426128183,1200552.625,0.9244784458386786
63682220.0,0.9320634139461634,1238359.625,0.9221001801130613
58452108.0,0.9423484604322558,1147965.5,0.927786472633645
