loss,r2,loss_test,r2_test
183643616.0,-0.03312742636113386,15255342.0,0.04035276858772263
177819712.0,0.026147692534935096,14856178.0,0.06546242658726542
173283568.0,0.03205142182716014,14439375.0,0.091681708325409
164409888.0,0.07389485447542765,13702668.0,0.13802476059010538
136936032.0,0.24420972404331343,11512095.0,0.2758241623094895
68119080.0,0.5300860488489605,5638638.5,0.6452977667391746
33293002.0,0.8132049419784697,2833580.0,0.8217517904267492
27186738.0,0.8594987580362455,2308805.5,0.8547630628938219
21987726.0,0.8879608582559888,1805268.5,0.8864383932186263
