loss,r2,loss_test,r2_test
191105488.0,-0.0161412224470725,15308562.0,0.037004882333640854
186740288.0,0.0037332101230773684,14944117.0,0.05993055515598644
180416784.0,0.02158154961707126,14390255.0,0.09477162313485044
170969664.0,0.08668158829857997,13654782.0,0.1410369755148042
143572944.0,0.18566809211240054,11312156.0,0.28840140395932123
66972312.0,0.5276226357673022,4971208.5,0.687282869385425
37443312.0,0.6984677712458995,2702296.75,0.8300102702850978
29011984.0,0.7631222535163895,2105540.5,0.8675495904338415
24778844.0,0.8033962366564997,1824937.875,0.8852010902388819
