loss,r2,loss_test,r2_test
188712016.0,-0.013210973041057006,15305253.0,0.037212973316700926
185139312.0,-0.011954376587461235,15019411.0,0.055194211349864575
178151936.0,0.03729047326738222,14408124.0,0.0936475895471508
168835440.0,0.0726037846724984,13629574.0,0.14262273374186318
149674384.0,0.1604346046366244,12020596.0,0.24383656611043492
74218104.0,0.526165824939536,5777236.0,0.6365791805843475
36536524.0,0.8211020345339544,2871631.0,0.8193581639591816
27854402.0,0.8354029677000132,2151010.5,0.8646892686714304
22410652.0,0.8610602086028241,1724583.5,0.8915139516999482
