loss,r2,loss_test,r2_test
177669472.0,0.053277819694992234,15222085.0,0.04244488145670844
174437984.0,0.06897382720327683,14963750.0,0.05869555376669866
167906208.0,0.11036906876419761,14384933.0,0.09510632474467062
152777824.0,0.1980997300342351,13097097.0,0.17611850442590338
137614112.0,0.28068083786262266,11842759.0,0.2550234743280624
59018884.0,0.7508862888661566,5238634.5,0.6704602843206395
33790084.0,0.9174742803132693,2945079.5,0.8147378447624243
25868666.0,0.9467199039714116,2204324.0,0.861335560051653
21632550.0,0.9566449125385403,1805350.875,0.8864332250688173
