loss,r2,loss_test,r2_test
193606816.0,0.0075322416397258785,15305947.0,0.03716936150249994
188203376.0,0.059396149224562045,14866449.0,0.06481626054108014
183092224.0,0.0815758628816915,14466208.0,0.08999370061957668
170142176.0,0.14998878022132456,13447072.0,0.1541030582016656
144014720.0,0.27788340802667233,11399324.0,0.2829180019420423
55406500.0,0.6802728037327481,4525818.5,0.7153004262356601
32543244.0,0.7926977390815091,2744724.5,0.8273413102575908
25096118.0,0.844059681385515,2136270.5,0.8656165053711995
20378486.0,0.8937419152592203,1704953.125,0.8927488149047494
