loss,r2,loss_test,r2_test
172074560.0,0.03191727807435729,15302175.0,0.03740670886287889
167787872.0,0.057145530561184654,14890353.0,0.06331263928360398
162211040.0,0.08194534900716388,14400646.0,0.09411797098674735
153204560.0,0.12847860813033551,13575517.0,0.14602322541652812
130956808.0,0.23963087140073502,11576606.0,0.2717660524569101
61548288.0,0.6128165576677034,5426268.5,0.6586570595734447
29444342.0,0.838053850654335,2686627.25,0.8309959656003645
21763960.0,0.8958727162846438,2096800.375,0.8680994000215975
17053074.0,0.9039298891026787,1657912.375,0.8957079311994751
