loss,r2,loss_test,r2_test
173286848.0,0.04645379924000104,15238607.0,0.04140555093367626
170163552.0,0.05887799656089221,14955526.0,0.05921285879841476
165002432.0,0.09255910859855332,14513920.0,0.0869924122978718
154692608.0,0.1433434680005945,13598030.0,0.14460703866340008
128752080.0,0.2618298320876694,11258420.0,0.2917817631535299
54446432.0,0.6048573917926319,4234226.0,0.7336432372369166
44813900.0,0.6693160686256301,3118209.0,0.8038470125952415
40946088.0,0.7267471082510282,2636119.5,0.8341731917581054
35330264.0,0.7673099016695477,1949178.25,0.8773856624485427
