loss,r2,loss_test,r2_test
198538592.0,-0.06783183545240457,15255943.0,0.04031500604265126
193203152.0,-0.02747916749708068,14905528.0,0.06235799519562413
185283856.0,-0.0020005627078403254,14256056.0,0.10321345930779136
175200160.0,0.062091919131118334,13542647.0,0.14809099261779923
146523120.0,0.1868451459072945,11305281.0,0.2888338939760593
55620756.0,0.7214353197251934,4539939.0,0.7144121633697444
33472240.0,0.8587710508243809,2799214.75,0.8239135456101413
27768228.0,0.9050564107041456,2322479.75,0.8539028760640632
21200978.0,0.9180295721203628,1758564.75,0.8893763297701052
