loss,r2,loss_test,r2_test
178619984.0,0.015450382646248761,15318439.0,0.03638355334423615
173951200.0,0.04960940857134499,14880835.0,0.0639113223024923
169360464.0,0.07664015944880342,14471200.0,0.08967959737957276
160521408.0,0.12063540920490678,13713042.0,0.1373720860155182
139058128.0,0.23468001098770808,11852986.0,0.25438012974095836
44892652.0,0.6937540748942145,3792152.5,0.7614521640868821
31622720.0,0.7805181029733506,2682965.5,0.8312262938006904
25682590.0,0.8382077045254559,2202199.5,0.861469191718069
21166504.0,0.8809874055558816,1839104.25,0.8843099431367525
