loss,r2,loss_test,r2_test
34320168.0,0.9263056383079771,1364216.75,0.9141830619870167
33162530.0,0.9323422884187058,1256473.625,0.9209607081495359
32514396.0,0.9374600385638571,1249484.375,0.9214003693114442
