loss,r2,loss_test,r2_test
33685556.0,0.7495818477073721,1728249.25,0.8912833417526506
25272660.0,0.8688823450493431,1449237.625,0.9088347536500282
22225318.0,0.9078511778497977,1282611.25,0.9193165027479302
21747348.0,0.9247290736634903,1239011.375,0.9220591791459725
