loss,r2,loss_test,r2_test
71287968.0,0.9328015367944301,1244301.75,0.9217263888663705
65844636.0,0.9256785539432575,1165294.875,0.926696364825379
60712636.0,0.9403887799189105,1086553.125,0.9316496649142102
57541000.0,0.9285552750041587,1050269.25,0.9339321267257091
