loss,r2,loss_test,r2_test
62545732.0,0.8859991383603535,1162275.75,0.9268862928096347
55773620.0,0.9152797251613761,1066925.75,0.9328843305988173
