loss,r2,loss_test,r2_test
64943776.0,0.911788347687004,1198830.875,0.9245867644893737
61096420.0,0.9121830006034883,1121576.75,0.9294464778115006
58087532.0,0.9323265044752037,1057030.375,0.9335068172442543
