loss,r2,loss_test,r2_test
68067248.0,0.970158616429895,1267134.75,0.9202900612302602
