loss,r2,loss_test,r2_test
3228644.0,0.9401610052697876,1206748.625,0.924088685576439
3121724.25,0.9442186130599036,1203422.375,0.9242979278502432
