loss,r2,loss_test,r2_test
49914188.0,0.03234083610364136,15429673.0,0.029386354384365654
3282239.0,0.9358780238089163,1326655.0,0.9165459032717036
2672171.0,0.9452645499859539,1159176.125,0.9270812625406293
2487612.5,0.9464682795317971,1125283.5,0.9292133043562316
