loss,r2,loss_test,r2_test
100343704.0,0.9766839634229164,517521.9375,0.9674449436321022
64758352.0,0.9913634571343803,389041.40625,0.9755270936564728
