loss,r2,loss_test,r2_test
233644960.0,0.9442323887509406,1229407.75,0.922663301240155
231179152.0,0.9612901441736045,1214952.875,0.9235725967761329
101443272.0,0.9860889318508236,538013.8125,0.9661558884993697
81576176.0,0.9858612335112428,450145.96875,0.9716832728238378
67831912.0,0.9745070961257235,412200.96875,0.9740702282199191
