loss,r2,loss_test,r2_test
252476768.0,0.9443560710932529,1153727.875,0.9274239990799196
197817008.0,0.9456159677494138,929027.125,0.9415589401234493
128890976.0,0.9687340541056687,666971.4375,0.958043729010488
103300232.0,0.9490840709207093,537445.75,0.9661916218806539
156850704.0,0.9076968605935465,811419.0,0.9489571550637266
85887992.0,0.9837258464161204,464246.3125,0.9707962802051198
77514232.0,0.9633352390104142,416574.375,0.9737951202229931
