loss,r2,loss_test,r2_test
182356272.0,0.07375290642229937,14809327.0,0.0684096019485706
6244919.0,0.9832087543046469,996449.1875,0.937317712879253
3868060.0,0.9882479309148015,863209.0,0.9456992761986429
2827611.0,0.9927525723240223,514749.65625,0.9676193333607284
2460444.75,0.9884552013038077,536579.3125,0.9662461244485048
