loss,r2,loss_test,r2_test
203904784.0,0.9588770282723768,1417455.75,0.910834020993686
182965504.0,0.9674293478974326,1256101.75,0.9209841002534342
152313632.0,0.9860314207466724,1121392.75,0.9294580580964464
143472832.0,0.9899408506666272,1071088.75,0.9326224699344665
221055600.0,0.9640635521819841,1715195.875,0.8921044888170019
