loss,r2,loss_test,r2_test
1897228.875,0.9215886337063112,1261481.75,0.9206456612529662
1904489.375,0.9057870367411396,1218388.75,0.9233564558765481
1767391.5,0.9193058802833027,1187637.625,0.9252908793351462
1684907.625,0.9198040067935336,1157479.5,0.9271879967327261
1589726.75,0.9291016591718261,1119797.875,0.9295583873154155
1793622.25,0.9157060048268599,1239606.0,0.9220217796013825
