loss,r2,loss_test,r2_test
3002271.0,0.8941746746086343,1542243.875,0.9029841441882575
2258219.5,0.9243060275235905,1146810.375,0.9278591466398134
2336270.25,0.9195457031923208,1153672.5,0.9274274782721814
2352060.75,0.9186834620921144,1118709.5,0.9296268506768516
