loss,r2,loss_test,r2_test
30663400.0,0.9258699176785181,1300121.625,0.918215004664024
28856492.0,0.9504503384284713,1225071.125,0.9229361021553987
30380520.0,0.9656329731833065,1296171.25,0.9184635029274234
26855368.0,0.9524209438190104,1113301.0,0.9299670748901907
