loss,r2,loss_test,r2_test
28800050.0,0.9360939402760557,1299618.75,0.9182466217955323
26514260.0,0.938004474112037,1179220.625,0.9258203510653548
27839202.0,0.9385528467409939,1261010.0,0.9206753455588859
26090486.0,0.9321116433634125,1140248.625,0.9282719076385969
27225238.0,0.9430934800055768,1245143.0,0.9216734703900881
