loss,r2,loss_test,r2_test
2566829.0,0.8685115934868435,1531303.5,0.9036723580989782
