loss,r2,loss_test,r2_test
683193.5,0.9905938429042019,1189098.625,0.9251989724982732
707073.875,0.9871463037293485,1222156.5,0.9231194425196014
