loss,r2,loss_test,r2_test
40486968.0,0.9134698440915044,1277363.625,0.9196466090635455
10311978.0,0.98588871449424,505427.375,0.9682057570625417
5333389.5,0.9935707580451869,432222.40625,0.9728107662122748
4818135.5,0.9937097862102082,423747.6875,0.973343874678389
5176778.5,0.9905366374075707,392886.1875,0.9752852342379199
