loss,r2,loss_test,r2_test
109708496.0,0.9744012035059452,438219.78125,0.9724334948758286
92222072.0,0.9838761832079608,387531.78125,0.9756220589168986
76183856.0,0.9815301793596406,337703.6875,0.9787565290609064
71510008.0,0.9816214232918425,333036.25,0.9790501359988719
77413392.0,0.9815337625305552,360991.125,0.977291616206568
