loss,r2,loss_test,r2_test
95123256.0,0.47789137443077023,7042427.5,0.5569914819703767
21690114.0,0.9160832252016649,1666265.5,0.8951824721559539
