loss,r2,loss_test,r2_test
20428820.0,0.9357699914484086,1402303.875,0.9117871636097873
