loss,r2,loss_test,r2_test
20056982.0,0.9455366237688746,1545124.125,0.9028029642745452
