loss,r2,loss_test,r2_test
199408480.0,0.007353027982114346,14847388.0,0.06601532365022766
16650612.0,0.9415828987328336,1251336.0,0.9212838932493124
