loss,r2,loss_test,r2_test
19451840.0,0.8958170305120351,1561651.625,0.9017632813736617
