loss,r2,loss_test,r2_test
80002024.0,0.8711820525233333,1501174.75,0.9055676223209611
59850620.0,0.9313120164801407,1093930.625,0.9311855745220705
65286080.0,0.9556911779831528,1169655.375,0.9264220658589066
49804036.0,0.9531316641207438,899692.5,0.9434042557414091
