loss,r2,loss_test,r2_test
3654032.0,0.9315853438823971,1237779.875,0.9221366398006943
2786057.0,0.9386844955397708,1087710.625,0.9315768520260449
