loss,r2,loss_test,r2_test
5273704.0,0.8411180327065002,1260963.875,0.9206782451204047
2522158.0,0.9348405044333298,951945.25,0.9401172613773587
