loss,r2,loss_test,r2_test
5065628.0,0.9547363820611079,1183831.0,0.9255303364155446
4975495.0,0.9645628270960083,1149104.0,0.9277148616607547
4764056.0,0.964069226062374,1090505.0,0.9314010749524746
