loss,r2,loss_test,r2_test
25038292.0,0.9576472991394177,560187.5,0.9647610362179021
22395554.0,0.9882222951943339,550323.375,0.9653815442293934
17511086.0,0.988956330461695,448707.71875,0.9717737482876019
17502554.0,0.9920130967841553,453381.65625,0.9714797286659187
20722442.0,0.9882523959969598,530438.875,0.9666323949603308
13549423.0,0.990645767958865,366988.65625,0.9769143386150145
13540644.0,0.9846445089235144,386963.3125,0.9756578199782562
14341174.0,0.9906521919860838,391931.4375,0.9753452950387559
