loss,r2,loss_test,r2_test
521651520.0,0.9264877171017024,505291.875,0.9682142839311765
428963904.0,0.9344187929543419,426240.75,0.9731870447079262
409030912.0,0.9588702425240223,408795.59375,0.9742844450314385
349253056.0,0.957550150233982,353977.78125,0.9777327968000027
387975904.0,0.9352752227087096,408687.625,0.9742912382851914
