loss,r2,loss_test,r2_test
186221520.0,0.9339178491351607,1262091.375,0.9206073117229747
171687152.0,0.9338289840430128,1211279.25,0.923803685720213
101747744.0,0.9570436772550045,773642.0625,0.9513335391150376
82361264.0,0.9617237556687882,620509.5,0.9609664465107716
82898600.0,0.9711257382212752,651311.4375,0.9590288255582134
