loss,r2,loss_test,r2_test
165581008.0,0.9355906095061677,1176684.0,0.9259799139103608
146852592.0,0.944600752932878,1062310.0,0.9331746933381837
78036112.0,0.9607999077502994,575204.125,0.9638164043371131
68747056.0,0.9681032805088734,502143.84375,0.9684123108535982
66136640.0,0.9620411081650951,493619.53125,0.9689485423977673
77215992.0,0.9543374546394358,585325.5625,0.9631797127462225
62822600.0,0.9687431071257941,466824.5,0.9706340997005845
