loss,r2,loss_test,r2_test
135090048.0,0.8133195030717693,1379630.375,0.913213443835826
110652768.0,0.7093895217897035,1229157.875,0.9226790212480886
101771824.0,0.6432461976002097,1157366.375,0.927195109946044
44723496.0,0.8446276387071631,563846.9375,0.9645308373485345
