loss,r2,loss_test,r2_test
92798104.0,0.961887718940419,1049715.375,0.9339669689318559
