loss,r2,loss_test,r2_test
162665008.0,0.9148621389702327,1795302.875,0.8870653124686427
109092496.0,0.951820828200391,1130763.625,0.9288685797891951
