loss,r2,loss_test,r2_test
122882544.0,0.9572107124384375,1395804.625,0.912195989006252
124280096.0,0.922235501311395,1390933.875,0.9125023952784039
