loss,r2,loss_test,r2_test
117339264.0,0.8452190595439755,1243392.125,0.9217836048810282
43566624.0,0.9613287185434071,570738.125,0.9640973448148271
