loss,r2,loss_test,r2_test
76955368.0,0.9288382798699872,1121777.25,0.9294338696282303
65052784.0,0.957396355926454,1004232.6875,0.9368280859064141
