loss,r2,loss_test,r2_test
27452602.0,0.9631934240092257,431037.40625,0.9728853099836342
