loss,r2,loss_test,r2_test
46947200.0,0.9589718295236945,535367.1875,0.9663223767202473
50618464.0,0.9749156748572143,587512.625,0.9630421328940904
28203290.0,0.9662173788393125,414648.1875,0.973916285107467
31798568.0,0.9732035804809576,449546.15625,0.9717210055700956
25192972.0,0.9768438072249641,379300.84375,0.9761398331248502
