loss,r2,loss_test,r2_test
129339520.0,0.9826112222859746,1278699.625,0.9195625673526546
75068832.0,0.9736009481609837,698662.1875,0.9560501988615773
74529960.0,0.9736041220002672,632497.8125,0.9602123090011306
64884828.0,0.966001855190494,594984.4375,0.962572116177106
69565296.0,0.9687468252781756,651171.0,0.9590376654914657
63918428.0,0.9960989747452322,664194.3125,0.9582184231203726
38933092.0,0.9715650598906643,443264.1875,0.9721161748198197
