loss,r2,loss_test,r2_test
95914704.0,0.9775018798657454,1034292.9375,0.9349371309018161
58780844.0,0.990932134477033,662920.5,0.9582985557723007
43348148.0,0.9960369247835457,543239.5625,0.9658271583398444
37805976.0,0.9983402306720375,518448.28125,0.967386673060292
30581456.0,0.9981579946781652,461754.46875,0.9709530335738396
29126984.0,0.9987845115196424,451444.21875,0.9716016040795455
24855496.0,0.9886493279985201,454621.96875,0.9714017070825854
