loss,r2,loss_test,r2_test
35551424.0,0.992306435827811,472513.25,0.9702762411919477
24386284.0,0.9764705647268497,425414.28125,0.9732390350246403
