loss,r2,loss_test,r2_test
179757232.0,0.9604571909945712,1629460.75,0.8974977030626422
46547504.0,0.9845158993139382,579160.9375,0.9635675021739555
97326288.0,0.9347382874555518,1078378.25,0.9321639012613794
45162332.0,0.9825718648228497,558124.25,0.964890826203797
23271346.0,0.9922122138467505,466242.4375,0.970670712707034
