loss,r2,loss_test,r2_test
82388352.0,0.9594944034844782,865535.5,0.9455529243152402
47767108.0,0.9785935842893361,606429.75,0.9618521368779381
30446900.0,0.9891430624489572,402194.5,0.9746996927443754
25039080.0,0.9918516025787295,383377.59375,0.9758833823826631
34302496.0,0.9964550820404823,434772.96875,0.9726503211705388
