loss,r2,loss_test,r2_test
150838256.0,0.1483637578348581,12011981.0,0.2443784849561388
37770256.0,0.7810128080127849,2721086.25,0.828828280176349
25568154.0,0.9223995092387747,1386251.625,0.9127969309560915
24459242.0,0.9177678216210893,1373368.875,0.9136073268732391
25294014.0,0.9302760353743555,1299823.0,0.9182337886638345
23289742.0,0.9332580457738693,1294010.75,0.9185994097850162
