loss,r2,loss_test,r2_test
142213152.0,0.22767164159411313,11862754.0,0.2537657146635064
25229548.0,0.8809133370756995,2164786.75,0.8638226772871526
17113062.0,0.932263219801819,1463325.875,0.9079485348084642
14675198.0,0.9479404338411207,1252888.125,0.9211862527714805
16729157.0,0.942314920830498,1396104.5,0.9121771433356253
14579472.0,0.9493268308362637,1240809.125,0.9219460797774394
16319658.0,0.9385014058042459,1392303.25,0.9124162539527509
14898655.0,0.9457742353979719,1292466.25,0.9186965628894738
