loss,r2,loss_test,r2_test
15071361.0,0.9020754979434568,1354782.5,0.9147765317052362
13737146.0,0.9148711861730021,1276881.125,0.9196769610789791
14211900.0,0.9155055550203844,1334889.875,0.9160278792148013
12938667.0,0.9195188323768279,1223753.125,0.9230190119030028
13775484.0,0.9174245655679165,1310111.875,0.9175865533848394
13758137.0,0.9182607695347937,1320494.75,0.916933407120526
12135628.0,0.9221465934379688,1183378.125,0.9255588168278169
