loss,r2,loss_test,r2_test
20541662.0,0.9472845227617971,1278893.0,0.9195503958310067
20206204.0,0.950626504057513,1268124.375,0.9202277972345271
20178482.0,0.9498673433778735,1242614.75,0.9218324990432034
20489812.0,0.9533877428606776,1327138.875,0.916515449137743
21969784.0,0.9413960637249743,1313260.625,0.9173884829096799
20868316.0,0.9600455664039729,1388481.625,0.9126566468693414
