loss,r2,loss_test,r2_test
18849976.0,0.954572049409035,1390852.125,0.9125075377847658
17623096.0,0.9617887361185451,1291501.375,0.918757261555235
16901568.0,0.9668953033788708,1255238.5,0.9210383994474396
16408999.0,0.9692242001842135,1241222.375,0.9219200941664814
21873368.0,0.9348161939092857,1516860.875,0.9045808781080119
16189815.0,0.9659771747009954,1188264.25,0.9252514587807655
