loss,r2,loss_test,r2_test
141536176.0,0.20250229830165511,12416350.0,0.21894131832706565
41105240.0,0.6814574828655002,2836648.75,0.821558761744888
31609646.0,0.7954810910725579,1811533.125,0.8860443212120439
28418226.0,0.8386865720597972,1489992.25,0.9062710639992313
27921016.0,0.850010833978759,1539226.875,0.9031739197164613
27451578.0,0.8710527345800451,1460358.125,0.9081352103177193
27473372.0,0.8373466465079091,1437254.25,0.9095885834827885
28928338.0,0.8124957804535382,1544841.75,0.9028207176740283
26315438.0,0.8781746680313537,1525143.625,0.9040598563157227
