loss,r2,loss_test,r2_test
32092318.0,0.8922127507857867,2673808.0,0.8318023617960811
17843982.0,0.9578604004470885,1461271.625,0.9080777486823153
16293652.0,0.94620145058375,1325062.625,0.916646069525663
15460466.0,0.9676575890719596,1274912.125,0.9198008182343694
