loss,r2,loss_test,r2_test
130844080.0,0.9584896892992786,683690.1875,0.9569920250163481
