loss,r2,loss_test,r2_test
52202740.0,0.13322788854557932,13156086.0,0.17240776705971927
4061576.75,0.9691969802516067,1364217.875,0.9141829841035077
4253201.5,0.97942784037194,1495903.25,0.9058992285055077
4005176.0,0.9593728753372472,1212873.125,0.9237034217725011
