loss,r2,loss_test,r2_test
112682080.0,0.9400790407789777,1209434.375,0.9239197410495164
