loss,r2,loss_test,r2_test
4981467.0,0.9764765724295758,1291406.25,0.9187632472959582
