loss,r2,loss_test,r2_test
8405807.0,0.43979647302458613,2033945.75,0.8720533085470539
