loss,r2,loss_test,r2_test
233642144.0,0.9499368270227038,1200231.625,0.924498641009577
240333040.0,0.9552525334377282,1229202.875,0.9226761874790321
214828240.0,0.9498604092805046,1113698.375,0.9299420708247256
264844064.0,0.9187280236092477,1365239.0,0.914118742384047
259273664.0,0.9548306196682009,1328081.5,0.9164561662841251
197468832.0,0.9431550995613434,1029294.625,0.9352515485289015
154343392.0,0.9719693318170549,820206.9375,0.9484043519601182
125350888.0,0.9789199597820415,667708.8125,0.9579973387773789
122740160.0,0.9710805282987814,647267.875,0.9592831909632339
