loss,r2,loss_test,r2_test
14081666.0,0.9589479922792702,1280523.125,0.9194478592153428
11800924.0,0.9476734056669484,1150510.0,0.9276264115434228
11515396.0,0.9492971433039024,1147714.5,0.9278022666295161
10770221.0,0.9541663975776199,1046117.375,0.9341933028633619
9511635.0,0.9574027636367597,943127.75,0.9406719256042321
8222806.5,0.9507716120798636,869653.0,0.9452939145384153
6513698.0,0.9500557117075775,746392.8125,0.9530476736302324
