loss,r2,loss_test,r2_test
73395304.0,0.9516987459456552,1272651.375,0.9199430295501573
68207232.0,0.9633945657448768,1213280.125,0.9236778216527065
61285420.0,0.9763622575775913,1102452.5,0.9306495039947937
