loss,r2,loss_test,r2_test
3836385.75,0.9293068935173879,1335562.875,0.9159855474985912
3741092.5,0.930636636067678,1265645.625,0.9203837367501388
3663182.0,0.929417427488246,1245283.125,0.9216646520016718
4030087.75,0.9180721668306515,1329888.25,0.916342509523133
3640565.25,0.9267584038133426,1204612.375,0.9242230782746989
3707460.0,0.9248596124684872,1221402.625,0.9231668731855901
3462987.25,0.9308028902195824,1196593.875,0.9247274755905344
