loss,r2,loss_test,r2_test
2944752.0,0.9428256452490097,1245253.5,0.9216665163258047
2910395.75,0.9431900217635194,1218028.75,0.9233790988461037
