loss,r2,loss_test,r2_test
64140904.0,0.9390925132123384,1294295.375,0.9185815073521563
58966584.0,0.9516369831397999,1203447.125,0.9242963645629553
61423100.0,0.9447119963246474,1258294.125,0.9208461865256754
54263904.0,0.9556345850303519,1114484.0,0.9298926544718171
