loss,r2,loss_test,r2_test
3205541.25,0.938834127477433,1247138.75,0.9215479205173517
