loss,r2,loss_test,r2_test
128747736.0,0.9103143252026386,1655306.0,0.8958719011370223
