loss,r2,loss_test,r2_test
42602016.0,0.8982685605601954,1331174.875,0.916261571386825
37906332.0,0.9417330436616762,1273262.5,0.9199045923922884
38373224.0,0.9241152227291259,1208029.75,0.9240080938611813
37469960.0,0.9287805608766777,1185587.625,0.9254198350324114
37914796.0,0.9553140029609557,1326877.375,0.9165319112966485
37801596.0,0.9130412204797156,1172635.75,0.9262345865878875
34584536.0,0.9349605504778188,1145149.0,0.9279636487722538
