loss,r2,loss_test,r2_test
24290506.0,-0.000697011826807703,15341080.0,0.034959242818120906
23748050.0,-0.00495001628859959,14672077.0,0.07704338676016309
21038464.0,0.1425899057199571,13486864.0,0.15159995156628414
6954366.0,0.7655257583839397,5598395.0,0.6478292900016023
