loss,r2,loss_test,r2_test
20481488.0,-1.711021509013229,15313614.0,0.036687083279253296
20566676.0,-2.1417903176668873,14683932.0,0.07629764952057316
16964884.0,-0.7363111269485565,13556657.0,0.14720960230039248
7053439.0,-0.13935879564802334,5096010.0,0.6794321259555921
