loss,r2,loss_test,r2_test
338774048.0,0.07741356609445071,14632645.0,0.07952389312604846
312436288.0,0.14981322042403744,13483458.0,0.15181430260711326
119320752.0,0.7235493521440917,5120447.5,0.6778949099862497
67078600.0,0.8637982438608524,2585687.25,0.8373456553312023
