loss,r2,loss_test,r2_test
24345944.0,-0.0411556014342771,15370567.0,0.0331044452932755
23323244.0,0.0021705169736280228,14784130.0,0.06999467519010572
21254848.0,0.09585206121457068,13699311.0,0.1382359173424066
9022704.0,0.5309655145172847,5651697.5,0.6444762672438922
