loss,r2,loss_test,r2_test
305159808.0,0.04373774388490448,14727287.0,0.07357041246185714
280682144.0,0.10180228438089733,13566402.0,0.14659675585466903
99246616.0,0.6295558571876287,4742933.5,0.7016426218232783
45400824.0,0.8301541098714313,2217927.25,0.8604798379067504
