loss,r2,loss_test,r2_test
65031976.0,-0.9765071299030148,31126660.0,-0.9580427750924667
32356990.0,0.031839479652169156,15312464.0,0.036759441862320386
31328630.0,0.038576908832976486,14778836.0,0.07032759502885022
28136704.0,0.14544441106574624,13271262.0,0.16516258563842312
11576202.0,0.5880419543781028,5294229.5,0.666963008539903
