loss,r2,loss_test,r2_test
301367712.0,-0.06885204730888916,14648810.0,0.07850701287505746
269542624.0,0.01364868393898877,13069157.0,0.17787612537938546
78629448.0,0.49650829986313827,3672718.5,0.7689652472323301
46840500.0,0.7481887220367143,2184292.0,0.8625956886334233
