loss,r2,loss_test,r2_test
48189336.0,-1.1635017161971533,30987682.0,-0.9493002819899976
22028774.0,0.040959280559849764,15414887.0,0.030316476152730254
20949716.0,0.05813321408206218,14210514.0,0.1060783094981883
13381944.0,0.3999404447421435,8868577.0,0.44211641683861636
3695502.5,0.8237111820859007,2260950.75,0.8577734091627487
2280662.25,0.8891851424903857,1563427.75,0.9016515598088407
2074723.5,0.8995478892241257,1579285.75,0.9006540063170034
1843193.625,0.9134042785723839,1521740.125,0.9042739470823131
1753646.875,0.9144441653718518,1328499.5,0.9164298727202342
