loss,r2,loss_test,r2_test
29809760.0,0.830557517379747,1240855.875,0.9219431481634575
30546350.0,0.766639078006278,1354388.875,0.9148012830622104
27484528.0,0.816412542447877,1217432.875,0.9234165889805706
26876778.0,0.8115556876260315,1183141.0,0.9255737400039963
