loss,r2,loss_test,r2_test
31015550.0,0.9665955331360787,1427642.125,0.9101932384592945
27001918.0,0.966953985211013,1260883.5,0.9206832946622642
24997616.0,0.9479820202872047,1176384.875,0.9259987360135868
23671886.0,0.958836649439461,1114124.125,0.9299152895528654
