loss,r2,loss_test,r2_test
27215886.0,0.9495001752450786,1232457.625,0.9224714374635281
25802972.0,0.9514439564676868,1189098.5,0.9251989793993696
25395354.0,0.9498752375856362,1202222.75,0.9243733883298929
21657804.0,0.9569681166419405,1048725.625,0.934029222924674
