loss,r2,loss_test,r2_test
71147096.0,0.6244553747194257,5310835.0,0.6659184429273048
13994207.0,0.9476984684823995,1242154.0,0.9218614930729652
13564705.0,0.9521442075302733,1197286.375,0.9246839093767422
13820196.0,0.956866304918572,1199161.875,0.9245659423744891
13247472.0,0.952692626843266,1173200.5,0.9261990497998664
13214426.0,0.9576438974754504,1163304.875,0.9268215422595727
12942169.0,0.9556876659516849,1141419.375,0.9281982717038835
12844505.0,0.9551918875268532,1133925.25,0.9286696896076959
