loss,r2,loss_test,r2_test
20420386.0,0.9430839560663733,1587710.5,0.9001240271701989
16274232.0,0.9465388248109355,1260145.625,0.9207297146082019
16160849.0,0.9410025033526902,1244625.0,0.9217060454151683
15566901.0,0.9416891430714472,1208411.25,0.9239840994810774
15224900.0,0.9470694971412617,1196982.5,0.9247030322791124
16173286.0,0.9464834271369693,1277376.0,0.9196458194015167
14684555.0,0.9484922638655815,1165897.625,0.9266584523802375
16486882.0,0.9334338177801055,1264168.375,0.9204766534761734
