loss,r2,loss_test,r2_test
25427030.0,0.964347585291982,691105.0,0.9565255921457344
15716889.0,0.9880786829850533,505181.53125,0.9682212255149322
15148931.0,0.987547516800276,457794.15625,0.9712021596284979
