loss,r2,loss_test,r2_test
61730232.0,0.9621282474411522,1286070.625,0.9190988861149245
49912672.0,0.961287104793605,1063091.625,0.9331255186290066
28279884.0,0.9607438688586997,621242.875,0.9609203121250145
23147606.0,0.9592371223141095,515165.0625,0.9675932048178968
19077612.0,0.972347928477649,464148.5625,0.9708024325378435
