loss,r2,loss_test,r2_test
58985404.0,0.876571894207344,1301443.125,0.9181318650628082
49838608.0,0.9133168380278199,1097471.75,0.9309628217590029
32439298.0,0.9409308476719441,787168.375,0.950482658017394
19891346.0,0.967471524241509,561338.375,0.9646886424264114
