loss,r2,loss_test,r2_test
56684040.0,0.9596245659068513,1233237.75,0.9224223728318071
44244580.0,0.9598176140792821,1018405.75,0.9359365208144964
34211084.0,0.9641186605016895,845481.8125,0.9468144159421905
20695676.0,0.9746633813811056,616123.0,0.9612423768966277
14119273.0,0.9799418420379414,475973.78125,0.9700585590925357
