loss,r2,loss_test,r2_test
34446880.0,0.8463923480296174,845274.25,0.9468274731556513
21104442.0,0.9906575943730381,632148.125,0.9602343080507263
18229070.0,0.9811895125257059,507565.3125,0.9680712743674974
