loss,r2,loss_test,r2_test
94497808.0,-0.9525171604882445,30492322.0,-0.9181394364655708
44134740.0,0.10539169536043336,14432591.0,0.09210846919318483
5792898.5,0.9563109408973743,1257377.5,0.920903846399866
