loss,r2,loss_test,r2_test
85772312.0,0.31526514347870616,1506363.25,0.9052412437752185
