loss,r2,loss_test,r2_test
49397504.0,0.08697850744243696,14504480.0,0.0875862208197542
5600300.5,0.835373816705729,1288943.875,0.918918144335432
