loss,r2,loss_test,r2_test
159243824.0,0.755444439488998,3122604.0,0.8035705600461814
66253404.0,0.938997419009585,1262408.0,0.920587399067603
66515780.0,0.9512694446812213,1264528.75,0.9204539926471595
