loss,r2,loss_test,r2_test
52167740.0,0.38153090498949915,8867440.0,0.44218783852366983
11578650.0,0.9362723339255687,1581722.125,0.9005007407492931
10090223.0,0.9793043926951424,1429002.125,0.9101076890165646
7406071.5,0.9755651072046827,1241743.375,0.9218873221847969
