loss,r2,loss_test,r2_test
80052208.0,0.9479117680242186,1402967.875,0.9117453854532149
104724720.0,0.9151748911277056,1975932.0,0.8757027170007092
82511808.0,0.8925461518930096,1253813.625,0.9211280340181526
61385664.0,0.9460247341929484,1000488.25,0.9370636297043263
