loss,r2,loss_test,r2_test
201157360.0,0.9258089379515717,1358934.125,0.9145153701105941
179829792.0,0.8863984167915041,1223520.5,0.9230336378110485
