loss,r2,loss_test,r2_test
53950840.0,0.5532584923429016,8354686.0,0.4744430107532217
8917815.0,0.9716052403314309,1260740.125,0.9206923174798458
7732254.5,0.9662990735351642,1166749.625,0.9266048486868393
7571800.0,0.9639530562936655,1125522.75,0.9291982589545642
6999308.5,0.9739724886956971,1229513.375,0.9226566525933665
