loss,r2,loss_test,r2_test
1058483.25,0.9708673746787708,821529.3125,0.9483211626253275
699853.0625,0.9727799127978157,556781.3125,0.9649753090080442
