loss,r2,loss_test,r2_test
2075170.125,0.905256449503212,1366974.5,0.9140095706506509
1773309.875,0.9222502753007675,1243877.375,0.9217530899842197
1798755.875,0.9049612178270899,1140913.5,0.9282300840959511
1961187.125,0.8943168840621719,1223765.625,0.9230182235767336
1360861.25,0.9272484690534823,858316.0625,0.9460070678665262
