loss,r2,loss_test,r2_test
19579270.0,-1.0895001942898457,15489675.0,0.025611849345406723
1534373.375,0.39731092443781035,1145473.75,0.9279432201033054
1622306.0,0.3024511686081709,963134.9375,0.9394133689909615
752860.3125,0.7120975607668512,694580.3125,0.9563069731142659
