loss,r2,loss_test,r2_test
2348410.0,0.9226759434046041,1434796.125,0.909743215174439
2449568.25,0.9127556687094911,1173422.375,0.9261850915092188
1197044.625,0.9586096802350771,756031.875,0.9524413174487181
933265.5,0.966971174291591,683548.875,0.9570009136083676
