loss,r2,loss_test,r2_test
30536494.0,0.7304947618159796,1261889.25,0.9206200275171679
22449462.0,0.8144682951161792,967911.6875,0.9391128783400687
