loss,r2,loss_test,r2_test
25011378.0,0.975895491129828,1115652.75,0.9298191343692278
12897652.0,0.9713911122489861,594321.875,0.9626137957321396
12071302.0,0.9663424439191303,564056.0625,0.9645176861418114
