loss,r2,loss_test,r2_test
1034771.0,0.9806057518286683,1276206.375,0.9197194019022845
593741.0,0.9900498356765758,970812.1875,0.9389304316444906
440097.96875,0.9946953283325252,893718.5,0.9437800573313919
