loss,r2,loss_test,r2_test
40063944.0,0.026244629899364602,15594972.0,0.018988137165143137
2291205.0,0.9769759393238161,1307217.125,0.9177686466583898
1914011.5,0.9776586096639145,1364981.125,0.9141349666156724
1645597.375,0.9797061654703332,1249121.0,0.9214232298631946
1223301.5,0.9840674484762512,1064683.125,0.9330254098661562
