loss,r2,loss_test,r2_test
2791514.0,0.9483043731373052,1247149.5,0.921547248289636
2448724.0,0.9541431325132073,1174226.0,0.9261345471750945
