loss,r2,loss_test,r2_test
2099261.5,0.9314502364500046,1273008.5,0.9199205716651802
1960454.5,0.9377353481673221,1255442.625,0.9210255653921045
1809528.0,0.937556954368078,1230259.75,0.92260970538813
1601113.75,0.9501024236583273,1173135.75,0.9262031331948835
1180973.5,0.9510250255164093,1039948.125,0.9345813810860018
1036956.125,0.95756464324863,894102.5625,0.943755895863222
