loss,r2,loss_test,r2_test
3524365.0,0.9464232946342279,1308989.75,0.917657148953486
3039210.5,0.9573355180504617,1281038.375,0.9194154359817508
2517938.5,0.9700746237111266,1138902.0,0.9283566229630573
