loss,r2,loss_test,r2_test
63775528.0,0.8717413767016795,1195888.25,0.9247718717413473
60800564.0,0.8836053250051775,1150816.125,0.9276071529420022
53842716.0,0.9202686043626767,1065437.5,0.9329779584750363
40272784.0,0.955116699059732,807807.0,0.9491843728791347
