loss,r2,loss_test,r2_test
69547272.0,0.33450428236409313,1197365.375,0.9246789477751016
