loss,r2,loss_test,r2_test
20791998.0,0.8107860086192076,3097026.0,0.8051795388444902
6913301.5,0.9340989924122572,1300395.5,0.9181977693981402
6488781.5,0.9331829647040785,1258094.375,0.9208587455780357
2743653.0,0.9745865949367898,518040.8125,0.9674123034359676
2065439.125,0.9841817179494378,481171.6875,0.9697315799930328
