loss,r2,loss_test,r2_test
3464887.0,0.9742455180585419,1122093.0,0.9294140067909584
3335951.0,0.9733110362885773,1088682.375,0.9315157186880936
2784309.5,0.9769164272564769,964200.8125,0.939346321505505
