loss,r2,loss_test,r2_test
160348560.0,0.8198902790999637,1322992.375,0.91677629905999
153864944.0,0.8358339267360554,1330002.25,0.9163353379459444
98925896.0,0.9100514197320317,934431.5,0.9412189784494897
86898256.0,0.9275283636090347,852396.875,0.946379415118559
