loss,r2,loss_test,r2_test
5407196.5,0.9014210377070262,1349579.25,0.9151038359042574
4296041.0,0.9019044062977524,1189463.375,0.9251760240236948
