loss,r2,loss_test,r2_test
119978192.0,0.857275278247056,1204658.5,0.9242201668065186
89887968.0,0.8805395402149132,929712.9375,0.941515798459172
