loss,r2,loss_test,r2_test
33833424.0,0.8195734050739645,3842561.75,0.7582811327957649
38465412.0,0.8453532666730688,3548475.5,0.776780839380898
17944214.0,0.8930583396075191,2789336.25,0.8245349713962764
6702157.5,0.9430086657555955,1719358.625,0.8918426170933992
