loss,r2,loss_test,r2_test
107762680.0,0.9804126321749517,1260437.375,0.9207113624133418
