loss,r2,loss_test,r2_test
96565480.0,0.9793181312628111,1131165.125,0.9288433223781218
