loss,r2,loss_test,r2_test
146310416.0,0.9505137801645854,1448044.25,0.9089098293078584
94066584.0,0.9498046445802202,1130814.375,0.9288653761621121
