loss,r2,loss_test,r2_test
637786688.0,0.9784884574451137,1171703.5,0.9262932264978605
613966400.0,0.9865186946497828,1173240.875,0.9261965128219772
537391744.0,0.9880932042039703,1005991.75,0.9367174285086669
626809344.0,0.9638482766938838,1165134.25,0.926706466612127
519656096.0,0.9735185291186873,1014906.0,0.9361566740331395
451327904.0,0.975678155479987,880016.0,0.9446420179160212
330568704.0,0.9862808507061316,628030.125,0.96049335402987
333738848.0,0.9731237279797091,648811.375,0.9591861017448657
278360992.0,0.9866666055213622,527612.25,0.9668102074661233
