loss,r2,loss_test,r2_test
2496618.25,0.9903580373757883,1406859.625,0.911500570302378
1433617.625,0.9943242073449324,968398.75,0.9390822474503976
