loss,r2,loss_test,r2_test
67212160.0,0.9824415999542895,824789.0,0.9481161055147933
41639684.0,0.9814303997472621,518526.15625,0.9673817732653275
45757016.0,0.9619674816756215,580618.1875,0.9634758325285975
