loss,r2,loss_test,r2_test
108598744.0,0.9838843460310236,1090349.125,0.9314108709896054
65849644.0,0.9869052875525851,681525.625,0.9571281836941796
