loss,r2,loss_test,r2_test
569065280.0,0.9508143627603691,1032330.9375,0.9350605426982337
308908992.0,0.9875505087936581,584761.8125,0.9632151768917886
270912576.0,0.9759556126190326,492705.9375,0.9690060113076452
244941664.0,0.9947273561228981,485495.75,0.9694595712777295
