loss,r2,loss_test,r2_test
1209109.75,0.9360319904266237,1345802.375,0.9153414192415904
1093529.75,0.9378799770174854,1274719.0,0.9198129592053133
955691.625,0.9450498404774632,1208166.75,0.9239994786533281
819011.125,0.9549463026036245,1106345.25,0.930404626633221
734341.9375,0.9510896606863943,1071424.875,0.9326013144392381
747109.6875,0.9391092588286548,1044723.9375,0.9342809540778702
625446.5,0.9575944873305355,961325.6875,0.9395271769096559
486352.15625,0.9655334896598377,755219.25,0.9524924427941239
372987.875,0.9689774908574997,658640.75,0.9585677713311576
