loss,r2,loss_test,r2_test
12469523.0,0.912279516369414,1260331.625,0.9207180223629112
11583647.0,0.9125504522949637,1174622.0,0.9261096323944792
