loss,r2,loss_test,r2_test
394660480.0,0.933008369658335,410041.1875,0.974206091126484
316255168.0,0.9278075583064551,340116.28125,0.9786047617008541
299676512.0,0.9424637229435319,335492.5625,0.978895621318841
306853728.0,0.9346810356966593,349578.5625,0.9780095312498869
311270944.0,0.961875928186892,349186.71875,0.9780341814309274
310508864.0,0.9507743106536903,335925.4375,0.9788683894405852
275554432.0,0.9564668932296484,326032.15625,0.9794907318783829
291419520.0,0.9488376737659118,342077.9375,0.9784813636484955
