loss,r2,loss_test,r2_test
103132528.0,0.9125092363132816,1246091.0,0.9216138151875132
