loss,r2,loss_test,r2_test
119915904.0,0.969201324617887,1261943.375,0.9206166326019133
121238736.0,0.9724378269401707,1292119.625,0.9187183673462829
