loss,r2,loss_test,r2_test
156750688.0,0.9123911718336641,1757688.75,0.8894314380367165
