loss,r2,loss_test,r2_test
113090760.0,0.938912068754154,1244748.375,0.9216982934855025
