loss,r2,loss_test,r2_test
112451968.0,0.953517701964496,1270482.875,0.9200794405363321
