loss,r2,loss_test,r2_test
377232736.0,0.06598557667238902,14660544.0,0.07776887081695472
31949694.0,0.9210030376343794,1431083.125,0.9099767851817571
28512802.0,0.949146683418875,1265875.75,0.9203692583793998
28998922.0,0.9513170335669445,1277440.625,0.9196417579403983
29714064.0,0.9496610777188806,1296543.5,0.918440082351166
27608670.0,0.9428998117247106,1257152.125,0.9209180215383834
28153552.0,0.952144599754364,1243104.5,0.9218016994963288
28740214.0,0.9523013989438702,1262159.625,0.9206030237915419
