loss,r2,loss_test,r2_test
339017472.0,0.09595473601279658,13002156.0,0.1820909007086804
85860992.0,0.7196776244366437,3358461.75,0.7887337703619557
38976184.0,0.920677730160033,1491239.375,0.9061926092436509
33035514.0,0.940322109985666,1261561.875,0.9206406181283319
35337288.0,0.9239222927888304,1367035.125,0.9140057653169131
32747266.0,0.9424335084942462,1240347.625,0.9219751231185763
32237892.0,0.9407652434931207,1236033.875,0.9222464884636252
36518636.0,0.9164533182759618,1410005.5,0.9113026779098917
31536794.0,0.9438274354323589,1198803.5,0.9245884807750455
