loss,r2,loss_test,r2_test
81710304.0,0.7618244773763667,2891674.5,0.8180973228493267
41230696.0,0.9082439291171328,1438554.25,0.9095067921883003
37950564.0,0.9348126233606174,1317727.0,0.917107524327772
36140028.0,0.9412371268447212,1261297.875,0.9206572370293141
34931460.0,0.9487673023861936,1244660.875,0.9217037875279602
36198220.0,0.9442259282379621,1261413.625,0.9206499449753731
34265692.0,0.9506175588227251,1208729.0,0.9239641062486383
34059984.0,0.9525462376983151,1206092.75,0.9241299474512134
