loss,r2,loss_test,r2_test
1572196.125,0.9474130438997038,1149348.25,0.9276994871380148
