loss,r2,loss_test,r2_test
56618816.0,0.721163670586213,1338504.625,0.915800485044195
29933826.0,0.9507087350915002,800153.875,0.9496658011137107
17882732.0,0.9759878053188862,542938.0625,0.9658461281282815
