loss,r2,loss_test,r2_test
2354974.0,0.9372030926137733,1057303.5,0.9334896239372471
862490.875,0.9731956597825393,722876.6875,0.9545269710445953
553787.25,0.9852527745381064,652418.6875,0.9589591774467
