loss,r2,loss_test,r2_test
57032960.0,0.9499130160048471,1159017.875,0.9270912210103288
