loss,r2,loss_test,r2_test
352961984.0,0.9215938694711483,1333764.375,0.9160986786772681
329072800.0,0.9252652588072846,1244599.625,0.9217076368993432
296650816.0,0.9318618035896831,1078251.625,0.9321718732237214
