loss,r2,loss_test,r2_test
496866880.0,0.8721537010017273,1402435.375,0.9117788856948104
243459552.0,0.9126310993437274,812082.1875,0.948915438739765
