loss,r2,loss_test,r2_test
187312928.0,0.8758888929239423,1578140.375,0.9007260523477354
157578672.0,0.8301910920873995,1331645.625,0.916231962245649
163057904.0,0.8565613732556396,1382636.875,0.9130243260725275
