loss,r2,loss_test,r2_test
286341760.0,0.5073551349537997,2168819.5,0.8635690100959876
257734880.0,0.906162699125893,1884147.5,0.8814764706832016
253568880.0,0.8966027369336576,1758772.25,0.8893632855208723
