loss,r2,loss_test,r2_test
1379102592.0,0.08891523695022685,13491879.0,0.15128457908129567
169096224.0,0.9523446393577143,1655148.25,0.8958818131082538
304760160.0,0.9553109896532821,2968867.25,0.8132414520116352
156162704.0,0.9776382653055886,1565850.875,0.9014991256597149
134596672.0,0.9685668602782956,1319151.375,0.9170179183937683
