loss,r2,loss_test,r2_test
203847616.0,0.8877437666175898,1824907.5,0.8852029973758742
