loss,r2,loss_test,r2_test
183726160.0,0.9168895594926791,1577392.5,0.9007731010816921
144584240.0,0.9710189856521908,1274481.375,0.9198279172109065
141006912.0,0.9765134878066101,1246941.0,0.9215603630832566
151155024.0,0.9727314691885075,1313993.375,0.9173423840366481
