loss,r2,loss_test,r2_test
25720010.0,0.9420211083008743,1160055.0,0.9270259830793302
25017506.0,0.9434005508389596,1140254.0,0.928271580046836
23673022.0,0.9450286454518194,1086448.0,0.9316562794462255
21411390.0,0.9476331334720536,986351.875,0.9379528923061269
19372870.0,0.9448300186286417,907433.6875,0.9429172866130043
14137748.0,0.9461837790950147,665603.6875,0.9581297685339284
