loss,r2,loss_test,r2_test
1547513.5,0.9725858568734276,1054094.25,0.933691517585775
1150474.25,0.9795027176586009,1037600.0625,0.9347290867957956
