loss,r2,loss_test,r2_test
17816558.0,0.7712173383944468,4510833.0,0.7162430988549857
9154832.0,0.7946194550561031,3931989.25,0.7526556330433509
7908167.0,0.8258503502251471,3526204.5,0.7781817690827321
