loss,r2,loss_test,r2_test
2167727.25,0.8913956085485368,1281120.0,0.9194103133765379
1490280.125,0.9351902827903629,1146620.375,0.9278710931595033
1761359.0,0.9035139647828506,1270703.75,0.9200655473653042
1533574.625,0.9266174900170532,1086230.0,0.9316699844387014
