loss,r2,loss_test,r2_test
31524742.0,0.9424088654818449,1229107.5,0.9226821877328997
