loss,r2,loss_test,r2_test
4316086.0,0.9171926457795199,1308506.875,0.91768752478474
3977396.0,0.922554876387606,1297859.0,0.9183573335412937
2759181.5,0.9440373014238018,1053578.25,0.9337239704318214
2605142.25,0.9456536914630383,1181653.625,0.9256673007638554
1876490.5,0.9584747207245411,1022221.375,0.9356964931113002
