loss,r2,loss_test,r2_test
19426952.0,0.9698450752396635,873342.125,0.9450618432468177
