loss,r2,loss_test,r2_test
994060.125,0.9783564019350116,1320362.625,0.9169417209907043
751813.3125,0.9886044317679736,1229168.125,0.9226783754437
567606.0,0.9926445881789212,1153997.875,0.9274070121071105
389531.40625,0.9947654411979354,828851.5625,0.947860550167458
