loss,r2,loss_test,r2_test
3496865.75,0.9807889290902242,558505.8125,0.9648668257856499
