loss,r2,loss_test,r2_test
159653504.0,-0.11172139614010823,14676667.0,0.07675469384571665
6761966.5,0.9768534881752133,1029630.0,0.9352304488080644
4295841.0,0.9736745926301508,832021.8125,0.9476611181198329
