loss,r2,loss_test,r2_test
6680759.5,0.8939996003077043,1360660.375,0.9144067683981156
7448339.5,0.8750426779175476,1437600.25,0.9095668151693374
2345068.75,0.9884834234689059,727273.1875,0.9542504048302167
