loss,r2,loss_test,r2_test
6166587.5,0.844308730404885,3193218.5,0.7991285175821099
3273113.75,0.9424666276474228,1370080.125,0.9138142233519048
3223441.5,0.9438233106495638,1306521.25,0.9178124256715039
3015495.0,0.9545952831218966,1267029.375,0.9202966911243045
3045112.0,0.9526808112788309,1243687.5,0.9217650250314221
3081530.25,0.9587737206200448,1301778.875,0.9181107557179998
2898009.25,0.955603052972951,1240190.75,0.9219849861500998
2952991.25,0.9608064197114393,1261730.375,0.9206300268206657
2885205.5,0.96020083231804,1224341.25,0.9229820083734319
