loss,r2,loss_test,r2_test
6134701.0,0.7251075072970794,3238966.75,0.7962506864445814
2113947.0,0.9105122227179359,1396648.25,0.9121429315593745
1915440.125,0.9272293185716611,1401336.25,0.9118480256276602
1799241.75,0.9312423445951075,1250232.875,0.921353280519949
1924080.375,0.9261454438442638,1256027.125,0.9209887873158984
1738148.25,0.9349115511954922,1221575.75,0.923155977855677
1676597.5,0.9391786005341425,1267292.0,0.9202801707531105
1606268.0,0.9420491588441187,1233308.125,0.9224179467983087
1575782.5,0.9431266261676277,1230705.625,0.9225816641221161
