loss,r2,loss_test,r2_test
40105656.0,0.9253516765661498,1324145.75,0.9167037474511153
38950964.0,0.9360795653982152,1293613.625,0.918624387902863
37729484.0,0.9357389338402575,1241612.25,0.921895571388261
38799688.0,0.9390167529570254,1293082.875,0.9186577731165706
37113952.0,0.9379058429593904,1221702.5,0.9231480022084511
37021520.0,0.9403152942802436,1224381.875,0.9229794499227244
37339292.0,0.9419034543250923,1242217.5,0.9218574972533011
37304064.0,0.9264366899738035,1204643.625,0.9242211021595372
36175568.0,0.9441636385515367,1204492.0,0.924230636375492
