loss,r2,loss_test,r2_test
3579967.0,0.9584537775631417,1282575.125,0.9193187756257631
3699500.0,0.9524103055398265,1309189.75,0.9176445505199602
3465742.0,0.9628442887017076,1202732.375,0.9243413310846428
3273549.5,0.9655402963140974,1178999.875,0.9258342365144615
3108332.0,0.9643016952413463,1183760.875,0.925534747315865
2984998.0,0.9715766642959387,1154431.75,0.9273797081116507
2507099.0,0.9776478928631152,1094169.875,0.9311705310135717
2440267.25,0.9752929621104208,1115696.125,0.9298164025009498
1726824.0,0.9808239993254306,984871.0,0.9380460419607002
