loss,r2,loss_test,r2_test
69327360.0,0.9328405622939631,1262722.375,0.9205676222477672
75489176.0,0.9066967127771464,1328515.5,0.9164288509942369
67523440.0,0.9266122039697521,1210320.875,0.923863976650688
62196984.0,0.945484375386085,1185702.625,0.9254125961856382
57817804.0,0.9463634808373322,1118028.75,0.9296696747897186
54068280.0,0.9523073188092912,1054500.25,0.9336659730468049
50219672.0,0.956153336550223,1001437.5625,0.937003919291989
46078968.0,0.9553152930809414,920131.125,0.9421185520462574
42992108.0,0.9576698666952236,961376.375,0.9395239925104301
