loss,r2,loss_test,r2_test
5089524.5,0.9019346000267672,1349085.125,0.9151349187376423
5083913.5,0.8988683786275545,1351466.75,0.9149850940393334
4656786.0,0.9144173813427782,1435677.875,0.9096877386320098
4905583.0,0.9022650472680529,1292376.0,0.9187022416890154
6208321.0,0.8622606344963168,1345099.875,0.9153856051212299
4880134.0,0.9007470370734578,1200164.0,0.9245028968857155
3976235.5,0.9327627425427039,1259304.625,0.9207826169681999
3716708.5,0.945364281064888,1294939.375,0.9185409819601621
4398281.0,0.9116120316210147,1004097.3125,0.9368366046753184
