loss,r2,loss_test,r2_test
3761175.0,0.9497279730263688,1285403.125,0.9191408643825654
3933061.0,0.9096955030006479,1436985.5,0.9096054768352373
3565897.5,0.9520063919174055,1207903.625,0.9240160311920712
3494830.5,0.9563763534147631,1181200.0,0.9256958380062527
3237350.75,0.955029142690113,1142433.5,0.9281344623221296
3143752.75,0.9467531792458335,1144105.875,0.92802927615631
3206754.5,0.9304734046594205,1187039.25,0.9253285180200104
2897490.25,0.9469290450393787,1042699.375,0.9344083095764507
2831572.75,0.9296421203712402,1024059.6875,0.9355808511392231
