loss,r2,loss_test,r2_test
22294892.0,0.9338132443892624,1256646.75,0.9209498103509705
21529012.0,0.9348174423242721,1231878.125,0.9225079041289741
21552794.0,0.9385150460630752,1189676.75,0.9251626113176865
20505190.0,0.9309517776612807,1194784.375,0.9248413101451924
