loss,r2,loss_test,r2_test
16375742.0,0.9422945046487866,1230826.125,0.9225740780258727
15918302.0,0.9430915511718527,1196009.625,0.9247642292334964
15014972.0,0.939951146248043,1157742.75,0.9271714331482066
