loss,r2,loss_test,r2_test
16942480.0,0.975916157015786,1186285.625,0.9253759246198902
