loss,r2,loss_test,r2_test
16658978.0,0.958888508936237,1205790.75,0.9241489429390025
