loss,r2,loss_test,r2_test
2793645.5,0.9863062328570107,636643.4375,0.9599515299502712
2634885.5,0.9881765235275717,619902.125,0.9610046499671909
