loss,r2,loss_test,r2_test
278003904.0,0.9663984046899232,1339986.25,0.915707294551733
111986464.0,0.9909308974929996,566108.3125,0.9643885873425325
107177056.0,0.9820126775768762,556605.5,0.9649863687264202
