loss,r2,loss_test,r2_test
232603888.0,0.9839644720145887,1327711.5,0.9164794358357372
184654224.0,0.978702657804283,1062218.0,0.933180482715997
115754408.0,0.9735722393102854,692288.8125,0.9564511158686133
