loss,r2,loss_test,r2_test
3935799.75,0.9907525388297311,1149194.875,0.9277091500601143
2274640.5,0.9876555108839101,653570.125,0.9588867445899516
