loss,r2,loss_test,r2_test
121920144.0,-0.06349204085600846,15358097.0,0.03388893290955475
6407055.0,0.9426063422209158,982118.4375,0.9382191964285963
5604341.5,0.9511447382475262,823953.25,0.9481686842035714
4480057.0,0.9611616987660381,629561.3125,0.9603970347357584
