loss,r2,loss_test,r2_test
211780208.0,0.7494708359251969,1330714.625,0.9162905257520044
91560376.0,0.8970359498387598,594750.5625,0.9625868281920706
77860304.0,0.9276422799795727,501697.625,0.9684403813707757
