loss,r2,loss_test,r2_test
37148284.0,0.9249824785804823,2193032.25,0.8620458721034225
36876424.0,0.9337899274117296,1882738.125,0.8815651277224101
36721460.0,0.9182224478314361,2331790.5,0.8533172027377128
32027134.0,0.9339473416080741,1647147.5,0.8963851154597241
25997362.0,0.9307566280869639,1518944.75,0.9044497753116868
