loss,r2,loss_test,r2_test
15883026.0,0.9055259923859341,1240562.0,0.9219616326241898
15921623.0,0.9056451140721505,1229272.75,0.9226717914275743
14290351.0,0.9261434562806371,1156669.375,0.9272389590346967
15239770.0,0.9299016495897173,1306305.125,0.9178260148860111
13872478.0,0.9281618635862123,1131205.625,0.9288407712615239
13496890.0,0.9366566111651587,1138052.375,0.928410069536431
13264604.0,0.9396218829973498,1120466.75,0.9295163083563593
