loss,r2,loss_test,r2_test
10543950.0,0.9383535566996253,1175743.5,0.9260390877868547
10840827.0,0.9381556676187469,1185323.0,0.9254364803290492
10737117.0,0.9408673027518473,1156461.875,0.9272520121092014
9332783.0,0.9472806423685716,1055420.375,0.9336080893116807
