loss,r2,loss_test,r2_test
18730884.0,0.9222467732481308,1487631.0,0.9064195995954499
18281390.0,0.873912565428231,1363977.25,0.9141981292271714
18009134.0,0.8723910822381564,1354041.25,0.9148231490860366
15623083.0,0.9046067861042774,1221588.375,0.9231551758011745
14410434.0,0.9117730565960097,1151146.875,0.9275863556050891
13731324.0,0.9117949953381788,1105984.875,0.9304272978138508
13022925.0,0.9229212978823644,1065586.25,0.9329685911353275
