loss,r2,loss_test,r2_test
14782236.0,0.9618829453373864,1220291.75,0.9232367527659938
14157430.0,0.9598329692299741,1174665.375,0.9261069020629128
15636418.0,0.9430287187015163,1279970.625,0.91948261722397
14006373.0,0.9684677115488223,1175180.25,0.9260745217317765
14060146.0,0.9556623048853914,1170421.625,0.9263738600044145
