loss,r2,loss_test,r2_test
541704512.0,0.9609711115144958,973289.8125,0.9387745732718338
345924256.0,0.9776865133862422,620274.5,0.960981227018294
318892928.0,0.9988111896690585,588026.125,0.9630098351258964
259782848.0,0.9887009655284095,472471.59375,0.9702788689919299
355094112.0,0.975723173115131,674417.5625,0.9575753242736761
259358368.0,0.9717890690610136,469420.46875,0.970470797743318
224167552.0,0.9768464891396859,418549.75,0.9736708572641513
205148784.0,0.9952222858361063,396767.71875,0.9750410662671378
188185440.0,0.9961151770871244,369296.21875,0.9767691800949688
