loss,r2,loss_test,r2_test
159227856.0,0.7929164253976504,1786287.0,0.8876324475537185
123337456.0,0.9280590073720861,1404309.125,0.9116610196949524
105166616.0,0.9287185130254785,1202404.5,0.9243619617694825
103317928.0,0.8999461108219144,1183060.125,0.9255788352058055
103547344.0,0.9344938019006415,1185380.125,0.9254328860466411
