loss,r2,loss_test,r2_test
377515616.0,0.9334190050836007,2202761.75,0.8614338306109832
370787360.0,0.9554751312805024,2333774.0,0.8531924293880266
384113792.0,0.9543761679476294,1763701.25,0.8890532248011958
279090688.0,0.9411891219635955,1784232.25,0.8877616895062146
