loss,r2,loss_test,r2_test
1187101568.0,-0.8662420065674241,14371374.0,0.0959593351160819
89625880.0,0.8524442930197406,1242003.25,0.9218709784837201
102288208.0,0.8382180029706798,1356644.875,0.9146593656498664
87872536.0,0.8014374235466432,1264757.125,0.920439624381502
