loss,r2,loss_test,r2_test
166223696.0,0.9102006063493704,1826761.875,0.8850863508129876
142049360.0,0.9181729694728078,1501818.875,0.9055270961406847
135853136.0,0.9224008128610457,1412406.5,0.9111516447425229
122266256.0,0.9221297104440782,1124261.125,0.9292776150386303
