loss,r2,loss_test,r2_test
131639216.0,0.9653551959932986,1406662.25,0.9115129907010447
138107760.0,0.954361994846149,1474146.875,0.9072678262220757
108660200.0,0.9767335321061632,1171437.25,0.9263099762333041
