loss,r2,loss_test,r2_test
147570816.0,0.9181103684714055,1642160.75,0.8966988043821615
