loss,r2,loss_test,r2_test
252082192.0,0.7779973999377279,2831735.5,0.8218678173261199
125303032.0,0.8853819410874073,1473850.375,0.907286482278699
112132184.0,0.8772298801119304,1258838.75,0.920811923722452
111808176.0,0.8734589431918189,1237235.0,0.9221709248322555
104781848.0,0.9029097479544738,1231148.375,0.9225538100249476
