loss,r2,loss_test,r2_test
89634616.0,0.9023475325617332,1274435.625,0.9198307948976403
84258272.0,0.9103435177308071,1220631.875,0.9232153618582085
84251936.0,0.9070969959605696,1206347.25,0.9241139408983288
130261184.0,0.8534688032735676,1656393.125,0.8958035063424293
79108520.0,0.9361092004536045,1176802.875,0.9259724430159041
