loss,r2,loss_test,r2_test
136062224.0,0.9048598403612435,1499942.875,0.9056451174647169
111852664.0,0.9592521108796583,1202398.25,0.9243623539880498
105979352.0,0.9678976069528308,1168708.375,0.9264816363149029
104503192.0,0.9364741521253035,1174954.625,0.9260887054979244
