loss,r2,loss_test,r2_test
202203264.0,0.6739779447256422,1484691.375,0.9066045087324607
169108416.0,0.8540571028849616,1220358.375,0.9232325605823365
