loss,r2,loss_test,r2_test
127773496.0,0.8452088540080461,1513266.125,0.9048070026128703
119339920.0,0.9558245499161446,1425590.0,0.9103223203699592
109852272.0,0.8745855010066391,1328694.0,0.9164176367317651
174594160.0,0.9704344138581804,2036033.625,0.8719219734997661
106169808.0,0.9010612722680296,1291205.875,0.9187758470149429
95844744.0,0.9152548256579873,1169045.375,0.926460436160333
