loss,r2,loss_test,r2_test
225581392.0,0.8801473437856698,2658265.75,0.8327800474270454
107802232.0,0.8962675192683873,1291340.375,0.9187673921852425
106058832.0,0.8904617952290157,1273822.0,0.9198693886665137
103131784.0,0.903109863658798,1237336.125,0.9221645542480518
98673656.0,0.9036760292013912,1199208.375,0.9245630169491773
107603952.0,0.8712839682239151,1314702.0,0.9172978083526435
