loss,r2,loss_test,r2_test
30195872.0,0.9715410262912335,1390439.125,0.9125335156616456
25896298.0,0.9802046636501868,1219882.0,0.9232625186519253
25049078.0,0.9797951468734581,1189084.875,0.9251998418131477
24223554.0,0.9784874206132473,1158264.625,0.9271386055634219
