loss,r2,loss_test,r2_test
31573322.0,0.9515371530209734,1353710.0,0.914843982807347
28904738.0,0.9510812884346039,1233264.875,0.9224206645363874
28826896.0,0.9392646134385991,1221431.5,0.9231650424819805
27878006.0,0.9479333211930012,1176725.25,0.925977335956332
