loss,r2,loss_test,r2_test
4710292.5,0.88115426682503,1349604.25,0.9151022529498973
3463300.25,0.9215555765225156,1452445.0,0.908632997742868
3593035.0,0.9133246445192738,1383786.75,0.9129519958834833
4231502.0,0.8877098814492641,1240974.25,0.9219356988749325
