loss,r2,loss_test,r2_test
27061926.0,0.9217489254491044,1225383.125,0.9229164689812377
27584284.0,0.929655317535343,1254485.0,0.921085792764414
26398640.0,0.9313178589112128,1207130.125,0.9240646970414603
24891766.0,0.9317155885034977,1147607.375,0.9278090058446771
