loss,r2,loss_test,r2_test
3841336.5,0.9356871968356888,1467012.875,0.9077165973191478
4054740.5,0.923533315983355,1273014.875,0.9199201617893031
3420323.0,0.936735420139277,1259271.375,0.9207847083533612
3503814.5,0.9311328409280094,1252794.625,0.9211921343382075
