loss,r2,loss_test,r2_test
32331110.0,0.9424970481450097,1276430.875,0.9197052806216444
32251322.0,0.9420710229339874,1249989.625,0.9213685888475583
31983920.0,0.9421206821973447,1217570.5,0.9234079411241164
30907446.0,0.944832430822438,1180547.25,0.9257369022611808
