loss,r2,loss_test,r2_test
37051208.0,0.9311162663813944,1387771.5,0.9127013291470893
33584252.0,0.9319318653627389,1252235.75,0.9212272947833309
32117824.0,0.9289618230952854,1248581.0,0.9214571916398951
32037678.0,0.9355355308518244,1228403.0,0.9227264995912965
