loss,r2,loss_test,r2_test
33005964.0,0.7101815303240924,1425331.75,0.9103385746383796
29595242.0,0.7240994345230054,1222883.375,0.9230737176124164
29707988.0,0.7293478122498334,1268937.75,0.9201766507933644
32423950.0,0.7218265596252225,1427125.5,0.9102257426519876
