loss,r2,loss_test,r2_test
2812156.5,0.9483329658003888,1398128.625,0.9120497991550581
2509993.75,0.9501831051093291,1284965.5,0.9191684098029779
2246660.0,0.9598877794312177,1238287.5,0.9221047158054905
2244644.5,0.9580865129350425,1207428.875,0.9240458991743737
