loss,r2,loss_test,r2_test
3667283.75,0.7965029899945292,1490109.875,0.9062636684094909
3399166.25,0.8162663460148106,1520323.125,0.9043630841448281
2601996.5,0.8654235525247003,1289177.5,0.9189034473584266
2848792.75,0.8519282939899641,1450906.375,0.9087297843513216
