loss,r2,loss_test,r2_test
2025062.25,0.9132431805921836,1392292.25,0.9124169534833809
1979643.75,0.9172534578616669,1312355.0,0.917445453784452
1844256.25,0.9183529082457957,1220638.0,0.9232149718604314
1794994.5,0.9231499555585665,1212182.875,0.923746838204358
