loss,r2,loss_test,r2_test
1882109.75,0.9471132945605809,1467968.125,0.9076564994842294
2537234.0,0.8963918627427714,1470419.75,0.907502282532621
1728444.5,0.9394778237519962,1269376.375,0.9201490595278687
1554758.0,0.9530746756228998,1225323.875,0.9229201968729909
