loss,r2,loss_test,r2_test
28992476.0,0.8394136900750222,1338525.25,0.9157991986271028
28366012.0,0.8155832508516665,1317106.75,0.9171465376854286
25547798.0,0.8851748293257287,1234409.375,0.9223486653726618
24219562.0,0.875923201692128,1171086.75,0.9263320193197108
24993834.0,0.8952220658125959,1228711.125,0.9227071246476537
