loss,r2,loss_test,r2_test
146882496.0,0.9083612699444646,1244004.875,0.9217450568668416
