loss,r2,loss_test,r2_test
288163968.0,0.8576899732042789,1676293.875,0.8945516327355718
