loss,r2,loss_test,r2_test
177200272.0,0.9664168550036565,1303129.5,0.9180257859172742
