loss,r2,loss_test,r2_test
148523136.0,0.5086451262780228,6882394.5,0.5670584177735991
