loss,r2,loss_test,r2_test
64759588.0,-0.9689666491079507,30992420.0,-0.949598473760606
28349480.0,0.12672272775923865,13359150.0,0.1596339064758674
