loss,r2,loss_test,r2_test
343269280.0,0.041603884092119126,14716632.0,0.07424063807299897
134599584.0,0.5729146685629213,5664040.5,0.6436997926595661
