loss,r2,loss_test,r2_test
354708480.0,0.03564711177248436,15320799.0,0.03623508996421165
341792608.0,0.06981282034629588,14761235.0,0.07143479663045982
308956544.0,0.15909900740971916,13333062.0,0.16127499573070148
143771984.0,0.6430555560587116,6102712.5,0.6161048600846061
