loss,r2,loss_test,r2_test
38158856.0,-2.643917076607349,31127028.0,-0.9580659969677743
37953120.0,-2.6025901884985134,30995084.0,-0.9497659848039177
18846304.0,-1.0562743929475795,14835392.0,0.06676993318220792
19196194.0,-2.1386997373055583,13393730.0,0.15745861594387678
