loss,r2,loss_test,r2_test
68107600.0,-1.7707402173413151,30993066.0,-0.9496391142313598
29195364.0,0.016536769903736204,15373731.0,0.03290540777361195
