loss,r2,loss_test,r2_test
280230208.0,0.11101419060981521,13507556.0,0.15029837527100776
