loss,r2,loss_test,r2_test
45510844.0,0.00617402607399864,14690492.0,0.07588501674835213
