loss,r2,loss_test,r2_test
326877984.0,0.015593314704987593,15323396.0,0.03607180198608895
313879392.0,0.058571211685663815,14702641.0,0.07512085677883473
291915104.0,0.1154257634951904,13667061.0,0.14026458516870932
