loss,r2,loss_test,r2_test
663543.5,0.9926813907463459,1277167.875,0.919658928256956
638528.0,0.994625418097577,1271401.25,0.9200216752573629
630836.3125,0.9933052263175405,1291511.875,0.9187566000491854
582661.4375,0.9935962078000751,1213294.25,0.9236769338367129
595127.875,0.9913775710475093,1153412.75,0.927443813196247
591597.5,0.9896092093659985,1084024.625,0.9318087215958143
665105.9375,0.981218761176797,979973.25,0.9383541404734507
308690.75,0.9948129686711266,767048.3125,0.9517483219724748
408071.75,0.9886943218627815,720097.9375,0.9547017660142323
