loss,r2,loss_test,r2_test
2470074.0,0.8748847976647085,1274725.75,0.9198125344195675
2259344.5,0.887970416500618,1264358.25,0.9204647175711882
1955854.125,0.9074081264114593,1270259.25,0.9200935052259198
1929456.625,0.903129505459347,1181506.75,0.9256765481301149
1681127.0,0.9223093427109733,1164378.75,0.9267539938185143
1572409.0,0.9216861533869725,1206829.5,0.9240836030845565
949515.5,0.958551286983829,953960.875,0.9399904719544077
753282.1875,0.9586741265314016,829228.3125,0.9478368523187317
758073.375,0.965566882656201,835465.25,0.9474445070304365
