loss,r2,loss_test,r2_test
28070936.0,0.9315396754673393,1214456.25,0.9236038337835968
26164574.0,0.936312713892764,1163299.25,0.9268219054415269
23449524.0,0.9423700737983361,1095038.875,0.9311158681563045
21195062.0,0.9430384856804329,1053100.375,0.9337540264319434
20757718.0,0.937295427746568,1063329.875,0.9331105352088143
15714401.0,0.965794186980457,822453.125,0.9482630508589162
12660263.0,0.9703434320138222,681194.8125,0.9571489946601414
10934426.0,0.9754622472704156,601759.0,0.962145956463414
10247855.0,0.9691911088652734,584456.375,0.9632343924173495
