loss,r2,loss_test,r2_test
1244096.0,0.9697783359579657,1380245.0,0.9131747877300613
1394541.125,0.9528761710221352,1250159.0,0.9213579263543277
1129398.125,0.9777683327480635,1285715.75,0.9191212122639352
1235739.125,0.9631886710514697,1216403.75,0.923481321164092
1167621.375,0.965533592855913,1105448.875,0.9304610187581158
1114558.125,0.9674679357425929,1131504.875,0.9288219498331652
1183819.25,0.9526270950755527,918276.1875,0.9422352403790848
466795.875,0.9943323656730527,851962.3125,0.9464067557598362
377149.0,0.9977893262291057,793424.25,0.9500891280632777
