loss,r2,loss_test,r2_test
1199787.25,0.9736613981837102,1398631.125,0.9120182000381051
1166563.375,0.9782903593021647,1411151.375,0.9112305957396799
1256560.0,0.9627889476561208,1159421.375,0.9270658400424989
1133413.25,0.9756502114788462,1177596.375,0.9259225247430609
1196917.5,0.9723655117250962,1268101.625,0.9202292389622398
