loss,r2,loss_test,r2_test
28188264.0,0.9614724560300775,1204736.125,0.9242152923777063
29128378.0,0.9392158518431708,1216322.5,0.9234864408169178
24450640.0,0.9699316020576362,1039890.125,0.9345850296738785
20166982.0,0.9774494608273318,873388.0625,0.9450589535687357
