loss,r2,loss_test,r2_test
698866.125,0.9918523808901244,1368287.875,0.9139269545185233
669888.1875,0.9930536997778883,1242412.75,0.9218452131623867
865251.6875,0.9842890451385682,1447478.125,0.9089454431943813
