loss,r2,loss_test,r2_test
2074010.5,0.9586412895965103,1231580.0,0.9225266542728128
2068833.625,0.9563282802604269,1220762.375,0.923207134791604
1607318.25,0.9701434253376333,1102791.375,0.930628177152311
1486861.75,0.9747833557264001,1130543.375,0.9288824297637678
