loss,r2,loss_test,r2_test
20741372.0,0.06829499723315813,14694513.0,0.07563206782901655
2176352.25,0.8925960135412986,1299823.875,0.9182337230026923
2391418.0,0.8576103445406842,1409328.375,0.9113452712959971
1820056.25,0.9140730573831047,1210194.125,0.9238719466341172
1588451.125,0.9386418047160672,1114834.75,0.9298705896891053
1411926.375,0.9260576601670506,1085358.625,0.9317248030133927
