loss,r2,loss_test,r2_test
31361108.0,0.9317640695889814,1251405.875,0.9212794952349808
28443160.0,0.9373136240879948,1228115.375,0.922744604689361
28285418.0,0.9334856141718337,1245575.75,0.9216462419562252
24882534.0,0.9412777356889503,1093304.125,0.9312249848460298
