loss,r2,loss_test,r2_test
141786208.0,0.977374512470749,643340.9375,0.9595302166662107
