loss,r2,loss_test,r2_test
232882656.0,0.9607587670729508,1070400.375,0.9326657719835487
111696160.0,0.9855551159584427,570394.9375,0.9641189318044723
