loss,r2,loss_test,r2_test
141468976.0,-0.1027791582059594,15331096.0,0.03558735404381186
8444753.0,0.968971347562567,1308982.125,0.9176576201086072
8137120.0,0.9728777218344993,1269978.875,0.9201111437229902
2614214.25,0.9770675476706311,739567.6875,0.953477008333687
2774949.0,0.9660664558451412,682111.875,0.9570913060800194
