loss,r2,loss_test,r2_test
37873316.0,0.9166983860872272,1526800.75,0.9039556019456685
