loss,r2,loss_test,r2_test
31537222.0,0.8839101355607157,1175861.25,0.9260316805931663
