loss,r2,loss_test,r2_test
19801808.0,0.8911896363113893,1296981.375,0.9184125382884725
