loss,r2,loss_test,r2_test
35442360.0,0.0001865578766910847,15322904.0,0.03610262159383737
2389268.75,0.9299663228076125,1277386.875,0.9196451493445428
