loss,r2,loss_test,r2_test
35417060.0,0.9470495093594562,1322993.25,0.9167762425951963
