loss,r2,loss_test,r2_test
317312960.0,0.18510284670694188,12324303.0,0.22473163862617784
40346804.0,0.935846128360977,1614275.5,0.8984529416594479
32058554.0,0.9391747413327168,1332795.0,0.9161596551373179
29073602.0,0.9488712677894011,1229885.375,0.9226332516122274
28810410.0,0.949350266163021,1213867.0,0.9236409042050534
30810004.0,0.9457920820495355,1280908.25,0.9194236297771536
26255268.0,0.9596221941239592,1111363.75,0.9300889273437597
