loss,r2,loss_test,r2_test
46310516.0,0.9292058383512835,1479987.625,0.9069004034938295
46134052.0,0.9180203068108016,1339733.5,0.9157231912041801
40780920.0,0.9380888126629476,1217376.0,0.92342016351163
40070176.0,0.9388506215260997,1184499.875,0.925488267642654
43551984.0,0.9348019659815917,1376140.0,0.9134330105746136
38855216.0,0.9412446353088564,1144050.75,0.9280327355783371
40130260.0,0.9420218510071845,1248008.125,0.9214932341976054
