loss,r2,loss_test,r2_test
33547830.0,0.9539580337347037,1376252.375,0.9134259346354904
36537728.0,0.9367166520030474,1533311.25,0.903546060863547
29303118.0,0.956405627520315,1208760.0,0.9239621534816829
29224954.0,0.9557694674436986,1222652.0,0.9230882754559762
28883086.0,0.9570622146430924,1202316.875,0.9243674684885034
32353094.0,0.9533451661761766,1291916.5,0.918731155842875
31962378.0,0.9544065799936743,1281217.625,0.9194041649895927
28164960.0,0.9592583386249779,1182906.25,0.9255885089647558
28214026.0,0.958871223375185,1191894.75,0.9250230760117212
