loss,r2,loss_test,r2_test
308654208.0,0.8309463058955386,1672630.0,0.8947821092436061
271141824.0,0.8983659207537091,1495566.75,0.9059203995119544
