loss,r2,loss_test,r2_test
241404448.0,0.950703241930024,1264783.75,0.9204379489729556
199141840.0,0.9720240154568255,1101392.5,0.9307161880842021
