loss,r2,loss_test,r2_test
254903344.0,0.8477485163042676,1381158.875,0.9131173125483544
