loss,r2,loss_test,r2_test
272081216.0,0.8495173901938121,1232701.25,0.9224561286860617
246320496.0,0.8528126326505596,1177382.625,0.9259359808833784
