loss,r2,loss_test,r2_test
212757888.0,0.9526298427343725,1250705.875,0.9213235330245702
