loss,r2,loss_test,r2_test
7901254.5,0.9514239925778524,1292140.875,0.9187170334006637
