loss,r2,loss_test,r2_test
361262848.0,0.8524291484321462,2242382.25,0.8589414858303799
