loss,r2,loss_test,r2_test
124734160.0,0.9697560023743372,490440.65625,0.9691485093429107
103349568.0,0.9819050835987002,425510.0625,0.9732330084193219
101290456.0,0.9816583210881864,430621.625,0.9729114680045362
93265136.0,0.9869785535880922,421555.34375,0.9734817866951235
