loss,r2,loss_test,r2_test
160891680.0,0.9601862094178942,610429.625,0.961600523523527
98684952.0,0.9750768316664582,424928.78125,0.9732695770640374
97660664.0,0.9734306766608174,421311.25,0.973497139295087
79433624.0,0.9828006233163086,373929.0625,0.9764777482077308
