loss,r2,loss_test,r2_test
109969080.0,0.824714456202838,1170194.0,0.9263881848771776
50634176.0,0.9425664181654321,571883.8125,0.9640252739197183
38668716.0,0.966343394541663,462612.75,0.9708990409276703
