loss,r2,loss_test,r2_test
105522432.0,0.9427519576278909,1190022.25,0.9251408713553947
83601464.0,0.9681925252597778,1053734.375,0.9337141513987334
56384404.0,0.9700175217856837,774657.125,0.9512696915270791
51333840.0,0.9648252583102683,663860.5625,0.9582394183355479
50030672.0,0.9692603753206139,670873.4375,0.9577982645077371
33223396.0,0.9862544819451229,483327.9375,0.9695959404856477
