loss,r2,loss_test,r2_test
107554936.0,0.8965531786233208,1246200.75,0.9216069230016362
56557012.0,0.9462338590629372,724264.3125,0.9544396833508852
49908564.0,0.952181717438701,695085.75,0.9562751760055014
