loss,r2,loss_test,r2_test
44235000.0,0.9610712758291022,545482.25,0.9656860805520487
38927024.0,0.9731772312077942,509185.53125,0.9679693528295635
38010852.0,0.9569877237519598,522139.5625,0.9671544645210662
