loss,r2,loss_test,r2_test
104616392.0,0.9534754421837022,1053812.125,0.9337092529351665
80955664.0,0.9624869688098749,840362.125,0.9471364744004613
73650544.0,0.9404583895276584,713325.4375,0.9551277945901474
49512792.0,0.947610133557423,478087.75,0.9699255790946859
52001896.0,0.9594110808616526,525784.4375,0.9669251842691305
