loss,r2,loss_test,r2_test
56995372.0,0.9922334758102475,750223.0625,0.9528067246765197
58305840.0,0.9799706054489135,755853.6875,0.9524525240405509
53345108.0,0.9543040263258901,737472.25,0.9536088254938675
46824848.0,0.9689437157508213,679209.6875,0.957273873664474
42572508.0,0.9595105282796552,644173.0625,0.9594778713410512
