loss,r2,loss_test,r2_test
56021904.0,0.97439435666197,1224360.625,0.9229807872506974
57378048.0,0.9780481568817121,1273173.375,0.9199101968192942
52321304.0,0.9773466310496732,1174372.375,0.9261253332470447
50813648.0,0.9735184588053455,1153863.0,0.9274154932444647
48114964.0,0.9756573423408226,1102390.875,0.9306533748269381
46366692.0,0.9700709165831966,1079336.875,0.932103608114031
45234660.0,0.9823487599214172,1022498.625,0.9356790502938466
38758476.0,0.9840752821116386,903104.1875,0.9431896385075501
35172136.0,0.9800922793759489,854363.0,0.9462557322188021
