loss,r2,loss_test,r2_test
63908512.0,0.9580006411239135,1390607.625,0.9125229135158153
56782712.0,0.9650129027181104,1220441.875,0.9232273047979704
73784752.0,0.9445499390834156,1614119.375,0.8984627557995132
53864788.0,0.9608074021882198,1172130.125,0.9262663892061037
50755412.0,0.9717304822855837,1108191.125,0.9302885115052475
48906172.0,0.9624496717324343,1086277.625,0.9316669934718221
43155928.0,0.9690608962150398,972467.5625,0.9388262886749698
42915440.0,0.9705532026483369,982556.375,0.9381916528390692
33972392.0,0.9707088615051169,814326.0625,0.9487742909588356
