loss,r2,loss_test,r2_test
46666292.0,0.9225190282112546,1255638.25,0.921013253387444
47736972.0,0.9215809135717001,1293115.125,0.918655743151982
58106680.0,0.9084319365962449,1536429.0,0.9033499329077493
43806040.0,0.9274946680167866,1206746.0,0.9240888491406356
41871356.0,0.9278824844530862,1158673.375,0.9271128953069593
37806972.0,0.9349667619292004,1059082.0,0.9333777566243354
34410440.0,0.937880545760521,974700.375,0.9386858297086276
32536076.0,0.942978629640188,937535.4375,0.9410237244529187
34083228.0,0.9486677922188875,970738.5,0.9389350573413698
