loss,r2,loss_test,r2_test
43697220.0,0.94012039025082,1275022.75,0.9197938607519857
41924244.0,0.9274398774125856,1212186.75,0.9237465990864366
40570560.0,0.9437815868938322,1198463.25,0.9246098835938632
47491844.0,0.9059623847170013,1297619.625,0.91837239482111
39781060.0,0.9572137610778648,1202038.125,0.9243849997852638
34471352.0,0.9502382441417717,1046776.875,0.9341518180072949
32842994.0,0.9619887920324576,1021823.75,0.9357215052401652
34618376.0,0.9665690179423307,1057221.875,0.9334947693452145
29880828.0,0.949643064880055,895543.3125,0.9436652571288429
