loss,r2,loss_test,r2_test
670601024.0,0.7432028678270588,1112025.625,0.9300472938795284
