loss,r2,loss_test,r2_test
773554112.0,0.9168096398725282,1173969.25,0.9261506873967719
