loss,r2,loss_test,r2_test
183654000.0,0.9309008106564849,1327684.125,0.9164811538802364
154721856.0,0.9380732244411555,1149375.125,0.9276978092268505
144697936.0,0.9389050308862512,1052097.75,0.9338171063323364
128972992.0,0.9497056935889595,930692.0625,0.9414542057082652
103176448.0,0.9589787219896856,759979.625,0.9521929825675269
86645376.0,0.9626868191548517,659358.4375,0.958522626521448
70107416.0,0.9717175612227784,544142.5,0.9657703606034422
64869812.0,0.9724869503750404,507089.8125,0.9681011825574601
65996648.0,0.9720219448055426,517339.59375,0.9674564163649974
