loss,r2,loss_test,r2_test
260977392.0,0.8843583255041276,1599178.75,0.8994026061362885
189006592.0,0.9091122543046368,1203573.625,0.9242884126451109
177338336.0,0.9107027841537964,1199858.75,0.9245220916320651
151638032.0,0.9260186557369486,1036515.875,0.9347972869897507
114067104.0,0.9447831905173955,800198.125,0.9496630131825865
86429584.0,0.9639121972846229,619171.125,0.961050634579455
72908464.0,0.9723879911648732,551381.6875,0.9653149755569873
70813144.0,0.9745996156366755,534452.375,0.9663799212342588
66848196.0,0.9711764973240702,522569.90625,0.9671274000727083
