loss,r2,loss_test,r2_test
200747488.0,0.9194425739524209,1410996.75,0.911240326842664
184210032.0,0.9269665169546375,1298543.375,0.9183142797154655
125279416.0,0.9398150244653548,905469.9375,0.9430408230081415
89870608.0,0.9583731264156078,667103.1875,0.9580354322708539
69010112.0,0.9595749374488652,527222.0,0.9668347539569352
