loss,r2,loss_test,r2_test
633266880.0,0.8855811242602427,1188056.5,0.9252645248200116
344756672.0,0.9510499662434333,628430.75,0.960468151198349
179480064.0,0.9836580274338176,373625.75,0.9764968270694492
177268224.0,0.9900744912431486,387903.75,0.975598663039843
175141648.0,0.969542323730987,374402.34375,0.9764479741952476
