loss,r2,loss_test,r2_test
2212632.0,0.9699368069004904,1153380.875,0.9274458175328549
