loss,r2,loss_test,r2_test
167430912.0,0.9636619565712797,1119375.75,0.929584940246641
75044088.0,0.9262592623813308,570547.4375,0.964109338716218
73504968.0,0.9182049603945278,576999.375,0.9637034745757928
74488512.0,0.9368996955952291,582562.0625,0.9633535476614232
61450216.0,0.929865485788655,494646.625,0.9688839325615729
