loss,r2,loss_test,r2_test
88903944.0,0.9199047150641871,1271093.5,0.9200410332903897
84824248.0,0.9302115875073901,1206698.625,0.924091837733316
69298912.0,0.9475726698941034,997999.8125,0.9372201684978837
70590256.0,0.9298659852433453,1046637.25,0.9341606033369481
57196360.0,0.9408804075870308,857658.0,0.9460484643870022
