loss,r2,loss_test,r2_test
60107204.0,0.9666712077825594,1254772.75,0.9210677007103133
80826224.0,0.9249116746616778,1620537.125,0.8980590596357546
58939616.0,0.9533018171928742,1220788.125,0.9232055152682164
41234256.0,0.9649570325858315,879905.125,0.9446489946991031
21362432.0,0.9854849644542885,498925.40625,0.9686147734174699
