loss,r2,loss_test,r2_test
44783444.0,0.9510808047442664,1042420.4375,0.9344258622035224
28558604.0,0.9677478968036171,682686.25,0.9570551704132345
23553272.0,0.9718819197620924,589259.0625,0.9629322746619524
28639448.0,0.9747523739567278,662826.75,0.9583044481476897
