loss,r2,loss_test,r2_test
28528166.0,0.9688888413493078,592555.6875,0.9627248979450903
26752958.0,0.9773532729343037,573154.125,0.9639453622380791
