loss,r2,loss_test,r2_test
79019152.0,0.9379588437051048,1413576.875,0.9110780218732356
48228708.0,0.9702207878894081,852035.375,0.9464021489002078
38355684.0,0.9782598621640469,704457.875,0.9556856172738578
23441616.0,0.9822292304715459,502919.125,0.968363547025401
23910158.0,0.9760673480252477,473954.15625,0.9701856033983611
