loss,r2,loss_test,r2_test
72038384.0,0.89667004318351,1277782.125,0.9196202835279867
47928176.0,0.9422169312033137,893842.4375,0.9437722588602246
23993768.0,0.9761813181405209,503081.15625,0.9683533513496158
25477508.0,0.9827789913539396,533177.9375,0.9664600905139105
20560042.0,0.9801035777107847,458838.9375,0.9711364368294522
