loss,r2,loss_test,r2_test
120306672.0,0.8756711233592105,1276297.25,0.9197136884186838
