loss,r2,loss_test,r2_test
74884448.0,0.9303738210836986,1087371.5,0.9315981907258692
