loss,r2,loss_test,r2_test
153858528.0,0.9771185569905069,1653939.25,0.8959578785289258
