loss,r2,loss_test,r2_test
143941040.0,0.7849627169982167,1372628.5,0.9136539056665117
141707520.0,0.6513746902744912,1391268.625,0.9124813404002026
120904184.0,0.7616264124871397,1131856.0,0.9287998632024883
