loss,r2,loss_test,r2_test
149698336.0,0.9111489172493441,1185205.625,0.9254438720753554
