loss,r2,loss_test,r2_test
195243472.0,0.357246124697966,1840430.75,0.8842264928805983
114954216.0,0.9082243494702548,1087125.25,0.9316136779306733
137634448.0,0.8670475437782335,1423917.0,0.9104275816702236
