loss,r2,loss_test,r2_test
255088032.0,0.9325230093638203,2164702.5,0.8638279665739927
171589008.0,0.9631757142250987,1222363.5,0.923106429717594
168396448.0,0.9656687882181257,1210249.125,0.9238684851083521
191804624.0,0.9735044528001955,1555137.5,0.9021730619157622
152585264.0,0.9723039876781537,1097839.625,0.9309396769714361
