loss,r2,loss_test,r2_test
158847696.0,0.9092469877521439,1097377.5,0.9309687440774389
