loss,r2,loss_test,r2_test
145035008.0,0.9288855173538729,1335450.75,0.9159926002966284
