loss,r2,loss_test,r2_test
111769168.0,0.9043017862116594,1140442.125,0.9282597464875672
116229208.0,0.9287401404086315,1156254.125,0.9272650742003421
