loss,r2,loss_test,r2_test
66340296.0,0.9942197494234927,504137.8125,0.9682868815233391
90352480.0,0.9914093809268945,609381.0,0.9616664913534241
45386376.0,0.998397986556305,414457.3125,0.9739282958353844
45297100.0,0.9964042357541353,403052.3125,0.9746457315049686
42255504.0,0.9974911456656742,415818.1875,0.9738426874083895
42815472.0,0.9951415030792083,413861.03125,0.9739658018781124
