loss,r2,loss_test,r2_test
6033353.5,0.9378352390397788,1309844.125,0.9176034093902254
2739442.75,0.9892622437557699,850365.375,0.9465072136068823
2030783.25,0.9896841740072746,694073.8125,0.9563388301600481
1872198.75,0.9900132156574841,721793.4375,0.9545951121832161
1334461.625,0.9903971457842234,669262.625,0.9578995965299186
1162975.625,0.9881698543824489,594411.8125,0.9626081368608468
1281234.375,0.9924710463429576,545406.75,0.9656908309530512
1632383.25,0.9837869048214078,577250.9375,0.9636876546807245
1101790.875,0.9826220619971371,626273.4375,0.9606038592922731
