loss,r2,loss_test,r2_test
81467000.0,0.9056694336822312,737220.0625,0.9536246912117418
43597312.0,0.9951815249660405,473920.3125,0.970187730979835
43043712.0,0.9857169188322654,534792.1875,0.9663585475816681
32264096.0,0.9919320122372466,466117.71875,0.9706785592195183
27161420.0,0.98995681307588,467938.4375,0.9705640264915086
23234896.0,0.9985146951223487,432215.5625,0.972811198445964
