loss,r2,loss_test,r2_test
3529209.5,0.8744274525214183,1313526.25,0.9173717663523502
3697346.75,0.8395575551360621,1483454.25,0.9066823360170879
2789967.5,0.9010488197218651,1271820.625,0.9199952884897844
2170764.75,0.9315081829267366,1195412.75,0.9248017841716216
1542209.5,0.9489579142302718,957192.625,0.9397871726679912
1205807.875,0.9284053959995168,1071046.875,0.9326250947469573
1099998.0,0.922393616023989,1074142.875,0.9324303426052931
609815.1875,0.9729818857427083,751636.75,0.9527177972689221
729110.375,0.9700492316038186,692680.125,0.9564264996593018
