loss,r2,loss_test,r2_test
48185240.0,0.9326562742729559,1142000.125,0.9281617321690347
47446116.0,0.9255368793232669,1131782.125,0.9288045065624243
41879508.0,0.9626490069807935,1000597.8125,0.9370567414361066
31499602.0,0.9588260019353524,768661.125,0.9516468719036448
20770372.0,0.9659028061242237,544707.125,0.9657348441420629
17146744.0,0.9871963296885272,481817.59375,0.9696909491310748
15087811.0,0.9861310365413383,441617.3125,0.9722197735172021
14517719.0,0.9780334178712248,450046.1875,0.9716895491507244
13231919.0,0.9905036015388984,429398.0,0.9729884353206826
