loss,r2,loss_test,r2_test
3210044.25,0.9017521285017612,1390221.875,0.9125471810244504
2609916.0,0.9244534988866513,1194878.25,0.9248354092783974
2357568.25,0.924822686456807,1119112.5,0.9296014987805318
1932337.75,0.9378871184428124,946400.9375,0.9404660187681667
1428416.0,0.9494924588525027,666883.4375,0.9580492565320136
1128669.5,0.9617560476340624,604280.0625,0.9619873648143886
931998.875,0.969172095387066,567702.0,0.9642883361681596
1285026.75,0.9596910094036364,710959.8125,0.9552766099169764
850338.5,0.9777523622843746,562743.25,0.9646002680315312
