loss,r2,loss_test,r2_test
3875679.0,0.9506690504054126,1459615.5,0.9081819325913056
3322741.5,0.9572497001877001,1286169.625,0.9190926580587885
2375677.75,0.9728769790337131,1174414.125,0.9261227061169104
1524652.75,0.976488807264821,982891.9375,0.9381705395033139
1226272.25,0.9802502671743766,734754.875,0.9537797648798365
917474.375,0.9840435238474438,566682.875,0.9643524446400572
924998.75,0.9811583364489996,610600.0625,0.961589802699016
655088.5,0.9865924515678567,497329.15625,0.9687151842525862
557011.75,0.9891321782352125,504047.09375,0.9682925881960158
