loss,r2,loss_test,r2_test
45993232.0,0.9486226331858116,1188086.25,0.9252626627265872
41967452.0,0.953526598077132,1091141.875,0.9313610094259368
33038414.0,0.9696317909185642,867461.8125,0.9454317440029232
31979606.0,0.9696576176690916,845692.375,0.9468011761728199
17947406.0,0.9830024658008198,523765.65625,0.9670521820341097
15254358.0,0.9861754637379357,468221.625,0.9705462118483009
14951562.0,0.9852674222447572,501178.21875,0.968473053556744
13129078.0,0.9878856860536155,440878.6875,0.9722662368027537
12913655.0,0.9882945040627831,435438.15625,0.9726084800986106
