loss,r2,loss_test,r2_test
2605028.75,0.9421437676729733,1352025.375,0.9149499564550803
2219318.75,0.9558677943499162,1282013.625,0.9193540950373842
1869565.5,0.9659816233181764,1304953.75,0.9179110305480633
1398440.0,0.9734043122175462,1094245.625,0.9311657605477069
812371.0,0.9852798319703332,677906.125,0.957355870687741
380839.96875,0.9937939623594568,719440.1875,0.9547431463151022
360681.125,0.9917662468587928,619128.8125,0.961053297912362
348727.75,0.9890840458586778,621303.0,0.9609165259115873
316100.84375,0.9924491140667371,851694.4375,0.9464236056876839
