loss,r2,loss_test,r2_test
49771604.0,0.9772804186623572,1154646.25,0.9273662242466867
46946736.0,0.9733745234812866,1070235.75,0.9326761181882326
49571384.0,0.9714506270749187,1210315.0,0.9238643450669713
25574568.0,0.9790443481261264,611016.5,0.9615636101261404
19928688.0,0.9839905864912178,517098.5625,0.9674715784766124
19696424.0,0.984403809515309,551587.6875,0.965302014237754
21719886.0,0.9764453769567478,578039.0,0.9636380812251513
15837591.0,0.9860222597312137,464432.65625,0.9707845611936529
15985619.0,0.9878461618878509,475103.6875,0.9701132954358457
