loss,r2,loss_test,r2_test
29526776.0,0.988698455091729,546589.8125,0.965616410006491
25251456.0,0.9866427864001313,468541.5,0.9705260910361639
24139116.0,0.9889993921476399,506434.15625,0.9681424283353178
33598916.0,0.9780894182469321,645657.125,0.9593845193401134
22550354.0,0.9864018787564404,512787.84375,0.9677427452261699
