loss,r2,loss_test,r2_test
62030748.0,0.9388562736429223,789380.6875,0.9503434881858482
20818640.0,0.965241743198685,487848.875,0.9693115471254624
