loss,r2,loss_test,r2_test
83072096.0,0.912434449182522,1037843.1875,0.934713800013516
37306952.0,0.9693904228377349,634142.0625,0.960108880378679
30197770.0,0.9798542314766517,535822.0625,0.9662937616104315
