loss,r2,loss_test,r2_test
40609124.0,0.9624116146396178,527144.6875,0.9668396193929936
41862224.0,0.9687688730749786,551146.5,0.9653297680176689
47741580.0,0.941491143345868,655561.4375,0.9587614807421996
32134076.0,0.9519989324925288,515580.0,0.9675671044897405
26014138.0,0.9714909132864809,452130.875,0.9715584107773566
