loss,r2,loss_test,r2_test
25913936.0,-0.09836697717141574,15063272.0,0.052435027085937946
7442155.5,0.6440277116042412,4928999.5,0.6899380609182295
