loss,r2,loss_test,r2_test
38766648.0,0.06062943825543543,14662149.0,0.07766801113753963
11033514.0,0.7690946207411787,4557890.0,0.7132829489436185
