loss,r2,loss_test,r2_test
109534224.0,-1.0083891504626394,31082024.0,-0.9552350514571577
107477200.0,-0.9729066036455132,30456322.0,-0.9158748150714651
14173298.0,0.6867841937807033,4414070.5,0.72232998353641
7049899.0,0.8020212400142365,1632329.125,0.89731727019723
