loss,r2,loss_test,r2_test
103016032.0,-0.6717695792215084,31079786.0,-0.9550943692995697
101119288.0,-0.6401257025715865,30458718.0,-0.9160258199413926
51888920.0,0.014022201159931691,14844183.0,0.06621688910218815
14160418.0,0.7179953697565815,4350886.0,0.726304661208393
4578959.0,0.915424324226472,1577305.75,0.9007785499166909
