loss,r2,loss_test,r2_test
100877688.0,-0.963202133776432,30464614.0,-0.9163964787939447
7313831.5,0.9203375165833604,1778943.5,0.8880943950219009
