loss,r2,loss_test,r2_test
70032576.0,0.912876430900763,1585574.25,0.9002584053504007
58266912.0,0.9582576493998525,1338533.125,0.915798707456194
