loss,r2,loss_test,r2_test
90315360.0,-0.9545111097054844,30460192.0,-0.9161183275384379
10745686.0,0.7909272516180654,4588118.5,0.7113814014560972
3637785.5,0.9211291815048709,1688872.125,0.8937603915914236
