loss,r2,loss_test,r2_test
201364304.0,0.9416856753354133,405450.9375,0.9744948412718348
