loss,r2,loss_test,r2_test
109708496.0,0.9744012035059452,438219.78125,0.9724334948758286
93358048.0,0.9757319303545952,387715.5,0.9756105045464357
