loss,r2,loss_test,r2_test
7385180.0,0.9791195362795547,456719.90625,0.9712697353215568
