loss,r2,loss_test,r2_test
127306184.0,0.8895332665239315,1480312.125,0.9068799898129306
