loss,r2,loss_test,r2_test
97995984.0,0.9087528875306345,1265967.125,0.9203635096023324
