loss,r2,loss_test,r2_test
169482016.0,0.9081881335627391,1491868.375,0.9061530439734832
186812176.0,0.9003852281772486,1538774.75,0.9032023634706543
