loss,r2,loss_test,r2_test
234020976.0,0.6242623688848692,2684071.5,0.8311567333209773
