loss,r2,loss_test,r2_test
229727328.0,0.07312125555926219,14795007.0,0.0693103654869408
