loss,r2,loss_test,r2_test
217960048.0,0.0023253406651578823,15226392.0,0.04217383499659866
211634464.0,0.017204043666051883,14801225.0,0.06891930751903386
33099700.0,0.847357109419042,2257627.0,0.8579825091030872
