loss,r2,loss_test,r2_test
200294048.0,0.0947425358957732,14084101.0,0.114030445809018
179756880.0,0.19248179218785155,12620249.0,0.20611496779321503
90501472.0,0.5931392907047672,6361494.5,0.5998260134208668
43382980.0,0.8516958868554141,3009350.75,0.8106948307859789
21472290.0,0.9590078114018605,1414128.875,0.9110432970410268
