loss,r2,loss_test,r2_test
206915504.0,-0.008682974392696163,15193212.0,0.04426106670466645
45495260.0,0.7615268729376883,3108616.0,0.8044504599325208
28002498.0,0.8315375580412979,1784171.125,0.8877655532146619
