loss,r2,loss_test,r2_test
182933696.0,0.18037640305774538,12749610.0,0.19797741408377745
27676800.0,0.8545493239746768,1787452.375,0.8875591437811953
20807632.0,0.9135502349934803,1382046.25,0.9130614734948412
