loss,r2,loss_test,r2_test
196411904.0,0.06981646486017934,14771329.0,0.07079979284725912
185652960.0,0.11634380787509324,13992027.0,0.11982239277746809
80750672.0,0.5898772670236284,6257916.0,0.6063416599707605
22519700.0,0.8919372838215277,1786328.875,0.8876298075921764
