loss,r2,loss_test,r2_test
213613776.0,0.08115828463955654,14716954.0,0.07422034097766206
126326064.0,0.49300494740290857,8599449.0,0.45904599031656146
45515912.0,0.7561344889192751,2986149.25,0.8121543400483885
