loss,r2,loss_test,r2_test
74293912.0,0.8273624286016751,4042401.25,0.7457101267475968
65849480.0,0.8741548834554456,3043988.25,0.8085159213854257
62209564.0,0.8937908614361892,2253957.75,0.8582133083316207
