loss,r2,loss_test,r2_test
803435136.0,0.0683006012429962,14640150.0,0.07905182876999373
76071808.0,0.9802999800048722,1306678.25,0.9178025464488143
81127696.0,0.9636555868910524,1358415.0,0.9145480223856252
68867144.0,0.9816329717995294,1196063.0,0.9247608767659504
72908304.0,0.9723912631366881,1239626.75,0.9220204637688569
