loss,r2,loss_test,r2_test
620480128.0,0.0921763849832925,10922951.0,0.3128846734538058
73201112.0,0.9398483309541592,1349618.375,0.9151013708593865
68759920.0,0.9361553813132902,1274102.0,0.9198517854107523
68366552.0,0.9335744990139283,1265311.5,0.9204047507865215
84750224.0,0.937442987933002,1506887.375,0.9052082715278567
66521968.0,0.9401332402182143,1213770.875,0.9236469491596684
76390456.0,0.9417564384135799,1353793.25,0.9148387420051958
