loss,r2,loss_test,r2_test
765459328.0,-0.044733874541080354,15184107.0,0.044833904748121434
61958080.0,0.9257980434201951,1341079.5,0.9156385220715892
59818160.0,0.9275609557391319,1311668.875,0.9174886127933737
55796176.0,0.9327556082854054,1248326.375,0.9214732058993632
56064452.0,0.9316227142931232,1280666.5,0.9194388294538853
