loss,r2,loss_test,r2_test
74703832.0,0.9353658861318459,1229941.0,0.922629764586249
