loss,r2,loss_test,r2_test
88453928.0,0.9687881552371657,1341092.125,0.9156377197808558
83054416.0,0.9526183661245592,1229510.375,0.9226568483939069
80155640.0,0.956631581192583,1187177.875,0.9253197931990104
