loss,r2,loss_test,r2_test
55152788.0,-0.10946584500552281,16060534.0,-0.010298438980215652
3837283.5,0.9916892620372287,1252184.375,0.9212305224148575
3829952.0,0.9952497409605583,1226102.875,0.9228711955105479
1953682.375,0.9373158703043813,857423.8125,0.946063195283233
1276159.5,0.9793141096640146,713643.125,0.9551078125298541
