loss,r2,loss_test,r2_test
203192880.0,0.9276695583543646,1489448.875,0.9063052412242129
63407108.0,0.9831920755926279,609158.25,0.9616804997689042
