loss,r2,loss_test,r2_test
120870008.0,0.9210336958748602,990050.9375,0.9377201971354457
71808144.0,0.9641430970792968,696562.625,0.9561822743727679
58813192.0,0.9808641074124678,596097.5,0.9625020939924718
