loss,r2,loss_test,r2_test
96828304.0,0.0027416478885862183,15170222.0,0.04570729721866895
5282499.5,0.9831577980266724,1216543.0,0.9234725721587025
3656964.5,0.9886558009851817,1068128.625,0.9328086671220883
3614447.5,0.986242890876923,1050151.375,0.9339395423916188
2414229.75,0.9874931623214054,877442.3125,0.9448039137907686
