loss,r2,loss_test,r2_test
74103544.0,-0.0998855127188536,15251754.0,0.04057833425553581
3396316.5,0.9718889293538177,1093163.625,0.9312338316419743
3251788.0,0.9802075913177032,1003322.0,0.9368853769949419
1328327.875,0.97299519276753,758426.125,0.9522907064127635
