loss,r2,loss_test,r2_test
6650423.5,0.9406122554393107,1369491.75,0.9138512293264741
4653842.0,0.9690388539016549,1159342.125,0.9270708303911004
3813763.75,0.9724315604481496,1086502.5,0.9316528466047542
2801863.25,0.9799326513093871,877308.3125,0.9448123485248283
2546491.5,0.9834183800831557,757310.75,0.9523608757440938
