loss,r2,loss_test,r2_test
104952192.0,-0.0015660170518145833,15157868.0,0.0464844131886486
7795422.5,0.9337102483827544,1380136.875,0.9131815950493525
5566188.0,0.941700116351228,1108330.375,0.9302797490538198
2921406.5,0.9612653792403675,666617.6875,0.958065977778064
