loss,r2,loss_test,r2_test
112768440.0,0.9564921113909479,1176163.5,0.9260126670698917
141208672.0,0.944572061580135,1443995.5,0.9091645220533017
90709096.0,0.9567941346859967,962175.5625,0.939473718122516
71257440.0,0.9681145455298701,793074.5,0.9501111311385226
72631888.0,0.9319960845061288,766785.5625,0.9517648513374817
56318048.0,0.9838214557225654,617979.3125,0.9611256092847711
56426960.0,0.9566309820191659,590653.625,0.9628445455462223
59205476.0,0.952223099116186,607572.5625,0.961780251366309
91455560.0,0.9722741813958065,962801.5625,0.9394343336092621
