loss,r2,loss_test,r2_test
6611633.0,0.9594716241452612,1273580.375,0.9198845962602944
6479103.0,0.9630644281755405,1219653.625,0.9232768939624307
5967101.0,0.9627192542022192,1157804.375,0.9271675547899103
5594481.0,0.9510775612393408,1174168.625,0.9261381573793629
4026737.75,0.955635669458033,899433.625,0.9434205384138323
3005191.75,0.965210629370572,706041.875,0.9555859766573988
2290101.25,0.9661559114655109,593381.875,0.9626729218596731
2140473.5,0.9587296890139284,559149.0,0.9648263671166021
1976237.75,0.9583334670033896,515396.34375,0.9675786545943007
