loss,r2,loss_test,r2_test
4055602.25,0.9652649754593963,1267223.25,0.9202844898377706
3869484.25,0.9749278915804689,1218076.25,0.9233761259351682
3423558.5,0.9787712131879037,1144170.25,0.9280252180589439
2912722.0,0.9814947366048754,1030546.9375,0.9351727741133807
1894044.0,0.9813858595183833,858928.5,0.945968540171081
1290104.0,0.9827249190893974,774104.375,0.9513044546467795
1247157.375,0.9706208826298959,628232.875,0.9604805999893891
1030849.8125,0.973806557348619,629928.6875,0.9603739222976869
1124731.5,0.9860232594135913,740576.125,0.9534135783902034
