loss,r2,loss_test,r2_test
3910952.0,0.9475225939023678,1332033.0,0.9162075931988078
4198483.5,0.9128354808919409,1327706.75,0.9164797405575451
3203839.75,0.9443285701648196,1209031.375,0.9239450852758985
2651640.5,0.9490948272492101,1081856.75,0.9319450938753676
2166201.75,0.9569957183611263,946546.5625,0.9404568710683416
1863072.5,0.9711154209270044,752125.125,0.9526870768653827
1605925.0,0.9730674646663408,650547.1875,0.9590769017112404
1507568.375,0.9808966082050091,619328.5625,0.9610407319674887
1415997.5,0.977939566763975,569383.4375,0.9641825649580393
