loss,r2,loss_test,r2_test
75511656.0,0.9453227070561306,1313319.125,0.9173848065889492
77284680.0,0.9041725420690861,1207556.125,0.9240379011018643
82172720.0,0.8447457154238369,1264500.5,0.9204557743184467
59139248.0,0.8783750414985658,945591.125,0.9405169760388417
41417868.0,0.9383068049896879,744446.1875,0.9531701248330652
31370124.0,0.9627979478883296,615350.125,0.9612909968309294
29536104.0,0.9498048064829574,591728.4375,0.9627769365312295
26466100.0,0.980188836486587,547804.5,0.9655400017945621
26015518.0,0.9603080918386822,511655.34375,0.9678139864755629
