loss,r2,loss_test,r2_test
8330882.0,0.9377837946779817,1096194.375,0.9310431757604075
