loss,r2,loss_test,r2_test
195619280.0,0.9558586889356987,1010460.6875,0.9364363090254348
166443568.0,0.965913893303941,881432.875,0.9445528830791595
129457816.0,0.9680536807237501,646440.8125,0.9593352143310475
