loss,r2,loss_test,r2_test
242613776.0,0.9741355415051024,1136121.125,0.9285315577045665
222802848.0,0.9672730150902074,1050217.125,0.9339354052000295
157481472.0,0.969719954137465,728964.4375,0.9541440153961201
116937920.0,0.9799098902017572,571620.6875,0.9640418237082432
