loss,r2,loss_test,r2_test
8478185.0,0.9878762567822074,1068304.625,0.9327975970551381
4481641.0,0.99188478812383,850860.25,0.9464760817486121
