loss,r2,loss_test,r2_test
192560512.0,0.9165337776198069,1065814.125,0.9329542643037912
124912904.0,0.9368039113782072,706295.25,0.9555700408506509
