loss,r2,loss_test,r2_test
49568908.0,0.8630670823794685,1133354.625,0.9287055891590235
32136572.0,0.9107313654209097,743560.0,0.9532258735796102
23840828.0,0.9626588951405919,585362.4375,0.9631773948423713
20021332.0,0.9825323246112859,524894.3125,0.9669811830666928
13759030.0,0.9929244115380969,430944.1875,0.9728911719282414
12597498.0,0.9914090711328518,436438.84375,0.9725455292920594
11149872.0,0.9912899296026054,454382.59375,0.9714167665278871
10633832.0,0.9939940103857886,395204.0,0.9751394329329554
10625340.0,0.9823444093152689,452135.0,0.9715581516538014
