loss,r2,loss_test,r2_test
5004802.5,0.895045423480802,1359654.625,0.9144700335222112
3512825.0,0.9564156402974514,1589966.5,0.8999821160105246
2398361.0,0.9635853808701584,1214177.625,0.9236213649017766
1690227.875,0.9625604674294875,779078.3125,0.9509915685455783
1191457.75,0.973984639735007,712475.1875,0.9551812817390982
707341.5625,0.9887524224764435,481336.1875,0.9697212313520034
374439.5625,0.9957041757501952,478011.5,0.9699303718271937
344271.9375,0.9957913702093937,473914.65625,0.9701880879077407
380105.71875,0.9926909410072864,486386.25,0.9694035564783943
