loss,r2,loss_test,r2_test
2429681.5,0.9661226620320854,1316528.75,0.9171828956622812
1508694.75,0.9849903959173716,1460351.5,0.9081356384681051
856082.5,0.9903986896111453,1056489.5,0.9335408410456558
214026.921875,0.9983395841423632,585155.375,0.9631904213966479
193914.578125,0.9980103841457264,532848.9375,0.9664807881609322
191057.6875,0.996980457503667,581912.9375,0.9633943874125555
115865.875,0.9985755184139872,502276.5,0.9684039688237811
81831.578125,0.9992363997068257,464090.1875,0.970806102006403
93949.15625,0.9992392670852864,408862.09375,0.974280262001125
