loss,r2,loss_test,r2_test
52313660.0,0.958366486402384,1027515.4375,0.935363470042494
34611416.0,0.9447564356513634,773180.8125,0.9513625581371635
19414834.0,0.964437433461679,473290.65625,0.9702273423554143
17221752.0,0.9751375100967928,440628.34375,0.9722819878242235
20139560.0,0.9761258444888354,515913.71875,0.9675461085173601
16068815.0,0.9728057170680218,435293.3125,0.9726175897777146
17991614.0,0.9751474535561682,544061.875,0.9657754304184559
13372014.0,0.9781589906949518,427743.0625,0.973092541779545
