loss,r2,loss_test,r2_test
16418855.0,0.9488324004614396,1257387.0,0.920903244455812
15973819.0,0.9525624800234491,1227567.25,0.9227790775359062
16066333.0,0.9520735161288939,1245531.75,0.9216490136153745
15868608.0,0.9540903370524202,1189126.625,0.9251972126584365
15212870.0,0.9588708729959488,1165971.125,0.9266538251445586
17350724.0,0.9480285874635989,1262740.375,0.920566492977128
