loss,r2,loss_test,r2_test
18588610.0,0.9741421012256848,1310254.125,0.9175776038099318
16763260.0,0.972845659223193,1136446.75,0.9285110726228203
