loss,r2,loss_test,r2_test
13949987.0,0.93754851539298,1237900.375,0.9221290590167139
11963085.0,0.9407140071431448,1072118.75,0.9325576692996833
9979499.0,0.9495005211819417,911580.6875,0.9426564244824323
