loss,r2,loss_test,r2_test
52509436.0,0.7787696881465,3883574.75,0.7557011804837511
17080274.0,0.9558017811345828,1237281.0,0.9221680268879284
17304412.0,0.9608682517111322,1221090.5,0.9231865029551024
16270669.0,0.9611421998252148,1166897.875,0.9265955154042198
