loss,r2,loss_test,r2_test
15275441.0,0.9405710962222023,1319534.25,0.9169938339738543
13482398.0,0.9529946263131043,1198944.125,0.9245796326586788
13232314.0,0.9474327897311255,1182046.125,0.9256426212796149
12508821.0,0.9581149672570981,1111522.25,0.9300789613792688
10184996.0,0.9489622683440563,929364.375,0.9415377245299292
