loss,r2,loss_test,r2_test
26245888.0,0.9333669358082642,1283782.375,0.9192428258529535
14943207.0,0.9515229329360331,827505.125,0.9479452475949107
7729526.5,0.9763083675413886,478163.09375,0.969920836067409
6007749.5,0.9816417402477235,394068.1875,0.9752108814133249
5247339.5,0.9854192467538584,408603.25,0.9742965462086621
