loss,r2,loss_test,r2_test
8352260.0,0.9851157597009088,491744.78125,0.9690664693148568
8907770.0,0.9855469789054542,485928.8125,0.9694323271749765
5416958.0,0.9914245414582408,399430.53125,0.9748735620353886
5140499.0,0.9909693831502224,450588.84375,0.9716554161698927
4971735.5,0.9910054971260341,436810.65625,0.9725221408505751
