loss,r2,loss_test,r2_test
69657208.0,0.8764052190602344,1200970.625,0.924452155842701
