loss,r2,loss_test,r2_test
42934784.0,0.9133715793623093,1192288.125,0.9249983349163063
