loss,r2,loss_test,r2_test
185576032.0,-0.013099185760210963,15327200.0,0.03583246071510038
181425328.0,0.001227450114067108,14970960.0,0.058241881179365906
155496896.0,0.14293355011616504,12790127.0,0.1954287447368248
31532652.0,0.8585668854534821,2525540.5,0.841129222082431
17261998.0,0.9289778752792799,1344559.75,0.9154195906798435
17056418.0,0.9320744137345799,1329816.0,0.9163470555524673
16494547.0,0.9362082006851433,1285468.5,0.9191367576750884
17647868.0,0.9296455053522552,1379027.25,0.9132513906302175
16027045.0,0.9412224018974388,1255978.125,0.9209918804188555
