loss,r2,loss_test,r2_test
210719552.0,0.05800771283741346,15160033.0,0.046348251832501464
196946896.0,0.1187347715235082,14199439.0,0.1067749900209829
178097024.0,0.20079750644248373,12772350.0,0.19654694247717897
97101096.0,0.5627318373384228,6877841.0,0.5673449219576048
49374380.0,0.7986133469655118,3703935.25,0.7670015270127737
23096460.0,0.9087230197132734,1398289.0,0.9120397191083897
21357646.0,0.9038096188189843,1299694.875,0.9182418456133826
21478704.0,0.8994031945390801,1307712.5,0.9177374882012165
24292402.0,0.8709353140115245,1578265.375,0.90071819686015
