loss,r2,loss_test,r2_test
280006464.0,0.9931591016701578,549373.25,0.9654413197525432
213069600.0,0.9978199434229866,425195.21875,0.9732528160521035
209805312.0,0.9943239446383298,392881.9375,0.9752855064628768
187284288.0,0.9918194459666484,372424.4375,0.9765723987434619
180658240.0,0.9989282904435732,367450.34375,0.9768852967786682
211618384.0,0.9889226059107803,439321.5,0.9723641934268689
173332864.0,0.9981051769700607,351477.09375,0.9778901028127559
