loss,r2,loss_test,r2_test
46584632.0,0.9054599095269975,1570153.875,0.9012284402043427
37301888.0,0.934805183596346,1222834.5,0.9230767929652173
36158848.0,0.9355126486287866,1178368.625,0.9258739554002178
36335552.0,0.9464974399657347,1212289.875,0.9237401177465644
35010660.0,0.939003021502438,1141231.75,0.9282100748961232
34023536.0,0.9449601165775733,1119511.875,0.9295763703246016
39741552.0,0.9476210178562917,1363969.375,0.9141986208635479
