loss,r2,loss_test,r2_test
2458585.5,0.9295329258719431,1291936.25,0.9187298993265012
2499808.25,0.9317200351516793,1356632.125,0.9146601667950105
