loss,r2,loss_test,r2_test
28264696.0,0.051294272535617136,14788067.0,0.06974701581026277
1747449.5,0.945355984736026,1345567.75,0.9153561826341116
1572327.0,0.958605309073388,1250888.875,0.9213120216395274
1485360.375,0.9574769508200658,1210724.125,0.9238386120435099
1560543.875,0.9529525618096494,1255027.375,0.9210516833835736
1474807.25,0.9570725910185464,1246297.75,0.9216008191262679
1418432.5,0.9644830962752188,1152867.5,0.9274781168886738
