loss,r2,loss_test,r2_test
32955038.0,0.886386522680227,1245776.5,0.921633622519472
29391744.0,0.9009364430723343,1119599.5,0.9295708583301542
30559768.0,0.898505331612045,1158232.375,0.9271406363266944
