loss,r2,loss_test,r2_test
1381567.5,0.9364034855205048,1292588.625,0.9186888692602349
1338782.875,0.938804883592037,1240909.25,0.9219397889972699
1281941.5,0.9418951644694399,1232514.75,0.9224678487815813
1160110.375,0.9503714287694149,1236532.625,0.9222150973950602
1154376.25,0.9532251643215047,1223915.25,0.9230088071579591
