loss,r2,loss_test,r2_test
22232870.0,0.9098814614478643,1334440.0,0.9160561780738898
20578252.0,0.9112748797550446,1244464.375,0.9217161610961961
3485975.0,0.9904795398121513,412961.59375,0.9740223799879931
2998817.75,0.9897406853419984,401141.03125,0.974765962091146
2743198.25,0.9926271355729919,397674.34375,0.9749840367698742
