loss,r2,loss_test,r2_test
137707616.0,0.9701316721212809,1180649.125,0.9257304965767037
130115288.0,0.966585451056023,1153747.875,0.927422734693524
122295176.0,0.9752900976548492,1044986.3125,0.9342644561916769
102351856.0,0.9876409680022395,859621.625,0.9459249388347984
77939424.0,0.9896763349304347,672958.0,0.9576671337335849
74217536.0,0.9863757560272435,626286.0625,0.9606030666773857
