loss,r2,loss_test,r2_test
162029712.0,0.9596152482920167,1227214.5,0.922801272283611
154187408.0,0.9553244209955027,1144988.375,0.9279737598679524
144462784.0,0.9471621369260185,1086936.875,0.9316255244930478
93645992.0,0.9827377520573555,681396.375,0.9571363157561592
81121112.0,0.9894320367474463,612092.125,0.9614959449401064
76226568.0,0.9701479759669448,593349.25,0.9626749778697355
