loss,r2,loss_test,r2_test
323197344.0,0.8384342625617798,2148136.0,0.8648700882147171
204284944.0,0.8829700682654247,1513286.0,0.9048057613343108
124843776.0,0.9291138956953053,1040793.875,0.9345281794968086
67911120.0,0.9838452507464308,648047.25,0.9592341602452896
81945328.0,0.9650837625225658,741021.6875,0.9533855518893349
83147176.0,0.9766168508614063,732185.5625,0.9539413925177255
