loss,r2,loss_test,r2_test
110728424.0,0.9381629211237682,1260678.375,0.9206961941281206
106019488.0,0.9686969168276023,1205421.5,0.9241721726307515
103728656.0,0.9433403146577489,1204845.0,0.9242084486635493
101931800.0,0.9373472785954158,1184450.625,0.9254913629616863
106134696.0,0.9816330079672684,1191350.5,0.9250573119858861
83672832.0,0.9813655708023942,951914.125,0.9401192202768047
73579304.0,0.9804903571778979,819164.0,0.9484699485934739
65149640.0,0.9761490734967937,731422.5625,0.9539893856502877
60429440.0,0.9768593057918749,671673.1875,0.9577479578967489
