loss,r2,loss_test,r2_test
150937792.0,0.8965415722408276,1568400.0,0.901338766571833
105676984.0,0.9123524245206244,1190543.875,0.9251080566581884
89264184.0,0.900793252417007,1036687.125,0.9347865148650418
78973360.0,0.9574084810513912,877365.4375,0.9448087546647717
55589708.0,0.9628609517364302,647781.25,0.9592508986427078
46084052.0,0.9487146060654577,540717.4375,0.9659858150595549
