loss,r2,loss_test,r2_test
126618456.0,0.8595567404602148,1127612.0,0.929066830961392
74365784.0,0.879017002472267,760111.375,0.9521846995163434
49286624.0,0.9735518589518507,529110.3125,0.9667159760389916
