loss,r2,loss_test,r2_test
109802072.0,0.9061312893712979,1079903.0,0.9320680030690507
41704684.0,0.9725075690385773,490592.34375,0.9691389661062673
