loss,r2,loss_test,r2_test
133025144.0,0.32625291441209203,1234930.5,0.92231588056017
113589472.0,0.39524212058866515,1099985.0,0.9308047277113377
66138228.0,0.897905573733482,747892.0625,0.9529533621917353
52161896.0,0.9460401514794248,603243.8125,0.9620525556810532
60150804.0,0.891780545346221,651481.0625,0.9590181571376865
