loss,r2,loss_test,r2_test
53997992.0,0.9857350456758339,586573.375,0.9631012179714555
