loss,r2,loss_test,r2_test
303360864.0,0.9533912540247521,1602958.625,0.8991648321396781
219819424.0,0.9662999641710631,1206573.625,0.9240996923033629
140086992.0,0.9624983436200649,897618.3125,0.9435347318176875
99066720.0,0.9899512223738433,644748.9375,0.9594416463772883
