loss,r2,loss_test,r2_test
211207824.0,0.9749768706264605,1232776.375,0.9224514030378643
206192672.0,0.9792475738960597,1207794.125,0.9240229225901813
185659280.0,0.9821628746199572,1096634.125,0.9310155134350776
161228096.0,0.9823472301242703,952388.8125,0.9400893569639336
144148096.0,0.9772443304911274,856185.375,0.9461410970516637
117820488.0,0.9820133979348871,704241.5,0.9556992311959475
