loss,r2,loss_test,r2_test
207223680.0,0.9891840402530353,1202889.375,0.924331448880495
201224864.0,0.9858593631138197,1185815.5,0.9254054943330865
201464896.0,0.9812268517492446,1193932.5,0.9248948873311564
175499232.0,0.993760081798645,1023643.875,0.9356070127036428
111345328.0,0.9936468755301404,710400.5,0.9553117902633042
133971448.0,0.9674971888712931,802279.3125,0.9495320934260065
