loss,r2,loss_test,r2_test
238172864.0,0.9059708500015263,1308191.625,0.9177073525546103
353368672.0,0.9740849197206245,1950872.625,0.8772790738749152
205651392.0,0.9237769484914657,1129208.75,0.9289663895658311
156913584.0,0.9607807492471307,876500.875,0.9448631358030781
205560112.0,0.8920831807189006,1150772.125,0.9276099269321811
