loss,r2,loss_test,r2_test
12730607.0,0.9422812654377408,1507067.0,0.9051969644450035
9821623.0,0.9650637533719112,1154845.75,0.9273536718075929
4862920.0,0.9828553717184649,862174.3125,0.9457643656807024
