loss,r2,loss_test,r2_test
7653139.5,0.9838087962377144,1394469.75,0.912279966856375
6960070.0,0.9835292663360581,1299802.25,0.9182350891901334
5478636.0,0.9885820794688935,1268128.625,0.9202275338006594
5086040.5,0.9806489398811928,1071725.375,0.9325824173394271
