loss,r2,loss_test,r2_test
11283539.0,0.8816828837421692,1348345.875,0.9151814226516081
11174109.0,0.8944953414034861,1259232.0,0.9207871848472314
9020032.0,0.9292320352679145,1219876.125,0.9232628964394212
7028991.5,0.9644251348909686,943834.125,0.9406274935198196
5608195.0,0.9562259643764913,962836.8125,0.939432116961111
