loss,r2,loss_test,r2_test
123067496.0,-0.009411987639073027,15549816.0,0.02182867354790885
9391260.0,0.9469149037959983,1321076.5,0.9168968102057758
8049178.5,0.9509027735875284,1202154.875,0.9243776580968341
7565577.5,0.9510019559309917,1199372.5,0.9245526839075859
6830342.5,0.9495099771279374,1123918.625,0.9292991650987541
5548270.5,0.9614123474216876,1110904.625,0.9301178221677731
4735524.5,0.9663254049356446,967895.9375,0.9391138739901215
