loss,r2,loss_test,r2_test
64499764.0,0.7970438285786944,1912734.375,0.879678202746335
