loss,r2,loss_test,r2_test
292158976.0,0.18795884670989793,13126181.0,0.17428894135245387
34499552.0,0.9234867679006503,1571925.875,0.901116970720706
30533306.0,0.9325913363888845,1384195.75,0.9129262731990206
28048592.0,0.9356767403424049,1261292.75,0.9206575510765393
