loss,r2,loss_test,r2_test
40638676.0,0.8833228353749298,1658996.125,0.8956397738397198
32462650.0,0.9243667085151236,1294444.625,0.9185721220323224
32182882.0,0.9242531543652334,1289874.875,0.9188595793436737
