loss,r2,loss_test,r2_test
34854948.0,0.9386140383729336,1333283.0,0.9161289596940803
