loss,r2,loss_test,r2_test
20588084.0,0.13202089267037465,12810125.0,0.19417069487881589
1260616.375,0.9692566291656843,1343603.875,0.9154797241327015
