loss,r2,loss_test,r2_test
2410815.5,0.8798428491260925,1545377.875,0.9027869956866702
