loss,r2,loss_test,r2_test
41129688.0,-0.2895456507597145,19425494.0,-0.22197327266502964
27025552.0,0.15170853854793953,12715503.0,0.20012293067762532
2942727.0,0.8961987212124896,1523326.375,0.9041741504000147
