loss,r2,loss_test,r2_test
31998384.0,-0.26015967959738817,19121432.0,-0.20284617075054245
2294874.25,0.9399680460955113,1544879.875,0.9028183200025388
