loss,r2,loss_test,r2_test
22043640.0,0.1629825895313355,13027402.0,0.18050277243902557
2272413.75,0.9134050103679454,1460567.0,0.9081220768214808
