loss,r2,loss_test,r2_test
289997376.0,0.014463020512484492,13298846.0,0.16342735320976542
28611384.0,0.9737922210542517,1353827.75,0.9148365780222404
28009352.0,0.9752067281754421,1322778.625,0.916789745108878
