loss,r2,loss_test,r2_test
67528840.0,-1.0944176931325438,30987302.0,-0.9492763266921249
3989412.0,0.887710883565987,1700434.375,0.8930330632663743
3147868.0,0.9214226726430261,1461433.625,0.90806755641102
2313442.25,0.9429916014098478,1242315.875,0.9218513106962635
2988782.5,0.9164060796246477,1576543.375,0.9008265074315437
