loss,r2,loss_test,r2_test
4078132.25,0.8811950654942291,2396832.5,0.8492256813285181
2386924.0,0.9429538163494908,1566596.25,0.9014522349504601
2156057.0,0.9515326925248663,1493182.75,0.9060703570524541
1916989.125,0.965220361095598,1370703.75,0.9137749911328789
1632121.5,0.9722463903128354,1333515.5,0.9161143336695937
1487911.625,0.9718396799822279,1246752.5,0.9215722206826145
