loss,r2,loss_test,r2_test
27827528.0,0.04410793711250249,15192811.0,0.04428630850669968
25905988.0,0.10707272898140774,14217003.0,0.10567009942055305
2265992.5,0.9057837025159812,1521375.25,0.9042968861658978
2300801.75,0.9131143457768327,1665597.375,0.8952245169843209
2172178.0,0.9201627536541178,1570438.875,0.9012105207999673
1778578.25,0.9339482543032039,1271517.5,0.9200143502343519
