loss,r2,loss_test,r2_test
272727296.0,0.3377235579190301,10150903.0,0.36145071271809115
100604272.0,0.7788610492433777,2890929.75,0.8181441706698374
94734880.0,0.8367077243150237,2559674.5,0.8389819982915229
83584896.0,0.8872706565832316,1825500.375,0.8851657046473929
83277280.0,0.8935008408200632,1735195.0,0.8908464347111231
