loss,r2,loss_test,r2_test
179978048.0,0.9575077911967064,1152317.0,0.927512747983698
154785440.0,0.9699721693491129,1023644.3125,0.9356069821898932
119969704.0,0.9841294466552853,777230.125,0.9511078318385567
106823536.0,0.9663632334506442,702542.25,0.9558061206481894
