loss,r2,loss_test,r2_test
197271504.0,0.9441995967352531,1256259.625,0.9209741678617587
150299536.0,0.9599461308943665,1021423.875,0.9357466603148963
126276888.0,0.9717447469224157,801482.875,0.9495821965263908
100345144.0,0.983302481147871,673274.0,0.9576472570256521
