loss,r2,loss_test,r2_test
66102908.0,0.6539373579756067,6009787.5,0.6219503601034528
62588188.0,0.6875690834214788,5519208.0,0.6528105721811239
36091160.0,0.7993722436732044,3889805.75,0.7553092322539551
8333540.0,0.9338282354413917,1713537.375,0.8922088102925259
