loss,r2,loss_test,r2_test
8986117.0,0.9124952176966125,1245351.75,0.9216603353233728
8016352.0,0.9206245473635231,1163792.125,0.9267908935201967
6652706.0,0.9192996769570843,993181.75,0.9375232520466913
5593902.0,0.9218064542050414,909927.375,0.9427604195669153
