loss,r2,loss_test,r2_test
213775072.0,0.9288618468048108,1179743.0,0.9257874929069246
177738944.0,0.9411424694842134,993033.0,0.9375326106725598
137409920.0,0.9410016807906971,799511.625,0.9497061954026522
110768496.0,0.9535399923068156,673525.9375,0.957631409452998
