loss,r2,loss_test,r2_test
12572740.0,0.9297302509142622,1284607.375,0.9191909366272764
11731682.0,0.9276544402183952,1494683.75,0.9059759364950788
6975420.0,0.9509658918121727,1225008.5,0.9229400404106703
3609828.0,0.9826705222993993,1057540.0,0.9334747502440535
