loss,r2,loss_test,r2_test
243568144.0,0.9734178164996489,1423315.875,0.9104653900092892
211598320.0,0.9819746750980678,1252930.5,0.9211835817523222
167529888.0,0.9858218617891913,1004972.875,0.9367815226234869
132331376.0,0.9877090651473798,808790.75,0.9491224884824805
155446192.0,0.9502162619806477,1044920.625,0.9342685856012272
