loss,r2,loss_test,r2_test
41751156.0,0.954311937766886,1273208.125,0.9199080091072882
34826676.0,0.9660297635833739,1211928.375,0.9237628480423794
31227362.0,0.965491011561291,1087666.5,0.9315796299748855
30341774.0,0.9709573799681833,1065966.25,0.9329446912342783
18648714.0,0.981216952912142,733275.4375,0.9538728287476825
