loss,r2,loss_test,r2_test
37639112.0,0.9284921152551573,1226870.25,0.9228229197491399
23738052.0,0.9468000573067971,864080.125,0.9456444740424982
15584553.0,0.9624524289064103,642833.625,0.9595621286518039
