loss,r2,loss_test,r2_test
36280444.0,0.929438889364383,1297469.375,0.9183818496487652
28648448.0,0.9468756947187723,1127739.375,0.9290588103244126
14747828.0,0.9828894457994277,646262.4375,0.9593464400663883
12962869.0,0.9815708719698822,578594.25,0.9636031480229422
