loss,r2,loss_test,r2_test
33693124.0,0.9294084233505333,1193671.625,0.9249113101452159
26835136.0,0.9466247497032693,936073.0,0.9411157185216555
