loss,r2,loss_test,r2_test
28614372.0,0.9589807685579379,1217274.0,0.9234265856032242
26574526.0,0.9663359869611226,1097171.625,0.9309817062498914
16372404.0,0.9748473067185919,744048.1875,0.9531951618500055
14347386.0,0.9631220618159272,651605.0,0.9590103610219043
