loss,r2,loss_test,r2_test
8770690.0,0.9219096607135678,2415850.75,0.8480293203307628
5025554.0,0.9826063400228261,1304341.25,0.9179495615855559
4021120.0,0.9870517801266288,1150343.625,0.9276368891663761
2910965.75,0.9874971836272458,781290.25,0.9508524218965663
1196907.75,0.9899347938225497,517928.4375,0.9674193728341272
930494.5,0.9912217484005409,530161.4375,0.9666498499109526
