loss,r2,loss_test,r2_test
3467025.25,0.9916498649736482,1227290.0,0.9227965251444512
