loss,r2,loss_test,r2_test
74261096.0,0.9391834962199048,1241892.5,0.9218779312930205
47634208.0,0.9159930619935587,876297.375,0.94487594514581
33910124.0,0.9286205210077325,628557.4375,0.9604601833994381
30449620.0,0.9450652529470613,588652.875,0.9629704026621918
20209586.0,0.984791756418444,449070.21875,0.9717509453166436
19969112.0,0.9627381681839104,483439.625,0.9695889121557324
17703876.0,0.9833357800096572,453692.84375,0.9714601564621512
