loss,r2,loss_test,r2_test
8934984.0,0.929502394062377,1217268.375,0.9234269305312572
2108552.0,0.9896501370568274,679917.3125,0.9572293566776534
