loss,r2,loss_test,r2_test
14562562.0,0.4909949882785013,7956636.5,0.49948257191870327
1663171.0,0.9715830520187964,1378977.625,0.9132545094333521
1564475.0,0.9704851144592178,1289295.125,0.918896049777314
1511591.25,0.9709332070873754,1287905.125,0.9189834821929037
