loss,r2,loss_test,r2_test
11762199.0,0.47311322068665207,7716570.0,0.5145841478946662
1720669.375,0.9174953734953671,1358072.75,0.9145695482275032
1481720.875,0.9309700146014438,1271312.25,0.9200272712569945
1352775.5,0.9378131646164072,1239581.5,0.9220233124287395
