loss,r2,loss_test,r2_test
45332764.0,0.8971141409088784,1425128.125,0.9103513754204651
42697768.0,0.9015592462506816,1319840.375,0.9169745843285377
44503864.0,0.9062439779010396,1379627.75,0.9132136112323097
42725616.0,0.9066076377521499,1371297.5,0.9137376350519582
