loss,r2,loss_test,r2_test
33687536.0,0.9416329270472724,1322717.0,0.916793619781731
31406862.0,0.9442673966328573,1255760.25,0.9210055762665225
30687862.0,0.9453214478076961,1236127.875,0.9222405686370831
29548318.0,0.9503423966326442,1198954.25,0.9245789925037048
