loss,r2,loss_test,r2_test
39585908.0,0.9272972022723874,1315036.75,0.9172767523254752
38735948.0,0.9361252245336833,1288870.625,0.9189227447550861
37717512.0,0.9374752332353584,1246792.75,0.9215696783490774
39012864.0,0.940016499616274,1303607.25,0.9179957309696745
