loss,r2,loss_test,r2_test
62034380.0,0.8981993095880906,1428725.0,0.9101251182107944
52250208.0,0.9243930559721156,1203852.5,0.9242708695849425
53839692.0,0.9184764406734891,1245489.75,0.9216516550860213
44283060.0,0.9450207676875426,1043315.5,0.9343695557551148
42433616.0,0.9578843624552142,1005188.4375,0.9367679638808859
39295584.0,0.9350468258059478,910208.875,0.9427427145851852
26307368.0,0.970300681779752,629088.5,0.960426776597772
