loss,r2,loss_test,r2_test
4799772.0,0.928262821021697,1383462.125,0.9129724104073316
5511904.5,0.9158499190301512,1213433.0,0.9236681986282856
4366513.0,0.9369900319218801,1105931.5,0.9304306544717185
3368870.0,0.9592765128804867,1134782.125,0.9286157894574988
1574587.5,0.9767142023222152,861967.375,0.9457773794508143
