loss,r2,loss_test,r2_test
77549168.0,0.9098194595275575,1645375.875,0.8964965548620217
57920628.0,0.9254825372529965,1183951.25,0.9255227599645788
55809316.0,0.9175258961263686,1146023.0,0.9279086694468526
53012676.0,0.9210024697313788,1098889.0,0.9308736710574488
48100044.0,0.9257212027966708,1005925.5,0.9367215974385777
39670016.0,0.928768124802568,877510.9375,0.9447995967863688
32769422.0,0.9314387929735215,742691.6875,0.9532804936174949
