loss,r2,loss_test,r2_test
93370288.0,0.956454580360115,693402.75,0.9563810453654964
47236052.0,0.9905617057433667,392896.09375,0.9752846133509788
45325796.0,0.9907091224974882,386073.71875,0.9757137806396516
48157556.0,0.9871849109736256,396605.75,0.9750512546136411
48591444.0,0.9883550619135538,395890.5625,0.9750962431200962
