loss,r2,loss_test,r2_test
154166016.0,0.944278911372554,1333884.5,0.9160911338871869
164260320.0,0.9353746318806798,1415572.5,0.9109524825142814
134477376.0,0.9610762008831418,1191820.75,0.9250277318282837
138934816.0,0.9565387659836943,1204717.25,0.9242164831322979
