loss,r2,loss_test,r2_test
127017696.0,0.8842553429289891,1229069.625,0.9226845752796565
123820848.0,0.8903506707519637,1217374.625,0.9234202503780476
120489512.0,0.8739596158195784,1146937.125,0.9278511690839105
