loss,r2,loss_test,r2_test
7492184.0,0.9368273718283315,1393651.625,0.9123314268461811
