loss,r2,loss_test,r2_test
162555248.0,0.86767199747264,1358233.125,0.9145594573089377
134094216.0,0.8809649571106545,1234171.25,0.9223636463570174
