loss,r2,loss_test,r2_test
86946016.0,0.8947354110409322,1329731.0,0.9163524025592744
76639952.0,0.9237083410281336,1205449.875,0.9241703830918403
