loss,r2,loss_test,r2_test
174885024.0,0.9132860157609164,1273477.875,0.9198910477624319
