loss,r2,loss_test,r2_test
5524554.0,0.9796969841919535,1314611.375,0.9173035133425903
5578846.0,0.9799909368127604,1254771.25,0.9210677898550719
5444710.5,0.9815077392123268,1244409.75,0.9217195925614632
5368984.5,0.9849887451141905,1278989.0,0.9195443588705894
