loss,r2,loss_test,r2_test
48607664.0,0.9420788801441656,1645200.125,0.896507617661525
49422556.0,0.9551030892419601,1772286.0,0.8885131861720191
37421760.0,0.9737287110519306,1310177.625,0.9175824177205357
35757204.0,0.9738421072197386,1225822.25,0.9228888492889956
35388716.0,0.974883076197351,1237429.125,0.9221587135527761
36237612.0,0.974422013220122,1283397.25,0.9192670550530178
37571052.0,0.9679336869405605,1257829.375,0.9208754270216579
33842104.0,0.9762334954016831,1190061.375,0.9251384045128219
33341810.0,0.9774085099392612,1173407.0,0.9261860700690326
