loss,r2,loss_test,r2_test
39031864.0,0.9177174206897178,1359554.375,0.9144763409326321
35933396.0,0.9404450865592844,1261644.875,0.9206354025533079
34619028.0,0.9481270121995192,1233218.125,0.9224236047520951
34545632.0,0.9494168578295921,1219938.75,0.9232589561580804
35712656.0,0.9504154722247206,1294403.25,0.9185747139812589
33044514.0,0.9573045450732557,1182015.375,0.925644552564561
33527806.0,0.95634871021407,1189099.0,0.9251989478199357
33386550.0,0.9569589607562535,1183240.875,0.9255674625107339
36966660.0,0.9486228190827692,1300166.0,0.9182122011949373
