loss,r2,loss_test,r2_test
39137624.0,0.944129872685955,1391599.75,0.9124605092942454
38057964.0,0.9488407824754684,1337602.625,0.9158572298768688
39159076.0,0.9492414644772169,1377551.125,0.91334424678321
37587548.0,0.9510999943430659,1313898.25,0.9173483816798621
35936288.0,0.9519056068965235,1253938.625,0.9211201725593688
35551628.0,0.9492415678528001,1242711.125,0.9218264400162735
37635216.0,0.939651032282166,1318428.125,0.9170634140462726
34261420.0,0.9526631107754243,1189364.5,0.9251822445728632
33881448.0,0.9547279916405764,1163461.375,0.9268117047170048
