loss,r2,loss_test,r2_test
46179120.0,0.9362808716919844,1660153.5,0.8955669608492872
34767472.0,0.9572232297371475,1267130.0,0.9202903646831232
34723708.0,0.951045824502912,1290039.875,0.9188492038073882
33155310.0,0.9579589965789821,1222013.25,0.923128459688375
32982382.0,0.9576673300708054,1216415.5,0.9234805872140959
34662208.0,0.960085684752603,1248560.5,0.9214584877337432
31919772.0,0.9626220968962342,1167551.875,0.926554386079205
34412996.0,0.9487435409939743,1294865.375,0.9185456487581919
31071838.0,0.9648080561274975,1139877.375,0.9282952719810422
