loss,r2,loss_test,r2_test
47265056.0,0.9198336160465059,1496997.125,0.9058304261022574
45435560.0,0.9213301606904414,1363220.25,0.9142457403413167
41826964.0,0.9340691407837344,1265566.75,0.9203886931072135
41769600.0,0.9342837134994086,1256864.875,0.9209360912315471
41714600.0,0.9327255794555681,1234774.625,0.9223256936260515
41909468.0,0.9311048125441973,1234529.625,0.9223411059309836
42124976.0,0.9368771779886422,1293399.875,0.9186378292523744
45528288.0,0.9189871217153885,1322021.625,0.9168373610876132
41355180.0,0.9322381564048131,1195090.75,0.9248220252353363
