loss,r2,loss_test,r2_test
158646448.0,0.9378643323283433,1162911.125,0.9268463147423431
79237848.0,0.9694108532246011,611645.0,0.9615240714402595
59408136.0,0.9737656502086075,495710.15625,0.9688170284980921
55802456.0,0.9832582040805022,469096.9375,0.9704911509072456
41014988.0,0.983904418782357,372913.15625,0.9765416521518036
