loss,r2,loss_test,r2_test
72169072.0,0.9718115754581736,559877.625,0.964780535013237
58189820.0,0.9782223794624061,465179.65625,0.9707375688101595
40575112.0,0.9864421519126605,340315.40625,0.9785922347842243
41543184.0,0.9864006689277804,367430.625,0.9768865373752141
35068116.0,0.9891319547478329,328274.875,0.9793496534045939
