loss,r2,loss_test,r2_test
186221520.0,0.9339178491351607,1262091.375,0.9206073117229747
154170800.0,0.9376742861172712,1157234.0,0.927203436119949
143729776.0,0.9489301596016155,1128593.75,0.9290050667105467
111367552.0,0.9654155198216797,870028.0,0.9452703197822261
65514940.0,0.9821953024044303,506705.40625,0.9681253670278898
