loss,r2,loss_test,r2_test
117026528.0,0.9225457110791025,1370415.875,0.9137930938864993
104781264.0,0.9526672374111491,1246277.25,0.9216021129004222
62908312.0,0.9796311151276352,835808.875,0.9474228941017127
44123248.0,0.9925976161264803,631199.0625,0.9602940134024045
