loss,r2,loss_test,r2_test
56185548.0,0.948555966738145,658708.625,0.9585635007067995
36764660.0,0.9308300372868445,485005.75,0.9694903936848358
