loss,r2,loss_test,r2_test
100593216.0,0.9500624819529055,1188634.625,0.925228157361317
39962772.0,0.9484958764367832,471949.625,0.9703116993339881
38751796.0,0.953241188328677,479974.71875,0.9698068775886584
