loss,r2,loss_test,r2_test
103823192.0,0.9142867560934482,1277370.375,0.9196461768828825
62694128.0,0.9717795941865157,618153.25,0.9611146664363037
48543472.0,0.9892502125934093,582347.0625,0.9633670762144243
