loss,r2,loss_test,r2_test
105931712.0,0.9743107186482913,1156058.375,0.9272773924719762
