loss,r2,loss_test,r2_test
119365544.0,0.9562194879221159,1292022.0,0.9187245070646194
129276872.0,0.9648375503901861,1402073.125,0.9118016723434466
151320960.0,0.9559721369071484,1651206.25,0.8961297857967134
