loss,r2,loss_test,r2_test
155654848.0,0.9355478012557885,1320621.25,0.9169254496414676
157364048.0,0.9441360863213202,1347417.25,0.9152398408000023
163619664.0,0.922412137552075,1321090.75,0.916895926588661
196068032.0,0.9315698926793247,1848906.25,0.8836933496675741
153958320.0,0.9390167733801486,1269240.875,0.9201575700922542
