loss,r2,loss_test,r2_test
1280325120.0,0.12588215495600918,14122999.0,0.11158345971284667
267729568.0,0.9080427220104503,2911575.25,0.8168454451360125
123825744.0,0.907355927445963,1378012.0,0.9133152495130793
141728288.0,0.9027213637386869,1515677.25,0.9046553362753543
106189856.0,0.8984187581895313,1269238.125,0.9201577486326765
107627288.0,0.9108399357451914,1248539.75,0.9214597877833286
109907712.0,0.9052145915421527,1275765.375,0.9197471501568876
