loss,r2,loss_test,r2_test
235065040.0,0.8718532209015222,2709721.25,0.8295431957020007
145146912.0,0.9587822459280773,1555829.0,0.9021295513328994
127583312.0,0.9601545289630478,1369464.625,0.9138529294449382
146469152.0,0.9679226101337075,1548130.625,0.9026138392118973
114797144.0,0.9431181962441271,1244866.375,0.9216908692513746
125184104.0,0.9196051395024206,1373505.625,0.913598729660089
110775248.0,0.9522892909582449,1195370.75,0.9248044192564332
