loss,r2,loss_test,r2_test
300729248.0,0.8448155423386619,2950962.25,0.8143677899224326
174005872.0,0.8977833972042597,1421358.625,0.9105885043248552
165929776.0,0.892201661277929,1412280.875,0.9111595396936012
164525136.0,0.9007533985173385,1409757.875,0.9113182613106954
235492368.0,0.872019167909236,1890748.375,0.8810612345534601
158690640.0,0.9012272399489774,1318173.5,0.9170794388469865
