loss,r2,loss_test,r2_test
139725568.0,0.808998005553733,1373595.0,0.9135931039423085
123243672.0,0.8301303749008944,1254415.0,0.9210902016130551
