loss,r2,loss_test,r2_test
120483472.0,0.8581443966017426,1378058.75,0.913312306905233
104307448.0,0.9169907784792268,1204147.875,0.9242522922311207
