loss,r2,loss_test,r2_test
197694880.0,0.9735180602942198,738092.0625,0.9535698316497152
96255256.0,0.9911482679789915,379452.71875,0.9761302772783057
116050752.0,0.9722921119700212,488787.34375,0.9692525125270373
91419664.0,0.9851747384206563,398240.40625,0.9749484270108721
81601584.0,0.9926766965049021,344132.0,0.9783521532601807
75517416.0,0.9946653061030419,324681.125,0.9795757220448127
77896264.0,0.9825450435328801,335065.59375,0.9789224788819126
78914304.0,0.9913657450666709,351997.6875,0.9778573571332042
