loss,r2,loss_test,r2_test
20583296.0,0.1604946643130013,13025505.0,0.18062203499002016
835775.375,0.9854796341641744,1543084.125,0.9029312866591959
741472.875,0.9904667711168094,1322981.75,0.9167769619469774
776408.0625,0.9883276087182673,1250184.25,0.9213563391019463
