loss,r2,loss_test,r2_test
32263688.0,0.9283142663084553,1461353.125,0.9080726242339987
28705560.0,0.9343173881062223,1290838.625,0.9187989578939713
30452960.0,0.9332208277993619,1379774.5,0.9132043806151201
27648958.0,0.9369594486213914,1242686.875,0.921827967658951
