loss,r2,loss_test,r2_test
33807444.0,0.12859432489219957,13207729.0,0.16915917953173498
3638619.75,0.9172727294588295,1756154.25,0.8895279641861803
2595856.25,0.9512074876347958,1292593.75,0.9186885445071785
2627245.5,0.9557098518701919,1344948.875,0.9153951142952448
