loss,r2,loss_test,r2_test
49827732.0,0.9100747982350323,1765856.625,0.8889176239249209
43482156.0,0.9190258066389847,1427057.625,0.9102300087217512
41874584.0,0.9221349031827508,1304242.375,0.9179557781983108
43854312.0,0.9231028067189293,1444845.125,0.9091110711840529
