loss,r2,loss_test,r2_test
32082842.0,0.13791354949046974,13356098.0,0.15982592174936372
2471565.5,0.9456345900491839,1528363.375,0.9038572927537669
1657405.5,0.9780126287276006,1306874.625,0.9177901930490371
1703356.75,0.9753203182278012,1323465.25,0.9167465493462832
