loss,r2,loss_test,r2_test
22221872.0,0.14322843837260613,13309745.0,0.16274184586686158
3283970.5,0.8551829728579075,1736379.75,0.8907718987692445
1771990.0,0.9456760982746287,1410609.375,0.9112646913120228
1863406.125,0.9322261730749724,1298571.5,0.9183125038987182
