loss,r2,loss_test,r2_test
207742720.0,0.023742904416117705,15561517.0,0.021092568193773364
170721584.0,0.18099022796907982,12794306.0,0.19516577242013855
83467512.0,0.5917698978281118,6073282.5,0.617956152666351
