loss,r2,loss_test,r2_test
230085952.0,0.019805083022527592,15751829.0,0.0091208909726338
188199456.0,0.17760138008590032,12766544.0,0.19691215892208325
113049736.0,0.46307946158358837,7598736.0,0.5219965518593601
33147264.0,0.8151269389993071,2145714.5,0.8650224190488243
