loss,r2,loss_test,r2_test
201020272.0,0.05312187266033497,14834937.0,0.06679855098589149
40321436.0,0.7535370163463198,3006840.0,0.8108527510788267
22738762.0,0.9101152996493203,1740136.0,0.8905356044391676
