loss,r2,loss_test,r2_test
220349632.0,0.04958142290923584,15258136.0,0.0401770918503338
215013328.0,0.07558894692079343,14878860.0,0.06403556539152555
33646396.0,0.7761688038769156,2091125.375,0.8684563904180581
