loss,r2,loss_test,r2_test
5187897.5,0.9067529282917988,1323336.625,0.9167546387791612
5401112.5,0.9037529298029132,1343591.875,0.9154804771873049
5062572.5,0.9039720696690017,1280288.5,0.9194626059936317
4593329.0,0.9163910312606848,1171783.125,0.9262882125800002
