loss,r2,loss_test,r2_test
223377344.0,0.9231359246147759,2305280.75,0.8549848177944194
140009792.0,0.9252931112031085,1380076.0,0.9131854214713384
122005520.0,0.948590235117368,1187160.75,0.9253208710002082
135812656.0,0.9251094760343134,1394367.125,0.9122864231871186
