loss,r2,loss_test,r2_test
8717464.0,0.9333278041813781,1629916.375,0.897469052113573
7802689.0,0.9399118926701213,1493560.0,0.9060466246657123
7346020.5,0.9417716105760072,1326560.25,0.9165518533960068
7185814.0,0.9382898482181695,1310949.75,0.9175338494115296
