loss,r2,loss_test,r2_test
4805533.0,0.9720275158440815,1297233.625,0.9183966720200538
4509573.5,0.975285820479362,1234193.375,0.9223622577588881
4536230.0,0.9680436044283214,1241535.875,0.9219003742277794
4266733.0,0.9688022237087133,1205460.375,0.924169720454901
