loss,r2,loss_test,r2_test
60303112.0,0.7233689906720959,5073128.5,0.6808715358112867
66675752.0,0.6968323154638629,5368511.0,0.6622902772289726
62105520.0,0.7022950994018584,5236604.5,0.6705879894737995
57895104.0,0.7402214919958247,4710762.0,0.7036664437334976
