loss,r2,loss_test,r2_test
36473984.0,0.9452988824847903,1295211.125,0.918523897966044
35536036.0,0.9494542519781688,1244415.625,0.9217192239134883
41213188.0,0.929974140686308,1472399.375,0.9073777454956309
34651704.0,0.9532936650213032,1205355.125,0.9241763511627626
