loss,r2,loss_test,r2_test
28218340.0,0.9197011550890409,1283715.0,0.9192470636764721
26908834.0,0.924009429563027,1231988.75,0.922500941381916
