loss,r2,loss_test,r2_test
32329584.0,0.9435957263702244,1321049.625,0.9168985160194354
29443398.0,0.9478665210175177,1240478.375,0.9219668904343369
28992796.0,0.9509953060425052,1236197.0,0.9222362282618811
27888376.0,0.9511062568896719,1190262.25,0.9251257753755007
