loss,r2,loss_test,r2_test
36034632.0,0.9343366296544676,1350716.75,0.9150322735402447
32943388.0,0.9425806400152854,1258345.25,0.9208429718898248
31015158.0,0.9469465201617113,1204720.25,0.9242162865741316
35519324.0,0.9300063416400052,1375043.875,0.9135019674942406
30713832.0,0.9451058705083094,1205994.25,0.9241361464195051
