loss,r2,loss_test,r2_test
154068736.0,0.9134485691360785,1469478.25,0.9075615067394641
130352584.0,0.920186440518438,1347158.25,0.915256134350276
116919832.0,0.9261603692817895,1215389.5,0.9235451250111547
106630336.0,0.9280979771250238,1137107.25,0.9284695259417262
114862784.0,0.9216749520832531,1384915.25,0.9128809968859204
82472288.0,0.9282419430729824,1026445.4375,0.9354307800673446
89802504.0,0.9163259685642168,1182676.125,0.9256029802118124
76300184.0,0.9348385037935032,979417.4375,0.9383891059869063
