loss,r2,loss_test,r2_test
119535256.0,0.9226898560128166,1146152.375,0.9279005327597795
96241456.0,0.9477949887884975,1063887.625,0.9330754542109321
74923008.0,0.9651923265591899,865818.375,0.9455351270102262
49994480.0,0.9687799235455498,547055.9375,0.9655870894412703
45097200.0,0.9785871235452761,593222.6875,0.9626829418587405
41081732.0,0.9715223085933101,506059.75,0.968165982485567
43801292.0,0.9712608058810827,578641.375,0.9636001880065104
35693324.0,0.9696450811319665,473506.28125,0.9702137798758995
33476792.0,0.9822066120006161,479732.03125,0.9698221436111794
