loss,r2,loss_test,r2_test
105347080.0,0.9759678938142416,1229898.25,0.922632450212236
103272296.0,0.9738569187823765,1200728.875,0.9244673705822155
60608176.0,0.9797892035376067,740996.625,0.9533871248391996
44083032.0,0.9766157419354906,572106.3125,0.9640112769800362
55375064.0,0.9598840954914414,735373.375,0.9537408564815097
42224012.0,0.9581875694259027,594896.375,0.9625776510052383
35347324.0,0.9659839764243182,531415.0,0.9665709907316458
34818816.0,0.9649336101572743,499171.4375,0.9685992951686333
35606228.0,0.9827764198754277,503350.96875,0.9683363765396561
