loss,r2,loss_test,r2_test
83748584.0,0.9560745755429623,1182863.0,0.9255912290855637
66280216.0,0.9656576133827883,942891.5625,0.9406867871076401
42967592.0,0.9791134366356874,652791.8125,0.958935706503436
43077648.0,0.9706810440503825,656474.4375,0.958704043379236
32734558.0,0.9868632883880069,590769.625,0.9628372534588248
30441764.0,0.98066197688947,524382.6875,0.9670133650349794
26324994.0,0.9916764335170785,501316.09375,0.9684643829290368
27841424.0,0.9876990991766251,533871.6875,0.9664164548452864
24212212.0,0.9931598050139842,485416.0625,0.9694645856701875
