loss,r2,loss_test,r2_test
115100304.0,0.6389414147419468,1184337.125,0.9254985010944449
94257224.0,0.6890196718011252,971797.75,0.9388684243276564
74249096.0,0.7287096484628675,783616.75,0.9507060766899185
48294684.0,0.8449672292978958,605651.4375,0.961901097779011
55693164.0,0.9264694940470188,714479.375,0.9550552057068753
49149300.0,0.9296047664254168,612628.875,0.9614621803781288
34713628.0,0.9827562020613774,489172.53125,0.9692282816565205
31800518.0,0.9859443356996244,477154.46875,0.9699842843580082
56939092.0,0.9669087587229878,691901.8125,0.956475463287703
