loss,r2,loss_test,r2_test
109298984.0,0.9799880033004955,1190802.375,0.9250918002748337
88757640.0,0.9911043784217304,990826.1875,0.9376714277869541
61889068.0,0.987320990832349,785725.6875,0.9505734129539453
62632084.0,0.9602918053850413,772387.9375,0.9514124306757377
41724924.0,0.9841754214507586,568088.0625,0.9642640475461366
56957456.0,0.9525641853880789,692555.0625,0.9564343712931749
35874848.0,0.9827865718008242,509255.0,0.9679649798769219
42583452.0,0.9823924822825855,627142.375,0.9605491992524265
33765960.0,0.9877562177928653,553355.4375,0.9651908172391475
