loss,r2,loss_test,r2_test
101868824.0,0.9266974392253,1186559.375,0.9253587112814451
81545800.0,0.9426487947127774,988270.375,0.9378322004548267
74378256.0,0.9203519174093823,929088.4375,0.9415550839826029
47590652.0,0.9640807700074604,658659.6875,0.958566579853374
53617380.0,0.9605961546350432,810916.3125,0.9489887810274609
38065972.0,0.9735659391340422,597906.6875,0.962388286012859
36125072.0,0.96879695917743,537484.5,0.9661891874064834
33869216.0,0.9748627131523352,527898.3125,0.9667922151482642
32838974.0,0.9752453405566636,525745.8125,0.9669276200415907
