loss,r2,loss_test,r2_test
43173844.0,0.9813464290684245,848856.875,0.9466020982640352
53159000.0,0.9566509749483347,1038366.375,0.9346808813873996
23128340.0,0.9853421653384667,446574.1875,0.9719079562951702
22133222.0,0.9863960847548608,469382.78125,0.9704731703535288
21418780.0,0.9850043388489973,437254.5625,0.9724942167164983
20102072.0,0.9829287960171861,434179.90625,0.9726876278705413
16973134.0,0.9816349559033354,411025.46875,0.9741441758217809
15669368.0,0.9884507935948603,392206.1875,0.9753280141037919
