loss,r2,loss_test,r2_test
41319176.0,0.16635269901721883,13610558.0,0.1438189146676433
1348189.375,0.9881478965769892,636941.0625,0.9599328045920422
561134.3125,0.991484314740775,469190.65625,0.9704852550980421
469191.25,0.9930740907535266,480993.6875,0.9697427820295645
446854.3125,0.9943453550895648,465506.65625,0.9707169969983295
434139.71875,0.9945245176214508,434643.25,0.972658482690299
315530.3125,0.9959551168479231,444302.0625,0.9720508885118389
306593.8125,0.99350722561616,415702.0,0.973849993513786
