loss,r2,loss_test,r2_test
1385851.25,0.937358790017176,1282332.25,0.9193340557054591
961323.25,0.9662597929738618,1123206.875,0.9293439349364442
521547.375,0.9811372442365536,810649.5,0.9490055669030424
