loss,r2,loss_test,r2_test
1805322.875,0.9601494134572465,1250883.0,0.9213123830633595
844813.125,0.9856581627396492,876667.5,0.9448526588109115
