loss,r2,loss_test,r2_test
32923700.0,0.876649004682524,1107041.625,0.930360817628208
