loss,r2,loss_test,r2_test
8245058.0,0.9467072101617703,600478.1875,0.9622265275864403
