loss,r2,loss_test,r2_test
4197293.5,0.9235419275113126,1215718.125,0.9235244572389902
