loss,r2,loss_test,r2_test
92067488.0,0.9847702531241325,1084540.5,0.9317762674371896
