loss,r2,loss_test,r2_test
3728957.25,0.9643970408345595,1260581.75,0.9207022843331766
3644676.75,0.967577109672788,1228890.875,0.922695821934293
3980325.25,0.9440119935643361,1155288.375,0.9273258312417961
