loss,r2,loss_test,r2_test
5496773.0,0.9640840072947524,1200753.875,0.9244657888055577
4668455.0,0.9734492004665831,1122387.75,0.9293954662030968
