loss,r2,loss_test,r2_test
93530088.0,0.9537484328266116,1210873.75,0.9238291980265806
92740928.0,0.9467969526525197,1156203.25,0.9272682822424531
81545000.0,0.9521991237234866,1063705.0,0.9330869351685256
