loss,r2,loss_test,r2_test
5133581.0,0.8708290176074667,1291885.125,0.9187331232691449
