loss,r2,loss_test,r2_test
2292690.0,0.9938231677495234,1259712.25,0.9207569757708733
2215394.5,0.9939643481321743,1257936.375,0.9208686985715836
