loss,r2,loss_test,r2_test
84026272.0,0.032588385794471764,15457475.0,0.027637355611373482
4360451.0,0.9722071330004876,1229730.25,0.9226430164320373
3726225.75,0.9743425935459606,1133042.375,0.9287252254025815
