loss,r2,loss_test,r2_test
401249472.0,-0.004602155616949766,15360849.0,0.03371580030270116
41652136.0,0.9170738155696543,1322774.625,0.9167900039431384
32932632.0,0.9186465694851359,1068567.5,0.9327810652419476
29563284.0,0.93031156187076,1084347.125,0.9317884327949967
17866130.0,0.9636452284129504,706351.9375,0.9555664698134204
