loss,r2,loss_test,r2_test
606498496.0,0.9711914521109954,1111688.75,0.9300684925666806
308806912.0,0.9870562664110807,586907.5625,0.9630801952739673
311875552.0,0.994035520555871,575888.0625,0.9637733802172315
252138880.0,0.9856353727432764,480523.28125,0.9697723668038485
234262816.0,0.9857744332642528,462854.75,0.9708838189834198
