loss,r2,loss_test,r2_test
83015488.0,0.933228337528442,1214972.875,0.9235713361787488
80109464.0,0.9338621438194038,1183286.25,0.925564605146742
73916280.0,0.944148860498836,1101549.375,0.9307063158622483
47711804.0,0.9632587692850434,739918.875,0.9534549150986873
31193592.0,0.9749038543509683,493957.28125,0.9689272918397037
24458740.0,0.9801061063723334,401125.375,0.9747669456053012
23253916.0,0.9788724464830905,389518.125,0.9754971076869926
22437258.0,0.9826389806147348,379496.25,0.9761275405321367
