loss,r2,loss_test,r2_test
78549184.0,0.7249483406768993,5097874.5,0.67931488735462
84262056.0,0.7420961247638327,4724986.0,0.7027716625569528
78671240.0,0.7785090675216453,4228587.5,0.733997903414757
67940008.0,0.8051985813235196,3818964.5,0.7597655417644357
37393052.0,0.8429060856993411,3351773.75,0.7891544808573219
3126672.0,0.9698284332760854,877898.4375,0.9447752257264743
2993758.5,0.9761843997602494,704615.1875,0.9556757234788696
3581195.5,0.9646319103945495,670497.4375,0.9578219228485058
2668323.5,0.9729333552772083,624931.625,0.9606882679210906
