loss,r2,loss_test,r2_test
215948080.0,0.31237106264155445,1295008.75,0.9185366255540033
200741584.0,0.4219072830620548,1231963.75,0.9225025104712916
181820928.0,0.46061917221862636,1133430.875,0.9287007882620842
157426496.0,0.49074876375888876,998140.3125,0.9372113312300439
230539440.0,0.0363409139114248,1414252.0,0.911035547375712
104379272.0,0.7047877612879891,656686.25,0.9586907226719081
95522920.0,0.8222060311942128,624341.0625,0.9607254153225792
88771080.0,0.8760209025103026,583626.125,0.9632866132669018
109118568.0,0.907505622341317,724300.5,0.9544374006939359
