loss,r2,loss_test,r2_test
904797120.0,0.9076502763669019,1213996.125,0.9236327789078856
704363968.0,0.9289423954685562,1077905.375,0.9321936591042739
567093184.0,0.8858471685894709,931974.3125,0.9413735504841172
399462304.0,0.953833279720319,694405.75,0.9563179506399956
450125120.0,0.9604575564020359,827964.75,0.9479163352927802
