loss,r2,loss_test,r2_test
51030528.0,0.9178464226967549,1158110.375,0.9271483031656067
34287828.0,0.9295879206134353,831632.1875,0.9476856358875168
31839084.0,0.9622065621200869,730820.25,0.9540272781449353
25636556.0,0.9376238732441798,639743.25,0.9597565328896791
30628572.0,0.9060633188344149,718099.25,0.9548274936836776
