loss,r2,loss_test,r2_test
63207276.0,0.927884322552585,1230850.125,0.9225725685226105
42112096.0,0.9375369510196345,813600.25,0.948819937718442
