loss,r2,loss_test,r2_test
84931104.0,0.9320752864751493,1363409.625,0.9142338263074095
70361168.0,0.9852523211369415,1270873.75,0.9200548544866235
60944660.0,0.9797410840980602,1054478.5,0.9336673357166358
35809616.0,0.9857996114650934,631525.0,0.9602735070664113
