loss,r2,loss_test,r2_test
72239560.0,0.8986603801045082,1272201.5,0.9199713388252834
70874984.0,0.894811180047868,1262477.0,0.9205830616146158
64179216.0,0.907340126922187,1157364.75,0.9271952137677635
51098548.0,0.9217805856617003,957319.4375,0.9397791934547014
45625348.0,0.9207553058754916,873959.8125,0.9450229833816106
42000148.0,0.9353434361550295,828269.8125,0.9478971437113025
32008824.0,0.9624075107185162,656907.875,0.9586767815887257
40262516.0,0.9680628591019881,785631.25,0.9505793518711197
