loss,r2,loss_test,r2_test
74346912.0,0.9522475785904444,1140158.625,0.9282775831439171
36874360.0,0.9692641984244997,601069.625,0.9621893203198636
