loss,r2,loss_test,r2_test
37284808.0,0.9088995591504645,610582.875,0.9615908853794591
