loss,r2,loss_test,r2_test
321428992.0,0.009291627952461745,14889937.0,0.06333874054662092
303704096.0,-0.05836203859143718,13963247.0,0.12163283460492069
252343536.0,0.23978780866955252,11590904.0,0.27086656420125643
76498880.0,0.6936746025457948,3059279.25,0.8075540325795207
