loss,r2,loss_test,r2_test
336227424.0,0.06374156971969958,14715953.0,0.07428342743803507
319593408.0,0.09483301326249183,13973512.0,0.12098709653442763
232472592.0,0.3229683913984982,10270274.0,0.35394167921357134
66265324.0,0.8233736561310192,3029639.75,0.8094185203833022
