loss,r2,loss_test,r2_test
341859168.0,0.055334214531124304,14864929.0,0.06491192142220759
317075424.0,0.14347901361608184,13788375.0,0.132633215869427
256360480.0,0.34572422071141096,11149813.0,0.2986136703230047
68742344.0,0.7334071887807287,2929835.5,0.8156967782040155
