loss,r2,loss_test,r2_test
45960296.0,0.953250496661346,681542.625,0.9571271162766817
24602296.0,0.9723247129447259,389370.84375,0.9755063718105415
