loss,r2,loss_test,r2_test
153159952.0,0.9475814580180272,1081107.5,0.9319922193010889
117834672.0,0.9413378162896163,876390.8125,0.9448700680970723
79209384.0,0.8975100440782868,633788.625,0.960131113722441
52118076.0,0.8979922953096419,427879.09375,0.9730839832561997
46101932.0,0.9215146364334122,378527.90625,0.9761884533976276
