loss,r2,loss_test,r2_test
224753904.0,0.8675794783129955,1591060.75,0.8999132816973898
193834928.0,0.9109241704253229,1359804.75,0.9144605881759762
238930336.0,0.8809912770925148,1771040.875,0.8885915220460653
163627792.0,0.931195221207586,1168197.625,0.9265137691010518
146442064.0,0.9359974491507904,1059508.5,0.9333509263774847
