loss,r2,loss_test,r2_test
70787864.0,0.9631332068332861,1291470.0,0.9187592354004973
