loss,r2,loss_test,r2_test
4374456.0,0.8618369308786809,2732930.0,0.8280832432825439
2014038.25,0.9551755677614834,1318646.0,0.9170497050617425
2152552.0,0.9109878219580497,1357150.5,0.9146275651993465
1835145.625,0.9588087041904385,1194148.75,0.9248812881422268
