loss,r2,loss_test,r2_test
2457688.0,0.13947116772726265,1330669.0,0.9162933943728669
