loss,r2,loss_test,r2_test
2112421.0,0.9525796359155453,1297597.875,0.9183737639502738
1727469.75,0.9646960367053764,1267074.5,0.9202938552444975
1379316.5,0.9776629875525928,1271804.0,0.9199963402915118
