loss,r2,loss_test,r2_test
36618932.0,0.9596274132917192,1765268.375,0.8889546284183032
26181288.0,0.9798291990611477,1239029.5,0.922058036546684
25038114.0,0.9803134648281371,1181741.5,0.9256617730606173
25617490.0,0.9790882907687307,1204983.75,0.9241997052982186
