loss,r2,loss_test,r2_test
26813286.0,0.9377097076995916,1198917.75,0.9245812858988216
