loss,r2,loss_test,r2_test
1219584.375,0.9247093544986917,1332366.25,0.9161866268324667
1130851.75,0.93630147237594,1264456.625,0.9204585337566987
1057582.0,0.9458790341497266,1241323.25,0.9219137430297608
1003010.0,0.9409349956804713,1211044.625,0.923818440232792
904501.875,0.9560821785615563,1147113.125,0.9278400876701143
847006.875,0.9593457936081256,1127028.5,0.9291035274857101
814876.9375,0.9544674235028281,1109287.25,0.930219558089596
780026.5625,0.9542494223502914,1087730.625,0.9315755965161205
784646.375,0.9521015396308858,1077962.125,0.932190083386208
