loss,r2,loss_test,r2_test
3271835.5,0.9387446303143567,1573439.25,0.9010217772164231
3018478.0,0.9494586100109129,1422460.375,0.9105191971836433
2857385.5,0.9511337537268774,1429071.0,0.9101033485844251
2672293.0,0.9530070567257398,1385533.5,0.9128421113115114
2619525.5,0.9480075902238243,1346189.5,0.9153170672316927
2193413.5,0.9598687186141334,1230176.75,0.9226149322662177
1911800.0,0.9621793162636779,1126939.375,0.9291091354826541
1667340.125,0.966037062878882,1093950.125,0.9311843531606484
1488094.75,0.9650814644065194,1028330.1875,0.9353122235964164
