loss,r2,loss_test,r2_test
34560720.0,0.9530882216280163,1235216.375,0.9222979110275458
34826700.0,0.9528034235864276,1223935.375,0.9230075465577913
32986048.0,0.9583725845409802,1171892.75,0.9262813171028175
35804068.0,0.9526509754061613,1234496.25,0.9223432102265103
32299028.0,0.955107463699878,1199020.125,0.9245748564849403
30067844.0,0.9601149794353241,1090907.25,0.9313757698632498
29509962.0,0.9628454720048758,1044536.5,0.9342927469827602
28393650.0,0.9601745258227509,1024677.375,0.9355420053528124
27305202.0,0.9613313110835043,966374.75,0.9392095664490463
