loss,r2,loss_test,r2_test
4540682.5,0.8352803674786118,1351207.25,0.9150014153197467
4302623.5,0.8408503713185195,1276553.875,0.9196975516327054
4248200.0,0.8406224900667434,1225997.75,0.9228778098753907
3993929.75,0.8531504710611585,1253794.625,0.9211292267944691
3660924.5,0.8652192961633982,1183009.875,0.9255819912943437
3409789.75,0.8782764673578585,1193450.125,0.9249252361272072
3257246.5,0.8806540919797142,1125724.25,0.9291855766328047
2999687.0,0.889517978081956,1064254.75,0.9330523519889757
2684490.25,0.9037860673033122,1025276.875,0.9355042877833577
