loss,r2,loss_test,r2_test
307736160.0,0.13900646993036092,12331217.0,0.22429671121402173
