loss,r2,loss_test,r2_test
381988736.0,0.05664441866162917,14449968.0,0.09101529602475689
