loss,r2,loss_test,r2_test
371699136.0,0.07016046616086924,14609542.0,0.0809771899420656
323930496.0,0.1907400903106563,12654385.0,0.20396762305511007
106969600.0,0.7869844133207109,3986028.5,0.7492562729343046
48868236.0,0.928254165817873,1906252.875,0.8800859273724846
