loss,r2,loss_test,r2_test
329818240.0,0.04989803531296988,12771617.0,0.19659305037945918
72853992.0,0.8064952779671721,3013854.0,0.8104115500361155
