loss,r2,loss_test,r2_test
415750304.0,0.07536846966127009,14565296.0,0.08376059764491706
353537856.0,0.23720242238290257,12330688.0,0.22432990613463777
