loss,r2,loss_test,r2_test
121138168.0,0.9746121738927005,1258019.75,0.9208634410345913
105227736.0,0.9800681786464222,1125702.75,0.9291869308811754
89354096.0,0.9870877149464224,977037.875,0.9385387941339323
66621136.0,0.992851624977622,807546.25,0.9492007757572253
49238940.0,0.9970909214468952,594422.8125,0.9626074394996577
47396496.0,0.9911828500026052,555023.1875,0.9650858999470456
