loss,r2,loss_test,r2_test
113979144.0,0.964303992606658,1125829.25,0.9291789731961725
