loss,r2,loss_test,r2_test
34443976.0,0.9362616128740914,1266861.0,0.9203072815511395
30185194.0,0.9423050912659483,1135644.375,0.9285615473042579
20553618.0,0.9683864072139761,788665.125,0.9503885030475963
19841524.0,0.973180806963048,797865.9375,0.9498097267616593
