loss,r2,loss_test,r2_test
30639328.0,0.9644683115749464,1111784.125,0.9300624915823917
18339444.0,0.9809689141584101,754566.1875,0.9525335158217137
