loss,r2,loss_test,r2_test
35497556.0,0.9692070708095883,1124238.625,0.9292790329874057
