loss,r2,loss_test,r2_test
25043884.0,0.9371221261596041,1167840.375,0.9265362353626933
23996354.0,0.942053199150515,1123610.25,0.929318567699024
19262526.0,0.9600324762373935,914657.4375,0.9424628734276707
19256052.0,0.9607358275127673,914656.375,0.9424629361951473
