loss,r2,loss_test,r2_test
44339960.0,0.9509709572856248,1494299.625,0.9060001151456968
35336548.0,0.9706504045503959,1214071.5,0.9236280401173513
32662148.0,0.9765767847081294,1178351.875,0.9258750009079044
25280370.0,0.9700021208687759,866997.9375,0.945460924325417
21319338.0,0.9750560173661397,841031.125,0.9470943916812127
