loss,r2,loss_test,r2_test
605977664.0,0.9405252742086485,1013777.375,0.936227672545127
295169888.0,0.9546536748330274,552210.5625,0.9652628324935267
266032544.0,0.953895527075885,479423.875,0.9698415278630078
226866368.0,0.9716778489744268,456500.4375,0.9712835414765786
216738464.0,0.9738028714065188,421377.5625,0.9734929664681585
