loss,r2,loss_test,r2_test
164238528.0,0.9326156555161322,1188011.25,0.9252673772191973
121168688.0,0.9435010586161043,895656.3125,0.9436581531189162
42106760.0,0.9760916412536408,344676.75,0.9783178841780125
43192280.0,0.9785574059814707,356447.1875,0.9775774558998545
43159264.0,0.9801533811497585,366626.34375,0.9769371296753938
