loss,r2,loss_test,r2_test
119453312.0,0.9695657586632153,1316334.875,0.917195089605531
119776400.0,0.9713493693512905,1334876.875,0.916028703463759
110871992.0,0.9606079551026326,1195108.75,0.9248209058854636
112716320.0,0.9430781651235651,1133578.375,0.9286915080333943
97719576.0,0.9653219620481407,1087139.125,0.9316127976105297
90161184.0,0.9624425582630722,967107.4375,0.939163474273624
70111232.0,0.9624984565260459,748382.1875,0.9529225306753659
69095456.0,0.9849692397281707,851395.625,0.9464424059274106
56089256.0,0.9660727272010835,619567.9375,0.9610256732657868
