loss,r2,loss_test,r2_test
6153000.0,0.8961100031358411,1309368.75,0.9176332991070076
5853067.0,0.8889416969188547,1253477.75,0.9211491657150581
5746274.0,0.8871962015495808,1262558.625,0.9205779286557519
5608900.5,0.8880474397212792,1347361.125,0.9152433757081261
4289253.0,0.9378262460865536,1108042.0,0.9302978872016946
3123120.75,0.9535695427996118,1065140.125,0.9329966648908613
2728920.0,0.9485680949262424,1004119.5,0.9368352015146981
