loss,r2,loss_test,r2_test
5040572.0,0.8585945842265251,1303060.375,0.918030142868749
4733799.5,0.8766644299774983,1308382.75,0.9176953243768409
4010684.5,0.9064547927790705,1208840.5,0.9239570985703796
3680736.0,0.9190242548478413,1169215.125,0.9264497555960964
1976858.5,0.9603346963033295,928594.375,0.9415861614434979
1272783.5,0.9707315945862331,732530.75,0.9539196715099688
1143412.375,0.97101835446911,711417.0625,0.9552478431050188
