loss,r2,loss_test,r2_test
2447585.0,0.9925996250391729,1243379.75,0.9217843829135537
2403250.5,0.9900071315539136,1293836.75,0.9186103616638418
1566097.0,0.9941541881233228,917492.625,0.9422845286119502
1419108.625,0.9951421066846267,832955.75,0.9476023686382756
1355536.625,0.9924766715133134,785165.0,0.9506086814006576
1233778.625,0.9921801341353007,678150.25,0.9573405099587211
1505517.25,0.9848413921540863,739340.0625,0.9534913309738262
