loss,r2,loss_test,r2_test
6404687.0,0.9573924345315583,1320420.25,0.9169380977131727
6561825.5,0.9593612404765276,1249493.25,0.9213998016568199
5824482.5,0.964723762482195,1194138.75,0.924881917455558
5040176.5,0.9716513512238568,1114405.0,0.9298976266501618
3501973.0,0.9783760988641711,1029338.875,0.9352487678725836
2794200.75,0.9794648280885144,931952.75,0.9413748992793364
2511698.0,0.9803417030381247,882071.75,0.9445126987167546
2421749.0,0.9676778432004657,698916.0,0.9560342301690771
