loss,r2,loss_test,r2_test
122955160.0,0.8570776404914637,1239032.875,0.9220578282612493
120744152.0,0.8626839951347293,1231333.375,0.9225421662806191
120002528.0,0.8633852831750207,1230998.5,0.9225632340264995
128095376.0,0.8759390415004571,1256322.0,0.9209702552889749
100284384.0,0.8957969933711655,979640.4375,0.9383750785903766
92858856.0,0.9085196014406456,898091.5,0.9435049696198848
62473812.0,0.947965861873876,600821.375,0.9622049404015779
