loss,r2,loss_test,r2_test
51259692.0,0.9705454222594219,1180578.5,0.9257349412870985
44743636.0,0.9744633443973935,1055175.5,0.9336234905329062
27473442.0,0.9820244115279763,748149.5625,0.9529371589491774
19074764.0,0.9723111742394528,578965.1875,0.9635798169368768
14019935.0,0.993724378882445,459360.40625,0.9711036336098698
10203528.0,0.9951104486833878,423427.03125,0.97336404351013
