loss,r2,loss_test,r2_test
53226336.0,0.8177239382706029,1207814.875,0.9240216159175871
14897589.0,0.9310478224178871,479406.6875,0.9698426077336079
14222114.0,0.9275666278299144,460554.40625,0.9710285240472375
22970436.0,0.8896480364256287,637073.5,0.9599244737026863
