loss,r2,loss_test,r2_test
44292788.0,0.8988650844939995,1080716.75,0.9320168037455597
