loss,r2,loss_test,r2_test
104209064.0,0.5888935993596023,7085005.5,0.5543131051280517
21365944.0,0.8039180351292673,1252281.375,0.9212244131059217
20538848.0,0.8332140951572085,1226344.75,0.9228559788963181
19708988.0,0.8311573743323236,1181134.5,0.9256999627403478
