loss,r2,loss_test,r2_test
19723600.0,0.923835078042346,1239648.625,0.9220190969154102
19507950.0,0.9269818344026107,1230146.875,0.9226168101437354
18926620.0,0.9232882685993714,1256291.25,0.920972184730448
19244716.0,0.9184815657781825,1309540.375,0.9176225013073525
