loss,r2,loss_test,r2_test
71740248.0,0.7421551609270036,4791301.5,0.6986000713804771
18432212.0,0.9654951860234675,1283651.125,0.9192510889002016
