loss,r2,loss_test,r2_test
16429344.0,0.9404147251591554,1392071.625,0.9124308252916199
14276388.0,0.9473139615147106,1256676.25,0.920947960793394
14378320.0,0.9423354940096207,1271277.5,0.9200294544217508
15194423.0,0.9347523893129869,1335385.75,0.915996686102516
13520766.0,0.9511870518650125,1192386.375,0.9249921505079998
