loss,r2,loss_test,r2_test
200932800.0,0.044649788337161045,14819896.0,0.06774477052950911
97363880.0,0.4889288220568946,7232238.0,0.5450513680368119
21055028.0,0.9195474115271495,1618745.0,0.8981717819111422
16908708.0,0.9462091806738049,1310167.125,0.9175830766356445
17143816.0,0.9461066598369146,1329875.25,0.9163433207636867
17223440.0,0.9445230459157314,1292831.25,0.9186736064296587
16036539.0,0.95329230604509,1224320.875,0.9229832937932178
16139552.0,0.95314479778775,1213939.375,0.9236363437263871
16041381.0,0.9539155857330935,1200824.75,0.9244613364186407
