loss,r2,loss_test,r2_test
22682332.0,0.8976349752458473,1509668.125,0.9050333415476722
19179522.0,0.9334003130717078,1295839.0,0.9184844011873179
17088582.0,0.95760173887531,1183928.5,0.9255241949279341
